model,arm,source_run,decision_type,scenario_id,failed,kendall_tau,top1,mae
deepseek,extracted,,HVAC,1,False,1.0,1.0,0.012499999999999992
deepseek,default_params,,HVAC,1,False,1.0,1.0,0.01166666666666664
deepseek,extracted_per_run,shippedrun_01,HVAC,1,False,1.0,1.0,0.023333333333333317
deepseek,extracted_per_run,shippedrun_02,HVAC,1,False,1.0,1.0,0.01416666666666666
deepseek,extracted_per_run,shippedrun_03,HVAC,1,False,1.0,1.0,0.014999999999999977
deepseek,extracted_per_run,shippedrun_04,HVAC,1,False,1.0,1.0,0.011666666666666659
deepseek,extracted_per_run,shippedrun_05,HVAC,1,False,1.0,1.0,0.017499999999999977
deepseek,order_control,control_01,HVAC,1,False,1.0,1.0,0.011666666666666659
deepseek,order_control,control_02,HVAC,1,False,1.0,1.0,0.011666666666666659
deepseek,order_control,control_03,HVAC,1,False,1.0,1.0,0.017499999999999977
deepseek,order_reversed,reversed_01,HVAC,1,False,1.0,1.0,0.012499999999999975
deepseek,order_reversed,reversed_02,HVAC,1,False,1.0,1.0,0.023333333333333317
deepseek,order_reversed,reversed_03,HVAC,1,False,1.0,1.0,0.014999999999999977
deepseek,order_reversed,reversed_04,HVAC,1,False,1.0,1.0,0.02583333333333332
deepseek,order_reversed,reversed_05,HVAC,1,False,1.0,1.0,0.02583333333333332
deepseek,extracted,,HVAC,2,False,1.0,1.0,0.02416666666666666
deepseek,default_params,,HVAC,2,False,1.0,1.0,0.03249999999999998
deepseek,extracted_per_run,shippedrun_01,HVAC,2,False,0.33333333333333337,0.0,0.08749999999999998
deepseek,extracted_per_run,shippedrun_02,HVAC,2,False,1.0,1.0,0.005833333333333339
deepseek,extracted_per_run,shippedrun_03,HVAC,2,False,1.0,1.0,0.021666666666666667
deepseek,extracted_per_run,shippedrun_04,HVAC,2,False,1.0,1.0,0.021666666666666667
deepseek,extracted_per_run,shippedrun_05,HVAC,2,False,1.0,1.0,0.021666666666666667
deepseek,order_control,control_01,HVAC,2,False,1.0,1.0,0.021666666666666667
deepseek,order_control,control_02,HVAC,2,False,1.0,1.0,0.021666666666666667
deepseek,order_control,control_03,HVAC,2,False,1.0,1.0,0.021666666666666667
deepseek,order_reversed,reversed_01,HVAC,2,False,1.0,1.0,0.021666666666666667
deepseek,order_reversed,reversed_02,HVAC,2,False,1.0,1.0,0.021666666666666667
deepseek,order_reversed,reversed_03,HVAC,2,False,1.0,1.0,0.021666666666666667
deepseek,order_reversed,reversed_04,HVAC,2,False,1.0,1.0,0.021666666666666667
deepseek,order_reversed,reversed_05,HVAC,2,False,1.0,1.0,0.021666666666666667
deepseek,extracted,,HVAC,3,False,1.0,1.0,0.03666666666666666
deepseek,default_params,,HVAC,3,False,1.0,1.0,0.04833333333333333
deepseek,extracted_per_run,shippedrun_01,HVAC,3,False,1.0,1.0,0.04
deepseek,extracted_per_run,shippedrun_02,HVAC,3,False,1.0,1.0,0.045000000000000005
deepseek,extracted_per_run,shippedrun_03,HVAC,3,False,1.0,1.0,0.045000000000000005
deepseek,extracted_per_run,shippedrun_04,HVAC,3,False,1.0,1.0,0.045000000000000005
deepseek,extracted_per_run,shippedrun_05,HVAC,3,False,1.0,1.0,0.045000000000000005
deepseek,order_control,control_01,HVAC,3,False,1.0,1.0,0.045000000000000005
deepseek,order_control,control_02,HVAC,3,False,1.0,1.0,0.045000000000000005
deepseek,order_control,control_03,HVAC,3,False,1.0,1.0,0.045000000000000005
deepseek,order_reversed,reversed_01,HVAC,3,False,1.0,1.0,0.04750000000000001
deepseek,order_reversed,reversed_02,HVAC,3,False,1.0,1.0,0.045000000000000005
deepseek,order_reversed,reversed_03,HVAC,3,False,1.0,1.0,0.045000000000000005
deepseek,order_reversed,reversed_04,HVAC,3,False,1.0,1.0,0.045000000000000005
deepseek,order_reversed,reversed_05,HVAC,3,False,1.0,1.0,0.045000000000000005
deepseek,extracted,,HVAC,4,False,1.0,1.0,0.02250000000000002
deepseek,default_params,,HVAC,4,False,1.0,1.0,0.043333333333333335
deepseek,extracted_per_run,shippedrun_01,HVAC,4,False,1.0,1.0,0.06083333333333335
deepseek,extracted_per_run,shippedrun_02,HVAC,4,False,1.0,1.0,0.01583333333333335
deepseek,extracted_per_run,shippedrun_03,HVAC,4,False,1.0,1.0,0.01583333333333335
deepseek,extracted_per_run,shippedrun_04,HVAC,4,False,1.0,1.0,0.01583333333333335
deepseek,extracted_per_run,shippedrun_05,HVAC,4,False,1.0,1.0,0.01833333333333335
deepseek,order_control,control_01,HVAC,4,False,1.0,1.0,0.01583333333333335
deepseek,order_control,control_02,HVAC,4,False,1.0,1.0,0.01583333333333335
deepseek,order_control,control_03,HVAC,4,False,1.0,1.0,0.01583333333333335
deepseek,order_reversed,reversed_01,HVAC,4,False,1.0,1.0,0.01583333333333335
deepseek,order_reversed,reversed_02,HVAC,4,False,1.0,1.0,0.01583333333333335
deepseek,order_reversed,reversed_03,HVAC,4,False,1.0,1.0,0.01583333333333335
deepseek,order_reversed,reversed_04,HVAC,4,False,1.0,1.0,0.01583333333333335
deepseek,order_reversed,reversed_05,HVAC,4,False,1.0,1.0,0.01583333333333335
deepseek,extracted,,HVAC,5,False,1.0,1.0,0.05249999999999999
deepseek,default_params,,HVAC,5,False,0.33333333333333337,1.0,0.020833333333333325
deepseek,extracted_per_run,shippedrun_01,HVAC,5,False,0.33333333333333337,1.0,0.029166666666666664
deepseek,extracted_per_run,shippedrun_02,HVAC,5,False,1.0,1.0,0.060833333333333316
deepseek,extracted_per_run,shippedrun_03,HVAC,5,False,-0.33333333333333337,0.0,0.1075
deepseek,extracted_per_run,shippedrun_04,HVAC,5,False,1.0,1.0,0.06333333333333331
deepseek,extracted_per_run,shippedrun_05,HVAC,5,False,1.0,1.0,0.06333333333333331
deepseek,order_control,control_01,HVAC,5,False,0.33333333333333337,1.0,0.05416666666666665
deepseek,order_control,control_02,HVAC,5,False,0.33333333333333337,1.0,0.04833333333333333
deepseek,order_control,control_03,HVAC,5,False,1.0,1.0,0.05249999999999999
deepseek,order_reversed,reversed_01,HVAC,5,False,0.33333333333333337,1.0,0.05416666666666665
deepseek,order_reversed,reversed_02,HVAC,5,False,0.33333333333333337,1.0,0.05416666666666665
deepseek,order_reversed,reversed_03,HVAC,5,False,1.0,1.0,0.06333333333333331
deepseek,order_reversed,reversed_04,HVAC,5,False,0.33333333333333337,1.0,0.04833333333333333
deepseek,order_reversed,reversed_05,HVAC,5,False,0.33333333333333337,1.0,0.05666666666666665
deepseek,extracted,,HVAC,6,False,0.33333333333333337,0.0,0.09749999999999996
deepseek,default_params,,HVAC,6,False,1.0,1.0,0.08249999999999999
deepseek,extracted_per_run,shippedrun_01,HVAC,6,False,1.0,1.0,0.0325
deepseek,extracted_per_run,shippedrun_02,HVAC,6,False,-1.0,0.0,0.18166666666666664
deepseek,extracted_per_run,shippedrun_03,HVAC,6,False,-1.0,0.0,0.18166666666666664
deepseek,extracted_per_run,shippedrun_04,HVAC,6,False,-1.0,0.0,0.25499999999999995
deepseek,extracted_per_run,shippedrun_05,HVAC,6,False,-1.0,0.0,0.25499999999999995
deepseek,order_control,control_01,HVAC,6,False,-0.33333333333333337,0.0,0.13249999999999995
deepseek,order_control,control_02,HVAC,6,False,-1.0,0.0,0.18166666666666664
deepseek,order_control,control_03,HVAC,6,False,-1.0,0.0,0.18166666666666664
deepseek,order_reversed,reversed_01,HVAC,6,False,-1.0,0.0,0.25499999999999995
deepseek,order_reversed,reversed_02,HVAC,6,False,1.0,1.0,0.04416666666666664
deepseek,order_reversed,reversed_03,HVAC,6,False,-1.0,0.0,0.25499999999999995
deepseek,order_reversed,reversed_04,HVAC,6,False,-1.0,0.0,0.25499999999999995
deepseek,order_reversed,reversed_05,HVAC,6,False,-1.0,0.0,0.18166666666666664
deepseek,extracted,,HVAC,7,False,1.0,1.0,0.11916666666666668
deepseek,default_params,,HVAC,7,False,1.0,1.0,0.12666666666666668
deepseek,extracted_per_run,shippedrun_01,HVAC,7,False,1.0,1.0,0.09833333333333331
deepseek,extracted_per_run,shippedrun_02,HVAC,7,False,1.0,1.0,0.4133333333333333
deepseek,extracted_per_run,shippedrun_03,HVAC,7,False,1.0,1.0,0.3808333333333333
deepseek,extracted_per_run,shippedrun_04,HVAC,7,False,1.0,1.0,0.10583333333333333
deepseek,extracted_per_run,shippedrun_05,HVAC,7,False,1.0,1.0,0.4083333333333334
deepseek,order_control,control_01,HVAC,7,False,1.0,1.0,0.4133333333333333
deepseek,order_control,control_02,HVAC,7,False,1.0,1.0,0.10583333333333333
deepseek,order_control,control_03,HVAC,7,False,1.0,1.0,0.4133333333333333
deepseek,order_reversed,reversed_01,HVAC,7,False,1.0,1.0,0.4133333333333333
deepseek,order_reversed,reversed_02,HVAC,7,False,1.0,1.0,0.10583333333333333
deepseek,order_reversed,reversed_03,HVAC,7,False,1.0,1.0,0.4133333333333333
deepseek,order_reversed,reversed_04,HVAC,7,False,1.0,1.0,0.10583333333333333
deepseek,order_reversed,reversed_05,HVAC,7,False,1.0,1.0,0.4133333333333333
deepseek,extracted,,HVAC,8,False,1.0,1.0,0.013333333333333327
deepseek,default_params,,HVAC,8,False,1.0,1.0,0.01166666666666664
deepseek,extracted_per_run,shippedrun_01,HVAC,8,False,1.0,1.0,0.018333333333333313
deepseek,extracted_per_run,shippedrun_02,HVAC,8,False,1.0,1.0,0.021666666666666667
deepseek,extracted_per_run,shippedrun_03,HVAC,8,False,1.0,1.0,0.019166666666666665
deepseek,extracted_per_run,shippedrun_04,HVAC,8,False,1.0,1.0,0.013333333333333317
deepseek,extracted_per_run,shippedrun_05,HVAC,8,False,1.0,1.0,0.013333333333333317
deepseek,order_control,control_01,HVAC,8,False,1.0,1.0,0.01583333333333332
deepseek,order_control,control_02,HVAC,8,False,1.0,1.0,0.01583333333333332
deepseek,order_control,control_03,HVAC,8,False,1.0,1.0,0.019166666666666665
deepseek,order_reversed,reversed_01,HVAC,8,False,1.0,1.0,0.021666666666666667
deepseek,order_reversed,reversed_02,HVAC,8,False,1.0,1.0,0.01583333333333332
deepseek,order_reversed,reversed_03,HVAC,8,False,1.0,1.0,0.013333333333333317
deepseek,order_reversed,reversed_04,HVAC,8,False,1.0,1.0,0.01583333333333332
deepseek,order_reversed,reversed_05,HVAC,8,False,1.0,1.0,0.013333333333333317
deepseek,extracted,,HVAC,9,False,1.0,1.0,0.02416666666666667
deepseek,default_params,,HVAC,9,False,1.0,1.0,0.04083333333333335
deepseek,extracted_per_run,shippedrun_01,HVAC,9,False,1.0,1.0,0.029166666666666674
deepseek,extracted_per_run,shippedrun_02,HVAC,9,False,1.0,1.0,0.02
deepseek,extracted_per_run,shippedrun_03,HVAC,9,False,1.0,1.0,0.025833333333333337
deepseek,extracted_per_run,shippedrun_04,HVAC,9,False,1.0,1.0,0.02
deepseek,extracted_per_run,shippedrun_05,HVAC,9,False,1.0,1.0,0.025833333333333337
deepseek,order_control,control_01,HVAC,9,False,1.0,1.0,0.025833333333333337
deepseek,order_control,control_02,HVAC,9,False,1.0,1.0,0.025833333333333337
deepseek,order_control,control_03,HVAC,9,False,1.0,1.0,0.02
deepseek,order_reversed,reversed_01,HVAC,9,False,1.0,1.0,0.025833333333333337
deepseek,order_reversed,reversed_02,HVAC,9,False,1.0,1.0,0.025833333333333337
deepseek,order_reversed,reversed_03,HVAC,9,False,1.0,1.0,0.025833333333333337
deepseek,order_reversed,reversed_04,HVAC,9,False,1.0,1.0,0.025833333333333337
deepseek,order_reversed,reversed_05,HVAC,9,False,1.0,1.0,0.025833333333333337
deepseek,extracted,,HVAC,10,False,1.0,1.0,0.006666666666666672
deepseek,default_params,,HVAC,10,False,1.0,1.0,0.020000000000000018
deepseek,extracted_per_run,shippedrun_01,HVAC,10,False,1.0,1.0,0.00416666666666667
deepseek,extracted_per_run,shippedrun_02,HVAC,10,False,1.0,1.0,0.00416666666666667
deepseek,extracted_per_run,shippedrun_03,HVAC,10,False,1.0,1.0,0.006666666666666672
deepseek,extracted_per_run,shippedrun_04,HVAC,10,False,1.0,1.0,0.00416666666666667
deepseek,extracted_per_run,shippedrun_05,HVAC,10,False,1.0,1.0,0.00416666666666667
deepseek,order_control,control_01,HVAC,10,False,1.0,1.0,0.00416666666666667
deepseek,order_control,control_02,HVAC,10,False,1.0,1.0,0.00416666666666667
deepseek,order_control,control_03,HVAC,10,False,1.0,1.0,0.00416666666666667
deepseek,order_reversed,reversed_01,HVAC,10,False,1.0,1.0,0.03333333333333333
deepseek,order_reversed,reversed_02,HVAC,10,False,1.0,1.0,0.00416666666666667
deepseek,order_reversed,reversed_03,HVAC,10,False,1.0,1.0,0.00416666666666667
deepseek,order_reversed,reversed_04,HVAC,10,False,1.0,1.0,0.00416666666666667
deepseek,order_reversed,reversed_05,HVAC,10,False,1.0,1.0,0.00416666666666667
deepseek,extracted,,HVAC,11,False,1.0,1.0,0.01416666666666668
deepseek,default_params,,HVAC,11,False,1.0,1.0,0.07166666666666667
deepseek,extracted_per_run,shippedrun_01,HVAC,11,False,1.0,1.0,0.010833333333333342
deepseek,extracted_per_run,shippedrun_02,HVAC,11,False,1.0,1.0,0.022500000000000003
deepseek,extracted_per_run,shippedrun_03,HVAC,11,False,1.0,1.0,0.010833333333333342
deepseek,extracted_per_run,shippedrun_04,HVAC,11,False,1.0,1.0,0.022500000000000003
deepseek,extracted_per_run,shippedrun_05,HVAC,11,False,1.0,1.0,0.010833333333333342
deepseek,order_control,control_01,HVAC,11,False,1.0,1.0,0.022500000000000003
deepseek,order_control,control_02,HVAC,11,False,1.0,1.0,0.022500000000000003
deepseek,order_control,control_03,HVAC,11,False,1.0,1.0,0.022500000000000003
deepseek,order_reversed,reversed_01,HVAC,11,False,1.0,1.0,0.022500000000000003
deepseek,order_reversed,reversed_02,HVAC,11,False,1.0,1.0,0.022500000000000003
deepseek,order_reversed,reversed_03,HVAC,11,False,1.0,1.0,0.015000000000000013
deepseek,order_reversed,reversed_04,HVAC,11,False,1.0,1.0,0.022500000000000003
deepseek,order_reversed,reversed_05,HVAC,11,False,1.0,1.0,0.022500000000000003
deepseek,extracted,,HVAC,12,False,1.0,1.0,0.01583333333333335
deepseek,default_params,,HVAC,12,False,1.0,1.0,0.053333333333333295
deepseek,extracted_per_run,shippedrun_01,HVAC,12,False,1.0,1.0,0.020000000000000018
deepseek,extracted_per_run,shippedrun_02,HVAC,12,False,1.0,1.0,0.010833333333333342
deepseek,extracted_per_run,shippedrun_03,HVAC,12,False,1.0,1.0,0.015000000000000013
deepseek,extracted_per_run,shippedrun_04,HVAC,12,False,1.0,1.0,0.006666666666666672
deepseek,extracted_per_run,shippedrun_05,HVAC,12,False,1.0,1.0,0.015000000000000013
deepseek,order_control,control_01,HVAC,12,False,1.0,1.0,0.03249999999999997
deepseek,order_control,control_02,HVAC,12,False,1.0,1.0,0.006666666666666672
deepseek,order_control,control_03,HVAC,12,False,1.0,1.0,0.03249999999999997
deepseek,order_reversed,reversed_01,HVAC,12,False,1.0,1.0,0.010833333333333342
deepseek,order_reversed,reversed_02,HVAC,12,False,1.0,1.0,0.03249999999999997
deepseek,order_reversed,reversed_03,HVAC,12,False,1.0,1.0,0.03249999999999997
deepseek,order_reversed,reversed_04,HVAC,12,False,1.0,1.0,0.015000000000000013
deepseek,order_reversed,reversed_05,HVAC,12,False,1.0,1.0,0.03249999999999997
deepseek,extracted,,HVAC,13,False,1.0,1.0,0.04749999999999996
deepseek,default_params,,HVAC,13,False,1.0,1.0,0.10416666666666667
deepseek,extracted_per_run,shippedrun_01,HVAC,13,False,1.0,1.0,0.03999999999999995
deepseek,extracted_per_run,shippedrun_02,HVAC,13,False,1.0,1.0,0.04499999999999996
deepseek,extracted_per_run,shippedrun_03,HVAC,13,False,1.0,1.0,0.04916666666666663
deepseek,extracted_per_run,shippedrun_04,HVAC,13,False,1.0,1.0,0.08249999999999998
deepseek,extracted_per_run,shippedrun_05,HVAC,13,False,1.0,1.0,0.04499999999999996
deepseek,order_control,control_01,HVAC,13,False,1.0,1.0,0.03999999999999995
deepseek,order_control,control_02,HVAC,13,False,1.0,1.0,0.03999999999999995
deepseek,order_control,control_03,HVAC,13,False,1.0,1.0,0.04916666666666663
deepseek,order_reversed,reversed_01,HVAC,13,False,1.0,1.0,0.04499999999999996
deepseek,order_reversed,reversed_02,HVAC,13,False,1.0,1.0,0.03999999999999995
deepseek,order_reversed,reversed_03,HVAC,13,False,1.0,1.0,0.03999999999999995
deepseek,order_reversed,reversed_04,HVAC,13,False,1.0,1.0,0.03999999999999995
deepseek,order_reversed,reversed_05,HVAC,13,False,1.0,1.0,0.03999999999999995
deepseek,extracted,,HVAC,14,False,1.0,1.0,0.014166666666666624
deepseek,default_params,,HVAC,14,False,1.0,1.0,0.07166666666666664
deepseek,extracted_per_run,shippedrun_01,HVAC,14,False,1.0,1.0,0.01749999999999996
deepseek,extracted_per_run,shippedrun_02,HVAC,14,False,1.0,1.0,0.02583333333333328
deepseek,extracted_per_run,shippedrun_03,HVAC,14,False,1.0,1.0,0.015833333333333293
deepseek,extracted_per_run,shippedrun_04,HVAC,14,False,1.0,1.0,0.009166666666666637
deepseek,extracted_per_run,shippedrun_05,HVAC,14,False,1.0,1.0,0.009166666666666637
deepseek,order_control,control_01,HVAC,14,False,1.0,1.0,0.009166666666666637
deepseek,order_control,control_02,HVAC,14,False,1.0,1.0,0.009166666666666637
deepseek,order_control,control_03,HVAC,14,False,1.0,1.0,0.015833333333333293
deepseek,order_reversed,reversed_01,HVAC,14,False,1.0,1.0,0.015833333333333293
deepseek,order_reversed,reversed_02,HVAC,14,False,1.0,1.0,0.015833333333333293
deepseek,order_reversed,reversed_03,HVAC,14,False,1.0,1.0,0.009166666666666637
deepseek,order_reversed,reversed_04,HVAC,14,False,1.0,1.0,0.015833333333333293
deepseek,order_reversed,reversed_05,HVAC,14,False,1.0,1.0,0.015833333333333293
deepseek,extracted,,HVAC,15,False,1.0,1.0,0.04666666666666667
deepseek,default_params,,HVAC,15,False,1.0,1.0,0.06500000000000002
deepseek,extracted_per_run,shippedrun_01,HVAC,15,False,1.0,1.0,0.03250000000000001
deepseek,extracted_per_run,shippedrun_02,HVAC,15,False,1.0,1.0,0.0575
deepseek,extracted_per_run,shippedrun_03,HVAC,15,False,1.0,1.0,0.03916666666666666
deepseek,extracted_per_run,shippedrun_04,HVAC,15,False,1.0,1.0,0.03916666666666666
deepseek,extracted_per_run,shippedrun_05,HVAC,15,False,1.0,1.0,0.09749999999999998
deepseek,order_control,control_01,HVAC,15,False,1.0,1.0,0.03916666666666666
deepseek,order_control,control_02,HVAC,15,False,1.0,1.0,0.0575
deepseek,order_control,control_03,HVAC,15,False,1.0,1.0,0.0575
deepseek,order_reversed,reversed_01,HVAC,15,False,1.0,1.0,0.03250000000000001
deepseek,order_reversed,reversed_02,HVAC,15,False,1.0,1.0,0.03916666666666666
deepseek,order_reversed,reversed_03,HVAC,15,False,1.0,1.0,0.03916666666666666
deepseek,order_reversed,reversed_04,HVAC,15,False,1.0,1.0,0.03250000000000001
deepseek,order_reversed,reversed_05,HVAC,15,False,1.0,1.0,0.04416666666666667
deepseek,extracted,,HVAC,16,False,1.0,1.0,0.011666666666666659
deepseek,default_params,,HVAC,16,False,1.0,1.0,0.05916666666666665
deepseek,extracted_per_run,shippedrun_01,HVAC,16,False,1.0,1.0,0.03083333333333334
deepseek,extracted_per_run,shippedrun_02,HVAC,16,False,1.0,1.0,0.019166666666666665
deepseek,extracted_per_run,shippedrun_03,HVAC,16,False,1.0,1.0,0.029166666666666657
deepseek,extracted_per_run,shippedrun_04,HVAC,16,False,1.0,1.0,0.029166666666666657
deepseek,extracted_per_run,shippedrun_05,HVAC,16,False,1.0,1.0,0.009166666666666675
deepseek,order_control,control_01,HVAC,16,False,1.0,1.0,0.009166666666666675
deepseek,order_control,control_02,HVAC,16,False,1.0,1.0,0.020833333333333332
deepseek,order_control,control_03,HVAC,16,False,1.0,1.0,0.019166666666666665
deepseek,order_reversed,reversed_01,HVAC,16,False,1.0,1.0,0.019166666666666665
deepseek,order_reversed,reversed_02,HVAC,16,False,1.0,1.0,0.029166666666666657
deepseek,order_reversed,reversed_03,HVAC,16,False,1.0,1.0,0.029166666666666657
deepseek,order_reversed,reversed_04,HVAC,16,False,1.0,1.0,0.019166666666666665
deepseek,order_reversed,reversed_05,HVAC,16,False,1.0,1.0,0.009166666666666675
deepseek,extracted,,HVAC,17,False,1.0,1.0,0.014999999999999994
deepseek,default_params,,HVAC,17,False,1.0,1.0,0.07583333333333335
deepseek,extracted_per_run,shippedrun_01,HVAC,17,False,1.0,1.0,0.014999999999999994
deepseek,extracted_per_run,shippedrun_02,HVAC,17,False,1.0,1.0,0.02
deepseek,extracted_per_run,shippedrun_03,HVAC,17,False,1.0,1.0,0.014999999999999994
deepseek,extracted_per_run,shippedrun_04,HVAC,17,False,1.0,1.0,0.014999999999999994
deepseek,extracted_per_run,shippedrun_05,HVAC,17,False,1.0,1.0,0.014999999999999994
deepseek,order_control,control_01,HVAC,17,False,1.0,1.0,0.014999999999999994
deepseek,order_control,control_02,HVAC,17,False,1.0,1.0,0.014999999999999994
deepseek,order_control,control_03,HVAC,17,False,1.0,1.0,0.014999999999999994
deepseek,order_reversed,reversed_01,HVAC,17,False,1.0,1.0,0.014999999999999994
deepseek,order_reversed,reversed_02,HVAC,17,False,1.0,1.0,0.02
deepseek,order_reversed,reversed_03,HVAC,17,False,1.0,1.0,0.02
deepseek,order_reversed,reversed_04,HVAC,17,False,1.0,1.0,0.014999999999999994
deepseek,order_reversed,reversed_05,HVAC,17,False,1.0,1.0,0.02
deepseek,extracted,,HVAC,18,False,1.0,1.0,0.04916666666666669
deepseek,default_params,,HVAC,18,False,1.0,1.0,0.05000000000000004
deepseek,extracted_per_run,shippedrun_01,HVAC,18,False,1.0,1.0,0.019166666666666683
deepseek,extracted_per_run,shippedrun_02,HVAC,18,False,1.0,1.0,0.10250000000000002
deepseek,extracted_per_run,shippedrun_03,HVAC,18,False,1.0,1.0,0.07833333333333337
deepseek,extracted_per_run,shippedrun_04,HVAC,18,False,1.0,1.0,0.10250000000000002
deepseek,extracted_per_run,shippedrun_05,HVAC,18,False,0.33333333333333337,0.0,0.1975
deepseek,order_control,control_01,HVAC,18,False,1.0,1.0,0.10250000000000002
deepseek,order_control,control_02,HVAC,18,False,1.0,1.0,0.008333333333333323
deepseek,order_control,control_03,HVAC,18,False,1.0,1.0,0.10250000000000002
deepseek,order_reversed,reversed_01,HVAC,18,False,0.33333333333333337,0.0,0.16250000000000003
deepseek,order_reversed,reversed_02,HVAC,18,False,1.0,1.0,0.10250000000000002
deepseek,order_reversed,reversed_03,HVAC,18,False,1.0,1.0,0.07833333333333337
deepseek,order_reversed,reversed_04,HVAC,18,False,1.0,1.0,0.10250000000000002
deepseek,order_reversed,reversed_05,HVAC,18,False,0.33333333333333337,0.0,0.14500000000000005
deepseek,extracted,,HVAC,19,False,1.0,1.0,0.037500000000000006
deepseek,default_params,,HVAC,19,False,1.0,1.0,0.065
deepseek,extracted_per_run,shippedrun_01,HVAC,19,False,1.0,1.0,0.037500000000000006
deepseek,extracted_per_run,shippedrun_02,HVAC,19,False,1.0,1.0,0.037500000000000006
deepseek,extracted_per_run,shippedrun_03,HVAC,19,False,1.0,1.0,0.037500000000000006
deepseek,extracted_per_run,shippedrun_04,HVAC,19,False,1.0,1.0,0.037500000000000006
deepseek,extracted_per_run,shippedrun_05,HVAC,19,False,1.0,1.0,0.037500000000000006
deepseek,order_control,control_01,HVAC,19,False,1.0,1.0,0.037500000000000006
deepseek,order_control,control_02,HVAC,19,False,1.0,1.0,0.037500000000000006
deepseek,order_control,control_03,HVAC,19,False,1.0,1.0,0.037500000000000006
deepseek,order_reversed,reversed_01,HVAC,19,False,1.0,1.0,0.037500000000000006
deepseek,order_reversed,reversed_02,HVAC,19,False,1.0,1.0,0.037500000000000006
deepseek,order_reversed,reversed_03,HVAC,19,False,1.0,1.0,0.037500000000000006
deepseek,order_reversed,reversed_04,HVAC,19,False,1.0,1.0,0.037500000000000006
deepseek,order_reversed,reversed_05,HVAC,19,False,1.0,1.0,0.037500000000000006
deepseek,extracted,,HVAC,20,False,1.0,1.0,0.07333333333333335
deepseek,default_params,,HVAC,20,False,1.0,1.0,0.0325
deepseek,extracted_per_run,shippedrun_01,HVAC,20,False,1.0,1.0,0.07583333333333335
deepseek,extracted_per_run,shippedrun_02,HVAC,20,False,1.0,1.0,0.07333333333333335
deepseek,extracted_per_run,shippedrun_03,HVAC,20,False,1.0,1.0,0.07333333333333335
deepseek,extracted_per_run,shippedrun_04,HVAC,20,False,1.0,1.0,0.07333333333333335
deepseek,extracted_per_run,shippedrun_05,HVAC,20,False,1.0,1.0,0.07583333333333335
deepseek,order_control,control_01,HVAC,20,False,1.0,1.0,0.07333333333333335
deepseek,order_control,control_02,HVAC,20,False,1.0,1.0,0.07583333333333335
deepseek,order_control,control_03,HVAC,20,False,1.0,1.0,0.07333333333333335
deepseek,order_reversed,reversed_01,HVAC,20,False,1.0,1.0,0.07583333333333335
deepseek,order_reversed,reversed_02,HVAC,20,False,1.0,1.0,0.07333333333333335
deepseek,order_reversed,reversed_03,HVAC,20,False,1.0,1.0,0.07333333333333335
deepseek,order_reversed,reversed_04,HVAC,20,False,1.0,1.0,0.07333333333333335
deepseek,order_reversed,reversed_05,HVAC,20,False,1.0,1.0,0.07333333333333335
deepseek,extracted,,HVAC,21,False,1.0,1.0,0.03000000000000001
deepseek,default_params,,HVAC,21,False,1.0,1.0,0.0825
deepseek,extracted_per_run,shippedrun_01,HVAC,21,False,1.0,1.0,0.012500000000000011
deepseek,extracted_per_run,shippedrun_02,HVAC,21,False,1.0,1.0,0.05083333333333334
deepseek,extracted_per_run,shippedrun_03,HVAC,21,False,1.0,1.0,0.005833333333333339
deepseek,extracted_per_run,shippedrun_04,HVAC,21,False,1.0,1.0,0.005833333333333339
deepseek,extracted_per_run,shippedrun_05,HVAC,21,False,1.0,1.0,0.05083333333333334
deepseek,order_control,control_01,HVAC,21,False,1.0,1.0,0.05083333333333334
deepseek,order_control,control_02,HVAC,21,False,1.0,1.0,0.003333333333333336
deepseek,order_control,control_03,HVAC,21,False,1.0,1.0,0.015000000000000013
deepseek,order_reversed,reversed_01,HVAC,21,False,1.0,1.0,0.05083333333333334
deepseek,order_reversed,reversed_02,HVAC,21,False,1.0,1.0,0.015000000000000013
deepseek,order_reversed,reversed_03,HVAC,21,False,1.0,1.0,0.015000000000000013
deepseek,order_reversed,reversed_04,HVAC,21,False,1.0,1.0,0.015000000000000013
deepseek,order_reversed,reversed_05,HVAC,21,False,1.0,1.0,0.05083333333333334
deepseek,extracted,,HVAC,22,False,1.0,1.0,0.035
deepseek,default_params,,HVAC,22,False,1.0,1.0,0.01666666666666666
deepseek,extracted_per_run,shippedrun_01,HVAC,22,False,0.33333333333333337,1.0,0.09750000000000002
deepseek,extracted_per_run,shippedrun_02,HVAC,22,False,1.0,1.0,0.0325
deepseek,extracted_per_run,shippedrun_03,HVAC,22,False,1.0,1.0,0.016666666666666673
deepseek,extracted_per_run,shippedrun_04,HVAC,22,False,1.0,1.0,0.019166666666666676
deepseek,extracted_per_run,shippedrun_05,HVAC,22,False,1.0,1.0,0.035
deepseek,order_control,control_01,HVAC,22,False,1.0,1.0,0.035
deepseek,order_control,control_02,HVAC,22,False,1.0,1.0,0.019166666666666676
deepseek,order_control,control_03,HVAC,22,False,1.0,1.0,0.035
deepseek,order_reversed,reversed_01,HVAC,22,False,1.0,1.0,0.035
deepseek,order_reversed,reversed_02,HVAC,22,False,1.0,1.0,0.0325
deepseek,order_reversed,reversed_03,HVAC,22,False,1.0,1.0,0.020000000000000018
deepseek,order_reversed,reversed_04,HVAC,22,False,1.0,1.0,0.0325
deepseek,order_reversed,reversed_05,HVAC,22,False,1.0,1.0,0.019166666666666676
deepseek,extracted,,HVAC,23,False,1.0,1.0,0.0625
deepseek,default_params,,HVAC,23,False,1.0,1.0,0.02833333333333334
deepseek,extracted_per_run,shippedrun_01,HVAC,23,False,1.0,1.0,0.08666666666666667
deepseek,extracted_per_run,shippedrun_02,HVAC,23,False,1.0,1.0,0.08666666666666667
deepseek,extracted_per_run,shippedrun_03,HVAC,23,False,1.0,1.0,0.08666666666666667
deepseek,extracted_per_run,shippedrun_04,HVAC,23,False,1.0,1.0,0.08666666666666667
deepseek,extracted_per_run,shippedrun_05,HVAC,23,False,1.0,1.0,0.02
deepseek,order_control,control_01,HVAC,23,False,1.0,1.0,0.08666666666666667
deepseek,order_control,control_02,HVAC,23,False,1.0,1.0,0.02
deepseek,order_control,control_03,HVAC,23,False,1.0,1.0,0.08666666666666667
deepseek,order_reversed,reversed_01,HVAC,23,False,1.0,1.0,0.02
deepseek,order_reversed,reversed_02,HVAC,23,False,1.0,1.0,0.02
deepseek,order_reversed,reversed_03,HVAC,23,False,1.0,1.0,0.08666666666666667
deepseek,order_reversed,reversed_04,HVAC,23,False,1.0,1.0,0.08666666666666667
deepseek,order_reversed,reversed_05,HVAC,23,False,1.0,1.0,0.02
deepseek,extracted,,HVAC,24,False,1.0,1.0,0.05083333333333334
deepseek,default_params,,HVAC,24,False,1.0,1.0,0.0375
deepseek,extracted_per_run,shippedrun_01,HVAC,24,False,1.0,1.0,0.04333333333333334
deepseek,extracted_per_run,shippedrun_02,HVAC,24,False,1.0,1.0,0.05083333333333334
deepseek,extracted_per_run,shippedrun_03,HVAC,24,False,1.0,1.0,0.05083333333333334
deepseek,extracted_per_run,shippedrun_04,HVAC,24,False,1.0,1.0,0.05083333333333334
deepseek,extracted_per_run,shippedrun_05,HVAC,24,False,1.0,1.0,0.05083333333333334
deepseek,order_control,control_01,HVAC,24,False,1.0,1.0,0.04333333333333334
deepseek,order_control,control_02,HVAC,24,False,1.0,1.0,0.028333333333333332
deepseek,order_control,control_03,HVAC,24,False,1.0,1.0,0.04333333333333334
deepseek,order_reversed,reversed_01,HVAC,24,False,1.0,1.0,0.04833333333333334
deepseek,order_reversed,reversed_02,HVAC,24,False,1.0,1.0,0.05083333333333334
deepseek,order_reversed,reversed_03,HVAC,24,False,1.0,1.0,0.035833333333333335
deepseek,order_reversed,reversed_04,HVAC,24,False,1.0,1.0,0.05083333333333334
deepseek,order_reversed,reversed_05,HVAC,24,False,1.0,1.0,0.04333333333333334
deepseek,extracted,,HVAC,25,False,1.0,1.0,0.025833333333333333
deepseek,default_params,,HVAC,25,False,1.0,1.0,0.027499999999999997
deepseek,extracted_per_run,shippedrun_01,HVAC,25,False,1.0,1.0,0.01916666666666666
deepseek,extracted_per_run,shippedrun_02,HVAC,25,False,1.0,1.0,0.04583333333333333
deepseek,extracted_per_run,shippedrun_03,HVAC,25,False,1.0,1.0,0.01916666666666666
deepseek,extracted_per_run,shippedrun_04,HVAC,25,False,1.0,1.0,0.01666666666666666
deepseek,extracted_per_run,shippedrun_05,HVAC,25,False,1.0,1.0,0.01916666666666666
deepseek,order_control,control_01,HVAC,25,False,1.0,1.0,0.04583333333333333
deepseek,order_control,control_02,HVAC,25,False,1.0,1.0,0.01916666666666666
deepseek,order_control,control_03,HVAC,25,False,1.0,1.0,0.04583333333333333
deepseek,order_reversed,reversed_01,HVAC,25,False,1.0,1.0,0.04583333333333333
deepseek,order_reversed,reversed_02,HVAC,25,False,1.0,1.0,0.04583333333333333
deepseek,order_reversed,reversed_03,HVAC,25,False,1.0,1.0,0.04583333333333333
deepseek,order_reversed,reversed_04,HVAC,25,False,1.0,1.0,0.04583333333333333
deepseek,order_reversed,reversed_05,HVAC,25,False,1.0,1.0,0.06333333333333334
deepseek,extracted,,HVAC,26,False,1.0,1.0,0.06083333333333333
deepseek,default_params,,HVAC,26,False,1.0,1.0,0.12583333333333335
deepseek,extracted_per_run,shippedrun_01,HVAC,26,False,0.33333333333333337,0.0,0.1225
deepseek,extracted_per_run,shippedrun_02,HVAC,26,False,1.0,1.0,0.017500000000000016
deepseek,extracted_per_run,shippedrun_03,HVAC,26,False,1.0,1.0,0.017500000000000016
deepseek,extracted_per_run,shippedrun_04,HVAC,26,False,1.0,1.0,0.020000000000000018
deepseek,extracted_per_run,shippedrun_05,HVAC,26,False,0.33333333333333337,1.0,0.2916666666666667
deepseek,order_control,control_01,HVAC,26,False,1.0,1.0,0.020000000000000018
deepseek,order_control,control_02,HVAC,26,False,1.0,1.0,0.017500000000000016
deepseek,order_control,control_03,HVAC,26,False,0.33333333333333337,1.0,0.2916666666666667
deepseek,order_reversed,reversed_01,HVAC,26,False,1.0,1.0,0.017500000000000016
deepseek,order_reversed,reversed_02,HVAC,26,False,0.33333333333333337,1.0,0.2916666666666667
deepseek,order_reversed,reversed_03,HVAC,26,False,1.0,1.0,0.017500000000000016
deepseek,order_reversed,reversed_04,HVAC,26,False,1.0,1.0,0.017500000000000016
deepseek,order_reversed,reversed_05,HVAC,26,False,1.0,1.0,0.017500000000000016
deepseek,extracted,,HVAC,27,False,1.0,1.0,0.07499999999999998
deepseek,default_params,,HVAC,27,False,1.0,1.0,0.075
deepseek,extracted_per_run,shippedrun_01,HVAC,27,False,1.0,1.0,0.15249999999999997
deepseek,extracted_per_run,shippedrun_02,HVAC,27,True,,,
deepseek,extracted_per_run,shippedrun_03,HVAC,27,False,1.0,1.0,0.10749999999999997
deepseek,extracted_per_run,shippedrun_04,HVAC,27,False,1.0,1.0,0.13999999999999999
deepseek,extracted_per_run,shippedrun_05,HVAC,27,False,1.0,1.0,0.05666666666666665
deepseek,order_control,control_01,HVAC,27,False,1.0,1.0,0.10749999999999997
deepseek,order_control,control_02,HVAC,27,False,1.0,1.0,0.10749999999999997
deepseek,order_control,control_03,HVAC,27,False,1.0,1.0,0.10749999999999997
deepseek,order_reversed,reversed_01,HVAC,27,False,1.0,1.0,0.10749999999999997
deepseek,order_reversed,reversed_02,HVAC,27,False,1.0,1.0,0.1758333333333333
deepseek,order_reversed,reversed_03,HVAC,27,False,1.0,1.0,0.10749999999999997
deepseek,order_reversed,reversed_04,HVAC,27,False,1.0,1.0,0.10749999999999997
deepseek,order_reversed,reversed_05,HVAC,27,False,1.0,1.0,0.10749999999999997
deepseek,extracted,,HVAC,28,False,0.33333333333333337,0.0,0.06583333333333333
deepseek,default_params,,HVAC,28,False,1.0,1.0,0.17999999999999997
deepseek,extracted_per_run,shippedrun_01,HVAC,28,False,0.33333333333333337,0.0,0.044999999999999984
deepseek,extracted_per_run,shippedrun_02,HVAC,28,False,0.33333333333333337,0.0,0.13916666666666666
deepseek,extracted_per_run,shippedrun_03,HVAC,28,False,0.33333333333333337,0.0,0.04749999999999999
deepseek,extracted_per_run,shippedrun_04,HVAC,28,False,0.33333333333333337,0.0,0.044999999999999984
deepseek,extracted_per_run,shippedrun_05,HVAC,28,False,0.33333333333333337,0.0,0.044999999999999984
deepseek,order_control,control_01,HVAC,28,False,0.33333333333333337,0.0,0.044999999999999984
deepseek,order_control,control_02,HVAC,28,False,0.33333333333333337,0.0,0.044999999999999984
deepseek,order_control,control_03,HVAC,28,False,0.33333333333333337,0.0,0.04749999999999999
deepseek,order_reversed,reversed_01,HVAC,28,False,0.33333333333333337,0.0,0.044999999999999984
deepseek,order_reversed,reversed_02,HVAC,28,False,0.33333333333333337,0.0,0.044999999999999984
deepseek,order_reversed,reversed_03,HVAC,28,False,0.33333333333333337,0.0,0.044999999999999984
deepseek,order_reversed,reversed_04,HVAC,28,False,0.33333333333333337,0.0,0.044999999999999984
deepseek,order_reversed,reversed_05,HVAC,28,False,0.33333333333333337,0.0,0.044999999999999984
deepseek,extracted,,HVAC,29,False,1.0,1.0,0.019999999999999987
deepseek,default_params,,HVAC,29,False,1.0,1.0,0.1525
deepseek,extracted_per_run,shippedrun_01,HVAC,29,False,1.0,1.0,0.023333333333333317
deepseek,extracted_per_run,shippedrun_02,HVAC,29,False,1.0,1.0,0.014999999999999986
deepseek,extracted_per_run,shippedrun_03,HVAC,29,False,1.0,1.0,0.023333333333333317
deepseek,extracted_per_run,shippedrun_04,HVAC,29,False,1.0,1.0,0.023333333333333317
deepseek,extracted_per_run,shippedrun_05,HVAC,29,False,1.0,1.0,0.023333333333333317
deepseek,order_control,control_01,HVAC,29,False,1.0,1.0,0.023333333333333317
deepseek,order_control,control_02,HVAC,29,False,1.0,1.0,0.023333333333333317
deepseek,order_control,control_03,HVAC,29,False,1.0,1.0,0.023333333333333317
deepseek,order_reversed,reversed_01,HVAC,29,False,1.0,1.0,0.023333333333333317
deepseek,order_reversed,reversed_02,HVAC,29,False,1.0,1.0,0.02583333333333332
deepseek,order_reversed,reversed_03,HVAC,29,False,1.0,1.0,0.023333333333333317
deepseek,order_reversed,reversed_04,HVAC,29,False,1.0,1.0,0.023333333333333317
deepseek,order_reversed,reversed_05,HVAC,29,False,1.0,1.0,0.02583333333333332
deepseek,extracted,,HVAC,30,False,1.0,1.0,0.030833333333333324
deepseek,default_params,,HVAC,30,False,1.0,1.0,0.023333333333333317
deepseek,extracted_per_run,shippedrun_01,HVAC,30,False,1.0,1.0,0.02833333333333332
deepseek,extracted_per_run,shippedrun_02,HVAC,30,False,1.0,1.0,0.033333333333333326
deepseek,extracted_per_run,shippedrun_03,HVAC,30,False,1.0,1.0,0.030833333333333324
deepseek,extracted_per_run,shippedrun_04,HVAC,30,False,1.0,1.0,0.02583333333333332
deepseek,extracted_per_run,shippedrun_05,HVAC,30,False,1.0,1.0,0.033333333333333326
deepseek,order_control,control_01,HVAC,30,False,1.0,1.0,0.033333333333333326
deepseek,order_control,control_02,HVAC,30,False,1.0,1.0,0.033333333333333326
deepseek,order_control,control_03,HVAC,30,False,1.0,1.0,0.02583333333333332
deepseek,order_reversed,reversed_01,HVAC,30,False,1.0,1.0,0.030833333333333324
deepseek,order_reversed,reversed_02,HVAC,30,False,1.0,1.0,0.033333333333333326
deepseek,order_reversed,reversed_03,HVAC,30,False,1.0,1.0,0.030833333333333324
deepseek,order_reversed,reversed_04,HVAC,30,False,1.0,1.0,0.033333333333333326
deepseek,order_reversed,reversed_05,HVAC,30,False,1.0,1.0,0.033333333333333326
deepseek,extracted,,HVAC,31,False,1.0,1.0,0.035
deepseek,default_params,,HVAC,31,False,1.0,1.0,0.09750000000000002
deepseek,extracted_per_run,shippedrun_01,HVAC,31,False,1.0,1.0,0.049166666666666664
deepseek,extracted_per_run,shippedrun_02,HVAC,31,False,1.0,1.0,0.0325
deepseek,extracted_per_run,shippedrun_03,HVAC,31,False,1.0,1.0,0.0325
deepseek,extracted_per_run,shippedrun_04,HVAC,31,False,1.0,1.0,0.0325
deepseek,extracted_per_run,shippedrun_05,HVAC,31,False,1.0,1.0,0.0325
deepseek,order_control,control_01,HVAC,31,False,1.0,1.0,0.0325
deepseek,order_control,control_02,HVAC,31,False,1.0,1.0,0.0325
deepseek,order_control,control_03,HVAC,31,False,1.0,1.0,0.0325
deepseek,order_reversed,reversed_01,HVAC,31,False,1.0,1.0,0.0325
deepseek,order_reversed,reversed_02,HVAC,31,False,1.0,1.0,0.0325
deepseek,order_reversed,reversed_03,HVAC,31,False,1.0,1.0,0.0325
deepseek,order_reversed,reversed_04,HVAC,31,False,1.0,1.0,0.0325
deepseek,order_reversed,reversed_05,HVAC,31,False,1.0,1.0,0.0325
deepseek,extracted,,HVAC,32,False,1.0,1.0,0.029166666666666674
deepseek,default_params,,HVAC,32,False,1.0,1.0,0.15500000000000003
deepseek,extracted_per_run,shippedrun_01,HVAC,32,False,1.0,1.0,0.010833333333333342
deepseek,extracted_per_run,shippedrun_02,HVAC,32,False,1.0,1.0,0.036666666666666674
deepseek,extracted_per_run,shippedrun_03,HVAC,32,False,1.0,1.0,0.135
deepseek,extracted_per_run,shippedrun_04,HVAC,32,False,1.0,1.0,0.039166666666666676
deepseek,extracted_per_run,shippedrun_05,HVAC,32,False,1.0,1.0,0.013333333333333345
deepseek,order_control,control_01,HVAC,32,False,1.0,1.0,0.013333333333333345
deepseek,order_control,control_02,HVAC,32,False,1.0,1.0,0.013333333333333345
deepseek,order_control,control_03,HVAC,32,False,1.0,1.0,0.013333333333333345
deepseek,order_reversed,reversed_01,HVAC,32,False,1.0,1.0,0.11083333333333334
deepseek,order_reversed,reversed_02,HVAC,32,False,1.0,1.0,0.04166666666666668
deepseek,order_reversed,reversed_03,HVAC,32,False,1.0,1.0,0.013333333333333345
deepseek,order_reversed,reversed_04,HVAC,32,False,1.0,1.0,0.04166666666666668
deepseek,order_reversed,reversed_05,HVAC,32,False,1.0,1.0,0.010833333333333342
deepseek,extracted,,HVAC,33,False,1.0,1.0,0.06083333333333332
deepseek,default_params,,HVAC,33,False,1.0,1.0,0.035833333333333314
deepseek,extracted_per_run,shippedrun_01,HVAC,33,False,1.0,1.0,0.08083333333333331
deepseek,extracted_per_run,shippedrun_02,HVAC,33,False,1.0,1.0,0.08083333333333331
deepseek,extracted_per_run,shippedrun_03,HVAC,33,False,1.0,1.0,0.06083333333333332
deepseek,extracted_per_run,shippedrun_04,HVAC,33,False,1.0,1.0,0.06083333333333332
deepseek,extracted_per_run,shippedrun_05,HVAC,33,False,1.0,1.0,0.06083333333333332
deepseek,order_control,control_01,HVAC,33,False,1.0,1.0,0.08083333333333331
deepseek,order_control,control_02,HVAC,33,False,1.0,1.0,0.06083333333333332
deepseek,order_control,control_03,HVAC,33,False,1.0,1.0,0.06083333333333332
deepseek,order_reversed,reversed_01,HVAC,33,False,1.0,1.0,0.037499999999999985
deepseek,order_reversed,reversed_02,HVAC,33,False,1.0,1.0,0.06083333333333332
deepseek,order_reversed,reversed_03,HVAC,33,False,1.0,1.0,0.06083333333333332
deepseek,order_reversed,reversed_04,HVAC,33,False,1.0,1.0,0.06083333333333332
deepseek,order_reversed,reversed_05,HVAC,33,False,1.0,1.0,0.06083333333333332
deepseek,extracted,,HVAC,34,False,1.0,1.0,0.03916666666666665
deepseek,default_params,,HVAC,34,False,1.0,1.0,0.04166666666666664
deepseek,extracted_per_run,shippedrun_01,HVAC,34,False,1.0,1.0,0.038333333333333316
deepseek,extracted_per_run,shippedrun_02,HVAC,34,False,1.0,1.0,0.04833333333333331
deepseek,extracted_per_run,shippedrun_03,HVAC,34,False,1.0,1.0,0.04833333333333331
deepseek,extracted_per_run,shippedrun_04,HVAC,34,False,1.0,1.0,0.04833333333333331
deepseek,extracted_per_run,shippedrun_05,HVAC,34,False,1.0,1.0,0.04833333333333331
deepseek,order_control,control_01,HVAC,34,False,1.0,1.0,0.04833333333333331
deepseek,order_control,control_02,HVAC,34,False,1.0,1.0,0.04833333333333331
deepseek,order_control,control_03,HVAC,34,False,1.0,1.0,0.06333333333333332
deepseek,order_reversed,reversed_01,HVAC,34,False,1.0,1.0,0.04833333333333331
deepseek,order_reversed,reversed_02,HVAC,34,False,1.0,1.0,0.050833333333333314
deepseek,order_reversed,reversed_03,HVAC,34,False,1.0,1.0,0.04833333333333331
deepseek,order_reversed,reversed_04,HVAC,34,False,1.0,1.0,0.04833333333333331
deepseek,order_reversed,reversed_05,HVAC,34,False,1.0,1.0,0.04833333333333331
deepseek,extracted,,HVAC,35,False,1.0,1.0,0.0666666666666667
deepseek,default_params,,HVAC,35,False,1.0,1.0,0.16666666666666666
deepseek,extracted_per_run,shippedrun_01,HVAC,35,False,1.0,1.0,0.12583333333333332
deepseek,extracted_per_run,shippedrun_02,HVAC,35,False,1.0,1.0,0.053333333333333344
deepseek,extracted_per_run,shippedrun_03,HVAC,35,False,1.0,1.0,0.05166666666666667
deepseek,extracted_per_run,shippedrun_04,HVAC,35,False,1.0,1.0,0.05166666666666667
deepseek,extracted_per_run,shippedrun_05,HVAC,35,False,1.0,1.0,0.053333333333333344
deepseek,order_control,control_01,HVAC,35,False,1.0,1.0,0.053333333333333344
deepseek,order_control,control_02,HVAC,35,False,1.0,1.0,0.05166666666666667
deepseek,order_control,control_03,HVAC,35,False,1.0,1.0,0.05166666666666667
deepseek,order_reversed,reversed_01,HVAC,35,False,1.0,1.0,0.05166666666666667
deepseek,order_reversed,reversed_02,HVAC,35,False,1.0,1.0,0.05166666666666667
deepseek,order_reversed,reversed_03,HVAC,35,False,1.0,1.0,0.05166666666666667
deepseek,order_reversed,reversed_04,HVAC,35,False,1.0,1.0,0.053333333333333344
deepseek,order_reversed,reversed_05,HVAC,35,False,1.0,1.0,0.05166666666666667
deepseek,extracted,,HVAC,36,False,1.0,1.0,0.007500000000000007
deepseek,default_params,,HVAC,36,False,1.0,1.0,0.015000000000000005
deepseek,extracted_per_run,shippedrun_01,HVAC,36,False,1.0,1.0,0.010000000000000009
deepseek,extracted_per_run,shippedrun_02,HVAC,36,False,1.0,1.0,0.007500000000000007
deepseek,extracted_per_run,shippedrun_03,HVAC,36,False,1.0,1.0,0.011666666666666678
deepseek,extracted_per_run,shippedrun_04,HVAC,36,False,1.0,1.0,0.011666666666666678
deepseek,extracted_per_run,shippedrun_05,HVAC,36,False,1.0,1.0,0.0050000000000000044
deepseek,order_control,control_01,HVAC,36,False,1.0,1.0,0.007500000000000007
deepseek,order_control,control_02,HVAC,36,False,1.0,1.0,0.007500000000000007
deepseek,order_control,control_03,HVAC,36,False,1.0,1.0,0.00833333333333334
deepseek,order_reversed,reversed_01,HVAC,36,False,1.0,1.0,0.011666666666666678
deepseek,order_reversed,reversed_02,HVAC,36,False,1.0,1.0,0.011666666666666678
deepseek,order_reversed,reversed_03,HVAC,36,False,1.0,1.0,0.007500000000000007
deepseek,order_reversed,reversed_04,HVAC,36,False,1.0,1.0,0.007500000000000007
deepseek,order_reversed,reversed_05,HVAC,36,False,1.0,1.0,0.007500000000000007
deepseek,extracted,,HVAC,37,False,1.0,1.0,0.011666666666666678
deepseek,default_params,,HVAC,37,False,1.0,1.0,0.043333333333333356
deepseek,extracted_per_run,shippedrun_01,HVAC,37,False,1.0,1.0,0.020000000000000014
deepseek,extracted_per_run,shippedrun_02,HVAC,37,False,1.0,1.0,0.00833333333333334
deepseek,extracted_per_run,shippedrun_03,HVAC,37,False,1.0,1.0,0.020000000000000014
deepseek,extracted_per_run,shippedrun_04,HVAC,37,False,1.0,1.0,0.00833333333333334
deepseek,extracted_per_run,shippedrun_05,HVAC,37,False,1.0,1.0,0.00833333333333334
deepseek,order_control,control_01,HVAC,37,False,1.0,1.0,0.00833333333333334
deepseek,order_control,control_02,HVAC,37,False,1.0,1.0,0.020000000000000014
deepseek,order_control,control_03,HVAC,37,False,1.0,1.0,0.020000000000000014
deepseek,order_reversed,reversed_01,HVAC,37,False,1.0,1.0,0.020000000000000014
deepseek,order_reversed,reversed_02,HVAC,37,False,1.0,1.0,0.020000000000000014
deepseek,order_reversed,reversed_03,HVAC,37,False,1.0,1.0,0.020000000000000014
deepseek,order_reversed,reversed_04,HVAC,37,False,1.0,1.0,0.020000000000000014
deepseek,order_reversed,reversed_05,HVAC,37,False,1.0,1.0,0.020000000000000014
deepseek,extracted,,HVAC,38,False,1.0,1.0,0.0050000000000000044
deepseek,default_params,,HVAC,38,False,0.33333333333333337,1.0,0.009166666666666675
deepseek,extracted_per_run,shippedrun_01,HVAC,38,False,1.0,1.0,0.0050000000000000044
deepseek,extracted_per_run,shippedrun_02,HVAC,38,False,1.0,1.0,0.0050000000000000044
deepseek,extracted_per_run,shippedrun_03,HVAC,38,False,1.0,1.0,0.0050000000000000044
deepseek,extracted_per_run,shippedrun_04,HVAC,38,False,1.0,1.0,0.0025000000000000022
deepseek,extracted_per_run,shippedrun_05,HVAC,38,False,1.0,1.0,0.0050000000000000044
deepseek,order_control,control_01,HVAC,38,False,1.0,1.0,0.0050000000000000044
deepseek,order_control,control_02,HVAC,38,False,1.0,1.0,0.0050000000000000044
deepseek,order_control,control_03,HVAC,38,False,1.0,1.0,0.0025000000000000022
deepseek,order_reversed,reversed_01,HVAC,38,False,1.0,1.0,0.0050000000000000044
deepseek,order_reversed,reversed_02,HVAC,38,False,1.0,1.0,0.0025000000000000022
deepseek,order_reversed,reversed_03,HVAC,38,False,1.0,1.0,0.0025000000000000022
deepseek,order_reversed,reversed_04,HVAC,38,False,1.0,1.0,0.0025000000000000022
deepseek,order_reversed,reversed_05,HVAC,38,False,1.0,1.0,0.0025000000000000022
deepseek,extracted,,HVAC,39,False,1.0,1.0,0.020000000000000018
deepseek,default_params,,HVAC,39,False,0.33333333333333337,1.0,0.025833333333333337
deepseek,extracted_per_run,shippedrun_01,HVAC,39,False,1.0,1.0,0.03583333333333335
deepseek,extracted_per_run,shippedrun_02,HVAC,39,False,1.0,1.0,0.01666666666666668
deepseek,extracted_per_run,shippedrun_03,HVAC,39,False,1.0,1.0,0.01666666666666668
deepseek,extracted_per_run,shippedrun_04,HVAC,39,False,1.0,1.0,0.01666666666666668
deepseek,extracted_per_run,shippedrun_05,HVAC,39,False,1.0,1.0,0.01666666666666668
deepseek,order_control,control_01,HVAC,39,False,1.0,1.0,0.01416666666666668
deepseek,order_control,control_02,HVAC,39,False,1.0,1.0,0.01666666666666668
deepseek,order_control,control_03,HVAC,39,False,1.0,1.0,0.01666666666666668
deepseek,order_reversed,reversed_01,HVAC,39,False,1.0,1.0,0.01666666666666668
deepseek,order_reversed,reversed_02,HVAC,39,False,1.0,1.0,0.01666666666666668
deepseek,order_reversed,reversed_03,HVAC,39,False,1.0,1.0,0.01666666666666668
deepseek,order_reversed,reversed_04,HVAC,39,False,1.0,1.0,0.01666666666666668
deepseek,order_reversed,reversed_05,HVAC,39,False,1.0,1.0,0.01666666666666668
deepseek,extracted,,HVAC,40,False,1.0,1.0,0.01833333333333335
deepseek,default_params,,HVAC,40,False,1.0,1.0,0.0
deepseek,extracted_per_run,shippedrun_01,HVAC,40,False,1.0,1.0,0.02416666666666667
deepseek,extracted_per_run,shippedrun_02,HVAC,40,False,1.0,1.0,0.04583333333333336
deepseek,extracted_per_run,shippedrun_03,HVAC,40,False,1.0,1.0,0.026666666666666672
deepseek,extracted_per_run,shippedrun_04,HVAC,40,False,1.0,1.0,0.026666666666666672
deepseek,extracted_per_run,shippedrun_05,HVAC,40,False,1.0,1.0,0.015833333333333328
deepseek,order_control,control_01,HVAC,40,False,1.0,1.0,0.026666666666666672
deepseek,order_control,control_02,HVAC,40,False,1.0,1.0,0.029166666666666674
deepseek,order_control,control_03,HVAC,40,False,1.0,1.0,0.029166666666666674
deepseek,order_reversed,reversed_01,HVAC,40,False,1.0,1.0,0.029166666666666674
deepseek,order_reversed,reversed_02,HVAC,40,False,1.0,1.0,0.02416666666666667
deepseek,order_reversed,reversed_03,HVAC,40,False,1.0,1.0,0.026666666666666672
deepseek,order_reversed,reversed_04,HVAC,40,False,1.0,1.0,0.026666666666666672
deepseek,order_reversed,reversed_05,HVAC,40,False,1.0,1.0,0.029166666666666674
deepseek,extracted,,HVAC,41,False,1.0,1.0,0.015833333333333338
deepseek,default_params,,HVAC,41,False,1.0,1.0,0.005833333333333334
deepseek,extracted_per_run,shippedrun_01,HVAC,41,False,1.0,1.0,0.03833333333333334
deepseek,extracted_per_run,shippedrun_02,HVAC,41,False,1.0,1.0,0.023333333333333334
deepseek,extracted_per_run,shippedrun_03,HVAC,41,False,1.0,1.0,0.023333333333333334
deepseek,extracted_per_run,shippedrun_04,HVAC,41,False,1.0,1.0,0.024999999999999998
deepseek,extracted_per_run,shippedrun_05,HVAC,41,False,1.0,1.0,0.023333333333333334
deepseek,order_control,control_01,HVAC,41,False,1.0,1.0,0.020833333333333332
deepseek,order_control,control_02,HVAC,41,False,1.0,1.0,0.0275
deepseek,order_control,control_03,HVAC,41,False,1.0,1.0,0.024999999999999998
deepseek,order_reversed,reversed_01,HVAC,41,False,1.0,1.0,0.0275
deepseek,order_reversed,reversed_02,HVAC,41,False,1.0,1.0,0.023333333333333334
deepseek,order_reversed,reversed_03,HVAC,41,False,1.0,1.0,0.023333333333333334
deepseek,order_reversed,reversed_04,HVAC,41,False,1.0,1.0,0.024999999999999998
deepseek,order_reversed,reversed_05,HVAC,41,False,1.0,1.0,0.024999999999999998
deepseek,extracted,,HVAC,42,False,1.0,1.0,0.05083333333333334
deepseek,default_params,,HVAC,42,False,1.0,1.0,0.17416666666666666
deepseek,extracted_per_run,shippedrun_01,HVAC,42,False,1.0,1.0,0.05583333333333334
deepseek,extracted_per_run,shippedrun_02,HVAC,42,False,1.0,1.0,0.07250000000000001
deepseek,extracted_per_run,shippedrun_03,HVAC,42,False,1.0,1.0,0.07250000000000001
deepseek,extracted_per_run,shippedrun_04,HVAC,42,False,1.0,1.0,0.05583333333333334
deepseek,extracted_per_run,shippedrun_05,HVAC,42,False,1.0,1.0,0.2675
deepseek,order_control,control_01,HVAC,42,False,1.0,1.0,0.07
deepseek,order_control,control_02,HVAC,42,False,1.0,1.0,0.05583333333333334
deepseek,order_control,control_03,HVAC,42,False,1.0,1.0,0.2383333333333333
deepseek,order_reversed,reversed_01,HVAC,42,False,1.0,1.0,0.07
deepseek,order_reversed,reversed_02,HVAC,42,False,1.0,1.0,0.07
deepseek,order_reversed,reversed_03,HVAC,42,False,1.0,1.0,0.05583333333333334
deepseek,order_reversed,reversed_04,HVAC,42,False,1.0,1.0,0.07
deepseek,order_reversed,reversed_05,HVAC,42,False,1.0,1.0,0.2675
deepseek,extracted,,HVAC,43,False,0.33333333333333337,0.0,0.009166666666666675
deepseek,default_params,,HVAC,43,False,1.0,1.0,0.032499999999999994
deepseek,extracted_per_run,shippedrun_01,HVAC,43,False,1.0,1.0,0.03833333333333333
deepseek,extracted_per_run,shippedrun_02,HVAC,43,False,0.33333333333333337,0.0,0.01416666666666666
deepseek,extracted_per_run,shippedrun_03,HVAC,43,False,0.33333333333333337,0.0,0.02416666666666667
deepseek,extracted_per_run,shippedrun_04,HVAC,43,False,0.33333333333333337,0.0,0.015833333333333338
deepseek,extracted_per_run,shippedrun_05,HVAC,43,False,0.33333333333333337,0.0,0.023333333333333334
deepseek,order_control,control_01,HVAC,43,False,0.33333333333333337,0.0,0.015833333333333338
deepseek,order_control,control_02,HVAC,43,False,0.33333333333333337,0.0,0.02416666666666667
deepseek,order_control,control_03,HVAC,43,False,0.33333333333333337,0.0,0.02416666666666667
deepseek,order_reversed,reversed_01,HVAC,43,False,0.33333333333333337,0.0,0.01416666666666666
deepseek,order_reversed,reversed_02,HVAC,43,False,0.33333333333333337,0.0,0.02416666666666667
deepseek,order_reversed,reversed_03,HVAC,43,False,0.33333333333333337,0.0,0.01416666666666666
deepseek,order_reversed,reversed_04,HVAC,43,False,0.33333333333333337,0.0,0.02416666666666667
deepseek,order_reversed,reversed_05,HVAC,43,False,0.33333333333333337,0.0,0.02416666666666667
deepseek,extracted,,HVAC,44,False,1.0,1.0,0.007500000000000007
deepseek,default_params,,HVAC,44,False,0.33333333333333337,0.0,0.055000000000000014
deepseek,extracted_per_run,shippedrun_01,HVAC,44,False,1.0,1.0,0.010000000000000009
deepseek,extracted_per_run,shippedrun_02,HVAC,44,False,1.0,1.0,0.003333333333333336
deepseek,extracted_per_run,shippedrun_03,HVAC,44,False,1.0,1.0,0.0050000000000000044
deepseek,extracted_per_run,shippedrun_04,HVAC,44,False,1.0,1.0,0.003333333333333336
deepseek,extracted_per_run,shippedrun_05,HVAC,44,False,1.0,1.0,0.003333333333333336
deepseek,order_control,control_01,HVAC,44,False,1.0,1.0,0.009166666666666675
deepseek,order_control,control_02,HVAC,44,False,1.0,1.0,0.010833333333333342
deepseek,order_control,control_03,HVAC,44,False,1.0,1.0,0.003333333333333336
deepseek,order_reversed,reversed_01,HVAC,44,False,1.0,1.0,0.009166666666666675
deepseek,order_reversed,reversed_02,HVAC,44,False,1.0,1.0,0.009166666666666675
deepseek,order_reversed,reversed_03,HVAC,44,False,1.0,1.0,0.009166666666666675
deepseek,order_reversed,reversed_04,HVAC,44,False,1.0,1.0,0.003333333333333336
deepseek,order_reversed,reversed_05,HVAC,44,False,1.0,1.0,0.009166666666666675
deepseek,extracted,,HVAC,45,False,1.0,1.0,0.029166666666666674
deepseek,default_params,,HVAC,45,False,1.0,1.0,0.17750000000000002
deepseek,extracted_per_run,shippedrun_01,HVAC,45,False,1.0,1.0,0.04083333333333334
deepseek,extracted_per_run,shippedrun_02,HVAC,45,False,1.0,1.0,0.04083333333333334
deepseek,extracted_per_run,shippedrun_03,HVAC,45,False,1.0,1.0,0.007499999999999997
deepseek,extracted_per_run,shippedrun_04,HVAC,45,False,1.0,1.0,0.04083333333333334
deepseek,extracted_per_run,shippedrun_05,HVAC,45,False,1.0,1.0,0.03000000000000001
deepseek,order_control,control_01,HVAC,45,False,1.0,1.0,0.04083333333333334
deepseek,order_control,control_02,HVAC,45,False,1.0,1.0,0.04083333333333334
deepseek,order_control,control_03,HVAC,45,False,1.0,1.0,0.04083333333333334
deepseek,order_reversed,reversed_01,HVAC,45,False,1.0,1.0,0.03000000000000001
deepseek,order_reversed,reversed_02,HVAC,45,False,1.0,1.0,0.04083333333333334
deepseek,order_reversed,reversed_03,HVAC,45,False,1.0,1.0,0.04083333333333334
deepseek,order_reversed,reversed_04,HVAC,45,False,1.0,1.0,0.01
deepseek,order_reversed,reversed_05,HVAC,45,False,1.0,1.0,0.04083333333333334
deepseek,extracted,,HVAC,46,False,1.0,1.0,0.032499999999999994
deepseek,default_params,,HVAC,46,False,0.33333333333333337,1.0,0.13499999999999998
deepseek,extracted_per_run,shippedrun_01,HVAC,46,False,1.0,1.0,0.02999999999999999
deepseek,extracted_per_run,shippedrun_02,HVAC,46,False,1.0,1.0,0.034999999999999996
deepseek,extracted_per_run,shippedrun_03,HVAC,46,False,1.0,1.0,0.02999999999999999
deepseek,extracted_per_run,shippedrun_04,HVAC,46,False,1.0,1.0,0.034999999999999996
deepseek,extracted_per_run,shippedrun_05,HVAC,46,False,1.0,1.0,0.034999999999999996
deepseek,order_control,control_01,HVAC,46,False,1.0,1.0,0.034999999999999996
deepseek,order_control,control_02,HVAC,46,False,1.0,1.0,0.025833333333333337
deepseek,order_control,control_03,HVAC,46,False,1.0,1.0,0.034999999999999996
deepseek,order_reversed,reversed_01,HVAC,46,False,1.0,1.0,0.034999999999999996
deepseek,order_reversed,reversed_02,HVAC,46,False,1.0,1.0,0.03083333333333334
deepseek,order_reversed,reversed_03,HVAC,46,False,1.0,1.0,0.034999999999999996
deepseek,order_reversed,reversed_04,HVAC,46,False,1.0,1.0,0.034999999999999996
deepseek,order_reversed,reversed_05,HVAC,46,False,1.0,1.0,0.034999999999999996
deepseek,extracted,,HVAC,47,False,1.0,1.0,0.027500000000000014
deepseek,default_params,,HVAC,47,False,1.0,1.0,0.059166666666666666
deepseek,extracted_per_run,shippedrun_01,HVAC,47,False,1.0,1.0,0.08083333333333333
deepseek,extracted_per_run,shippedrun_02,HVAC,47,False,1.0,1.0,0.04250000000000002
deepseek,extracted_per_run,shippedrun_03,HVAC,47,False,1.0,1.0,0.04250000000000002
deepseek,extracted_per_run,shippedrun_04,HVAC,47,False,1.0,1.0,0.04250000000000002
deepseek,extracted_per_run,shippedrun_05,HVAC,47,False,1.0,1.0,0.04500000000000002
deepseek,order_control,control_01,HVAC,47,False,1.0,1.0,0.04500000000000002
deepseek,order_control,control_02,HVAC,47,False,1.0,1.0,0.04500000000000002
deepseek,order_control,control_03,HVAC,47,False,1.0,1.0,0.04500000000000002
deepseek,order_reversed,reversed_01,HVAC,47,False,1.0,1.0,0.04500000000000002
deepseek,order_reversed,reversed_02,HVAC,47,False,1.0,1.0,0.04500000000000002
deepseek,order_reversed,reversed_03,HVAC,47,False,1.0,1.0,0.04500000000000002
deepseek,order_reversed,reversed_04,HVAC,47,False,1.0,1.0,0.04500000000000002
deepseek,order_reversed,reversed_05,HVAC,47,False,1.0,1.0,0.04500000000000002
deepseek,extracted,,HVAC,48,False,1.0,1.0,0.005833333333333339
deepseek,default_params,,HVAC,48,False,1.0,1.0,0.18083333333333332
deepseek,extracted_per_run,shippedrun_01,HVAC,48,False,1.0,1.0,0.07916666666666668
deepseek,extracted_per_run,shippedrun_02,HVAC,48,False,1.0,1.0,0.016666666666666663
deepseek,extracted_per_run,shippedrun_03,HVAC,48,False,1.0,1.0,0.009166666666666675
deepseek,extracted_per_run,shippedrun_04,HVAC,48,False,1.0,1.0,0.03666666666666666
deepseek,extracted_per_run,shippedrun_05,HVAC,48,False,1.0,1.0,0.009166666666666675
deepseek,order_control,control_01,HVAC,48,False,1.0,1.0,0.009166666666666675
deepseek,order_control,control_02,HVAC,48,False,1.0,1.0,0.009166666666666675
deepseek,order_control,control_03,HVAC,48,False,1.0,1.0,0.03666666666666666
deepseek,order_reversed,reversed_01,HVAC,48,False,1.0,1.0,0.009166666666666675
deepseek,order_reversed,reversed_02,HVAC,48,False,1.0,1.0,0.009166666666666675
deepseek,order_reversed,reversed_03,HVAC,48,False,1.0,1.0,0.03666666666666666
deepseek,order_reversed,reversed_04,HVAC,48,False,1.0,1.0,0.009166666666666675
deepseek,order_reversed,reversed_05,HVAC,48,False,1.0,1.0,0.009166666666666675
deepseek,extracted,,HVAC,49,False,1.0,1.0,0.000833333333333334
deepseek,default_params,,HVAC,49,False,1.0,1.0,0.1433333333333333
deepseek,extracted_per_run,shippedrun_01,HVAC,49,False,1.0,1.0,0.02583333333333332
deepseek,extracted_per_run,shippedrun_02,HVAC,49,False,0.33333333333333337,1.0,0.020833333333333332
deepseek,extracted_per_run,shippedrun_03,HVAC,49,False,1.0,1.0,0.02583333333333332
deepseek,extracted_per_run,shippedrun_04,HVAC,49,False,1.0,1.0,0.013333333333333327
deepseek,extracted_per_run,shippedrun_05,HVAC,49,False,1.0,1.0,0.02583333333333332
deepseek,order_control,control_01,HVAC,49,False,0.33333333333333337,1.0,0.020833333333333332
deepseek,order_control,control_02,HVAC,49,False,1.0,1.0,0.013333333333333327
deepseek,order_control,control_03,HVAC,49,False,1.0,1.0,0.013333333333333327
deepseek,order_reversed,reversed_01,HVAC,49,False,1.0,1.0,0.013333333333333327
deepseek,order_reversed,reversed_02,HVAC,49,False,1.0,1.0,0.013333333333333327
deepseek,order_reversed,reversed_03,HVAC,49,False,0.33333333333333337,1.0,0.020833333333333332
deepseek,order_reversed,reversed_04,HVAC,49,False,0.33333333333333337,1.0,0.020833333333333332
deepseek,order_reversed,reversed_05,HVAC,49,False,0.33333333333333337,1.0,0.020833333333333332
deepseek,extracted,,HVAC,50,False,1.0,1.0,0.09333333333333331
deepseek,default_params,,HVAC,50,False,1.0,1.0,0.047499999999999966
deepseek,extracted_per_run,shippedrun_01,HVAC,50,False,1.0,1.0,0.09166666666666663
deepseek,extracted_per_run,shippedrun_02,HVAC,50,False,1.0,1.0,0.09416666666666662
deepseek,extracted_per_run,shippedrun_03,HVAC,50,False,1.0,1.0,0.09416666666666662
deepseek,extracted_per_run,shippedrun_04,HVAC,50,False,1.0,1.0,0.09416666666666662
deepseek,extracted_per_run,shippedrun_05,HVAC,50,False,1.0,1.0,0.09166666666666663
deepseek,order_control,control_01,HVAC,50,False,1.0,1.0,0.09416666666666662
deepseek,order_control,control_02,HVAC,50,False,1.0,1.0,0.09166666666666663
deepseek,order_control,control_03,HVAC,50,False,1.0,1.0,0.09166666666666663
deepseek,order_reversed,reversed_01,HVAC,50,False,1.0,1.0,0.09166666666666663
deepseek,order_reversed,reversed_02,HVAC,50,False,1.0,1.0,0.09166666666666663
deepseek,order_reversed,reversed_03,HVAC,50,False,1.0,1.0,0.09416666666666662
deepseek,order_reversed,reversed_04,HVAC,50,False,1.0,1.0,0.09166666666666663
deepseek,order_reversed,reversed_05,HVAC,50,False,1.0,1.0,0.09166666666666663
deepseek,extracted,,HVAC,51,False,1.0,1.0,0.06999999999999998
deepseek,default_params,,HVAC,51,False,0.33333333333333337,0.0,0.17666666666666664
deepseek,extracted_per_run,shippedrun_01,HVAC,51,False,1.0,1.0,0.06999999999999998
deepseek,extracted_per_run,shippedrun_02,HVAC,51,False,1.0,1.0,0.06999999999999998
deepseek,extracted_per_run,shippedrun_03,HVAC,51,False,1.0,1.0,0.06999999999999998
deepseek,extracted_per_run,shippedrun_04,HVAC,51,False,1.0,1.0,0.07249999999999998
deepseek,extracted_per_run,shippedrun_05,HVAC,51,False,1.0,1.0,0.06999999999999998
deepseek,order_control,control_01,HVAC,51,False,1.0,1.0,0.07249999999999998
deepseek,order_control,control_02,HVAC,51,False,1.0,1.0,0.06999999999999998
deepseek,order_control,control_03,HVAC,51,False,1.0,1.0,0.06999999999999998
deepseek,order_reversed,reversed_01,HVAC,51,False,1.0,1.0,0.06999999999999998
deepseek,order_reversed,reversed_02,HVAC,51,False,1.0,1.0,0.07249999999999998
deepseek,order_reversed,reversed_03,HVAC,51,False,1.0,1.0,0.06999999999999998
deepseek,order_reversed,reversed_04,HVAC,51,False,1.0,1.0,0.07249999999999998
deepseek,order_reversed,reversed_05,HVAC,51,False,1.0,1.0,0.07249999999999998
deepseek,extracted,,HVAC,52,False,1.0,1.0,0.007500000000000007
deepseek,default_params,,HVAC,52,False,1.0,1.0,0.015000000000000013
deepseek,extracted_per_run,shippedrun_01,HVAC,52,False,1.0,1.0,0.007500000000000007
deepseek,extracted_per_run,shippedrun_02,HVAC,52,False,1.0,1.0,0.0050000000000000044
deepseek,extracted_per_run,shippedrun_03,HVAC,52,False,1.0,1.0,0.007500000000000007
deepseek,extracted_per_run,shippedrun_04,HVAC,52,False,1.0,1.0,0.010000000000000009
deepseek,extracted_per_run,shippedrun_05,HVAC,52,False,1.0,1.0,0.0050000000000000044
deepseek,order_control,control_01,HVAC,52,False,1.0,1.0,0.010000000000000009
deepseek,order_control,control_02,HVAC,52,False,1.0,1.0,0.010000000000000009
deepseek,order_control,control_03,HVAC,52,False,1.0,1.0,0.0050000000000000044
deepseek,order_reversed,reversed_01,HVAC,52,False,1.0,1.0,0.007500000000000007
deepseek,order_reversed,reversed_02,HVAC,52,False,1.0,1.0,0.0050000000000000044
deepseek,order_reversed,reversed_03,HVAC,52,False,1.0,1.0,0.007500000000000007
deepseek,order_reversed,reversed_04,HVAC,52,False,1.0,1.0,0.007500000000000007
deepseek,order_reversed,reversed_05,HVAC,52,False,1.0,1.0,0.010000000000000009
deepseek,extracted,,HVAC,53,False,1.0,1.0,0.05666666666666667
deepseek,default_params,,HVAC,53,False,1.0,1.0,0.029166666666666646
deepseek,extracted_per_run,shippedrun_01,HVAC,53,False,0.33333333333333337,1.0,0.08249999999999999
deepseek,extracted_per_run,shippedrun_02,HVAC,53,False,1.0,1.0,0.05416666666666667
deepseek,extracted_per_run,shippedrun_03,HVAC,53,False,1.0,1.0,0.049166666666666664
deepseek,extracted_per_run,shippedrun_04,HVAC,53,False,1.0,1.0,0.049166666666666664
deepseek,extracted_per_run,shippedrun_05,HVAC,53,False,1.0,1.0,0.049166666666666664
deepseek,order_control,control_01,HVAC,53,False,1.0,1.0,0.049166666666666664
deepseek,order_control,control_02,HVAC,53,False,1.0,1.0,0.049166666666666664
deepseek,order_control,control_03,HVAC,53,False,1.0,1.0,0.049166666666666664
deepseek,order_reversed,reversed_01,HVAC,53,False,1.0,1.0,0.049166666666666664
deepseek,order_reversed,reversed_02,HVAC,53,False,1.0,1.0,0.05416666666666667
deepseek,order_reversed,reversed_03,HVAC,53,False,1.0,1.0,0.049166666666666664
deepseek,order_reversed,reversed_04,HVAC,53,False,1.0,1.0,0.05416666666666667
deepseek,order_reversed,reversed_05,HVAC,53,False,1.0,1.0,0.049166666666666664
deepseek,extracted,,HVAC,54,False,0.33333333333333337,0.0,0.00833333333333334
deepseek,default_params,,HVAC,54,False,1.0,1.0,0.007500000000000007
deepseek,extracted_per_run,shippedrun_01,HVAC,54,False,0.33333333333333337,0.0,0.02416666666666667
deepseek,extracted_per_run,shippedrun_02,HVAC,54,False,0.33333333333333337,0.0,0.010833333333333342
deepseek,extracted_per_run,shippedrun_03,HVAC,54,False,0.33333333333333337,0.0,0.026666666666666672
deepseek,extracted_per_run,shippedrun_04,HVAC,54,False,0.33333333333333337,0.0,0.00833333333333334
deepseek,extracted_per_run,shippedrun_05,HVAC,54,False,1.0,1.0,0.0
deepseek,order_control,control_01,HVAC,54,False,0.33333333333333337,0.0,0.010833333333333342
deepseek,order_control,control_02,HVAC,54,False,0.33333333333333337,0.0,0.010833333333333342
deepseek,order_control,control_03,HVAC,54,False,0.33333333333333337,0.0,0.013333333333333345
deepseek,order_reversed,reversed_01,HVAC,54,False,0.33333333333333337,0.0,0.00833333333333334
deepseek,order_reversed,reversed_02,HVAC,54,False,0.33333333333333337,0.0,0.010833333333333342
deepseek,order_reversed,reversed_03,HVAC,54,False,0.33333333333333337,0.0,0.00833333333333334
deepseek,order_reversed,reversed_04,HVAC,54,False,0.33333333333333337,0.0,0.00833333333333334
deepseek,order_reversed,reversed_05,HVAC,54,False,0.33333333333333337,0.0,0.013333333333333345
deepseek,extracted,,HVAC,55,False,1.0,1.0,0.027499999999999997
deepseek,default_params,,HVAC,55,False,1.0,1.0,0.04833333333333334
deepseek,extracted_per_run,shippedrun_01,HVAC,55,False,1.0,1.0,0.03
deepseek,extracted_per_run,shippedrun_02,HVAC,55,False,1.0,1.0,0.03
deepseek,extracted_per_run,shippedrun_03,HVAC,55,False,1.0,1.0,0.02666666666666666
deepseek,extracted_per_run,shippedrun_04,HVAC,55,False,1.0,1.0,0.02583333333333333
deepseek,extracted_per_run,shippedrun_05,HVAC,55,False,1.0,1.0,0.02583333333333333
deepseek,order_control,control_01,HVAC,55,False,1.0,1.0,0.02583333333333333
deepseek,order_control,control_02,HVAC,55,False,1.0,1.0,0.02666666666666666
deepseek,order_control,control_03,HVAC,55,False,1.0,1.0,0.02583333333333333
deepseek,order_reversed,reversed_01,HVAC,55,False,1.0,1.0,0.024999999999999994
deepseek,order_reversed,reversed_02,HVAC,55,False,1.0,1.0,0.024999999999999994
deepseek,order_reversed,reversed_03,HVAC,55,False,1.0,1.0,0.02583333333333333
deepseek,order_reversed,reversed_04,HVAC,55,False,1.0,1.0,0.02583333333333333
deepseek,order_reversed,reversed_05,HVAC,55,False,1.0,1.0,0.024999999999999994
deepseek,extracted,,HVAC,56,False,0.33333333333333337,0.0,0.017500000000000016
deepseek,default_params,,HVAC,56,False,0.33333333333333337,0.0,0.03250000000000002
deepseek,extracted_per_run,shippedrun_01,HVAC,56,False,0.33333333333333337,0.0,0.02250000000000002
deepseek,extracted_per_run,shippedrun_02,HVAC,56,False,0.33333333333333337,0.0,0.017500000000000016
deepseek,extracted_per_run,shippedrun_03,HVAC,56,False,0.33333333333333337,0.0,0.017500000000000016
deepseek,extracted_per_run,shippedrun_04,HVAC,56,False,0.33333333333333337,0.0,0.017500000000000016
deepseek,extracted_per_run,shippedrun_05,HVAC,56,False,0.33333333333333337,0.0,0.017500000000000016
deepseek,order_control,control_01,HVAC,56,False,0.33333333333333337,0.0,0.020000000000000018
deepseek,order_control,control_02,HVAC,56,False,0.33333333333333337,0.0,0.017500000000000016
deepseek,order_control,control_03,HVAC,56,False,0.33333333333333337,0.0,0.019166666666666683
deepseek,order_reversed,reversed_01,HVAC,56,False,0.33333333333333337,0.0,0.012500000000000011
deepseek,order_reversed,reversed_02,HVAC,56,False,0.33333333333333337,0.0,0.017500000000000016
deepseek,order_reversed,reversed_03,HVAC,56,False,0.33333333333333337,0.0,0.017500000000000016
deepseek,order_reversed,reversed_04,HVAC,56,False,0.33333333333333337,0.0,0.017500000000000016
deepseek,order_reversed,reversed_05,HVAC,56,False,0.33333333333333337,0.0,0.017500000000000016
deepseek,extracted,,HVAC,57,False,1.0,1.0,0.07083333333333333
deepseek,default_params,,HVAC,57,False,1.0,1.0,0.11083333333333334
deepseek,extracted_per_run,shippedrun_01,HVAC,57,False,1.0,1.0,0.07583333333333332
deepseek,extracted_per_run,shippedrun_02,HVAC,57,False,1.0,1.0,0.07083333333333333
deepseek,extracted_per_run,shippedrun_03,HVAC,57,False,1.0,1.0,0.07083333333333333
deepseek,extracted_per_run,shippedrun_04,HVAC,57,False,1.0,1.0,0.07083333333333333
deepseek,extracted_per_run,shippedrun_05,HVAC,57,False,1.0,1.0,0.07083333333333333
deepseek,order_control,control_01,HVAC,57,False,1.0,1.0,0.07083333333333333
deepseek,order_control,control_02,HVAC,57,False,1.0,1.0,0.07083333333333333
deepseek,order_control,control_03,HVAC,57,False,1.0,1.0,0.07083333333333333
deepseek,order_reversed,reversed_01,HVAC,57,False,1.0,1.0,0.07083333333333333
deepseek,order_reversed,reversed_02,HVAC,57,False,1.0,1.0,0.07083333333333333
deepseek,order_reversed,reversed_03,HVAC,57,False,1.0,1.0,0.07083333333333333
deepseek,order_reversed,reversed_04,HVAC,57,False,1.0,1.0,0.07083333333333333
deepseek,order_reversed,reversed_05,HVAC,57,False,1.0,1.0,0.07083333333333333
deepseek,extracted,,HVAC,58,False,1.0,1.0,0.04833333333333332
deepseek,default_params,,HVAC,58,False,1.0,1.0,0.08249999999999998
deepseek,extracted_per_run,shippedrun_01,HVAC,58,False,1.0,1.0,0.03333333333333332
deepseek,extracted_per_run,shippedrun_02,HVAC,58,False,0.33333333333333337,0.0,0.10249999999999998
deepseek,extracted_per_run,shippedrun_03,HVAC,58,False,0.33333333333333337,0.0,0.10249999999999998
deepseek,extracted_per_run,shippedrun_04,HVAC,58,False,1.0,1.0,0.009166666666666656
deepseek,extracted_per_run,shippedrun_05,HVAC,58,False,1.0,1.0,0.06666666666666667
deepseek,order_control,control_01,HVAC,58,False,1.0,1.0,0.009166666666666656
deepseek,order_control,control_02,HVAC,58,False,1.0,1.0,0.03333333333333332
deepseek,order_control,control_03,HVAC,58,False,1.0,1.0,0.009166666666666656
deepseek,order_reversed,reversed_01,HVAC,58,False,1.0,1.0,0.018333333333333316
deepseek,order_reversed,reversed_02,HVAC,58,False,1.0,1.0,0.018333333333333316
deepseek,order_reversed,reversed_03,HVAC,58,False,1.0,1.0,0.018333333333333316
deepseek,order_reversed,reversed_04,HVAC,58,False,0.33333333333333337,0.0,0.13999999999999999
deepseek,order_reversed,reversed_05,HVAC,58,False,1.0,1.0,0.018333333333333316
deepseek,extracted,,HVAC,59,False,1.0,1.0,0.021666666666666678
deepseek,default_params,,HVAC,59,False,1.0,1.0,0.026666666666666682
deepseek,extracted_per_run,shippedrun_01,HVAC,59,False,1.0,1.0,0.09833333333333333
deepseek,extracted_per_run,shippedrun_02,HVAC,59,False,1.0,1.0,0.051666666666666666
deepseek,extracted_per_run,shippedrun_03,HVAC,59,False,1.0,1.0,0.011666666666666667
deepseek,extracted_per_run,shippedrun_04,HVAC,59,False,1.0,1.0,0.049166666666666664
deepseek,extracted_per_run,shippedrun_05,HVAC,59,False,1.0,1.0,0.051666666666666666
deepseek,order_control,control_01,HVAC,59,False,1.0,1.0,0.051666666666666666
deepseek,order_control,control_02,HVAC,59,False,1.0,1.0,0.011666666666666667
deepseek,order_control,control_03,HVAC,59,False,1.0,1.0,0.011666666666666667
deepseek,order_reversed,reversed_01,HVAC,59,False,1.0,1.0,0.051666666666666666
deepseek,order_reversed,reversed_02,HVAC,59,False,1.0,1.0,0.051666666666666666
deepseek,order_reversed,reversed_03,HVAC,59,False,1.0,1.0,0.0525
deepseek,order_reversed,reversed_04,HVAC,59,False,1.0,1.0,0.01416666666666667
deepseek,order_reversed,reversed_05,HVAC,59,False,1.0,1.0,0.0525
deepseek,extracted,,HVAC,60,False,1.0,1.0,0.009999999999999981
deepseek,default_params,,HVAC,60,False,1.0,1.0,0.014999999999999986
deepseek,extracted_per_run,shippedrun_01,HVAC,60,False,1.0,1.0,0.012499999999999983
deepseek,extracted_per_run,shippedrun_02,HVAC,60,False,1.0,1.0,0.009999999999999981
deepseek,extracted_per_run,shippedrun_03,HVAC,60,False,1.0,1.0,0.009999999999999981
deepseek,extracted_per_run,shippedrun_04,HVAC,60,False,1.0,1.0,0.012499999999999983
deepseek,extracted_per_run,shippedrun_05,HVAC,60,False,1.0,1.0,0.009999999999999981
deepseek,order_control,control_01,HVAC,60,False,1.0,1.0,0.009999999999999981
deepseek,order_control,control_02,HVAC,60,False,1.0,1.0,0.010833333333333315
deepseek,order_control,control_03,HVAC,60,False,1.0,1.0,0.009999999999999981
deepseek,order_reversed,reversed_01,HVAC,60,False,1.0,1.0,0.009999999999999981
deepseek,order_reversed,reversed_02,HVAC,60,False,1.0,1.0,0.009999999999999981
deepseek,order_reversed,reversed_03,HVAC,60,False,1.0,1.0,0.009999999999999981
deepseek,order_reversed,reversed_04,HVAC,60,False,1.0,1.0,0.009999999999999981
deepseek,order_reversed,reversed_05,HVAC,60,False,1.0,1.0,0.009999999999999981
deepseek,extracted,,HVAC,61,False,1.0,1.0,0.02416666666666667
deepseek,default_params,,HVAC,61,False,1.0,1.0,0.04666666666666667
deepseek,extracted_per_run,shippedrun_01,HVAC,61,False,1.0,1.0,0.05416666666666666
deepseek,extracted_per_run,shippedrun_02,HVAC,61,False,1.0,1.0,0.01833333333333333
deepseek,extracted_per_run,shippedrun_03,HVAC,61,False,1.0,1.0,0.020833333333333332
deepseek,extracted_per_run,shippedrun_04,HVAC,61,False,1.0,1.0,0.020833333333333332
deepseek,extracted_per_run,shippedrun_05,HVAC,61,False,1.0,1.0,0.020833333333333332
deepseek,order_control,control_01,HVAC,61,False,1.0,1.0,0.020833333333333332
deepseek,order_control,control_02,HVAC,61,False,1.0,1.0,0.020833333333333332
deepseek,order_control,control_03,HVAC,61,False,1.0,1.0,0.020833333333333332
deepseek,order_reversed,reversed_01,HVAC,61,False,1.0,1.0,0.020833333333333332
deepseek,order_reversed,reversed_02,HVAC,61,False,1.0,1.0,0.01833333333333333
deepseek,order_reversed,reversed_03,HVAC,61,False,1.0,1.0,0.01833333333333333
deepseek,order_reversed,reversed_04,HVAC,61,False,1.0,1.0,0.01833333333333333
deepseek,order_reversed,reversed_05,HVAC,61,False,1.0,1.0,0.020833333333333332
deepseek,extracted,,HVAC,62,False,1.0,1.0,0.012500000000000011
deepseek,default_params,,HVAC,62,False,1.0,1.0,0.03666666666666666
deepseek,extracted_per_run,shippedrun_01,HVAC,62,False,1.0,1.0,0.09500000000000001
deepseek,extracted_per_run,shippedrun_02,HVAC,62,False,1.0,1.0,0.029166666666666674
deepseek,extracted_per_run,shippedrun_03,HVAC,62,False,1.0,1.0,0.031666666666666676
deepseek,extracted_per_run,shippedrun_04,HVAC,62,False,1.0,1.0,0.08083333333333333
deepseek,extracted_per_run,shippedrun_05,HVAC,62,False,1.0,1.0,0.031666666666666676
deepseek,order_control,control_01,HVAC,62,False,1.0,1.0,0.029166666666666674
deepseek,order_control,control_02,HVAC,62,False,1.0,1.0,0.07833333333333332
deepseek,order_control,control_03,HVAC,62,False,1.0,1.0,0.07833333333333332
deepseek,order_reversed,reversed_01,HVAC,62,False,1.0,1.0,0.08083333333333333
deepseek,order_reversed,reversed_02,HVAC,62,False,1.0,1.0,0.08083333333333333
deepseek,order_reversed,reversed_03,HVAC,62,False,1.0,1.0,0.07833333333333332
deepseek,order_reversed,reversed_04,HVAC,62,False,1.0,1.0,0.07833333333333332
deepseek,order_reversed,reversed_05,HVAC,62,False,1.0,1.0,0.08083333333333333
deepseek,extracted,,HVAC,63,False,1.0,1.0,0.04916666666666667
deepseek,default_params,,HVAC,63,False,1.0,1.0,0.061666666666666675
deepseek,extracted_per_run,shippedrun_01,HVAC,63,False,1.0,1.0,0.06416666666666668
deepseek,extracted_per_run,shippedrun_02,HVAC,63,False,1.0,1.0,0.010833333333333328
deepseek,extracted_per_run,shippedrun_03,HVAC,63,False,1.0,1.0,0.05250000000000001
deepseek,extracted_per_run,shippedrun_04,HVAC,63,False,1.0,1.0,0.010833333333333328
deepseek,extracted_per_run,shippedrun_05,HVAC,63,False,1.0,1.0,0.24083333333333332
deepseek,order_control,control_01,HVAC,63,False,1.0,1.0,0.24083333333333332
deepseek,order_control,control_02,HVAC,63,False,1.0,1.0,0.010833333333333328
deepseek,order_control,control_03,HVAC,63,False,1.0,1.0,0.39749999999999996
deepseek,order_reversed,reversed_01,HVAC,63,False,1.0,1.0,0.24083333333333332
deepseek,order_reversed,reversed_02,HVAC,63,False,1.0,1.0,0.24083333333333332
deepseek,order_reversed,reversed_03,HVAC,63,False,1.0,1.0,0.012499999999999997
deepseek,order_reversed,reversed_04,HVAC,63,False,1.0,1.0,0.24083333333333332
deepseek,order_reversed,reversed_05,HVAC,63,False,1.0,1.0,0.034999999999999996
deepseek,extracted,,HVAC,64,False,1.0,1.0,0.008333333333333323
deepseek,default_params,,HVAC,64,False,1.0,1.0,0.01833333333333333
deepseek,extracted_per_run,shippedrun_01,HVAC,64,False,1.0,1.0,0.015000000000000013
deepseek,extracted_per_run,shippedrun_02,HVAC,64,False,1.0,1.0,0.015000000000000013
deepseek,extracted_per_run,shippedrun_03,HVAC,64,False,1.0,1.0,0.043333333333333335
deepseek,extracted_per_run,shippedrun_04,HVAC,64,False,1.0,1.0,0.015000000000000013
deepseek,extracted_per_run,shippedrun_05,HVAC,64,False,1.0,1.0,0.015000000000000013
deepseek,order_control,control_01,HVAC,64,False,1.0,1.0,0.043333333333333335
deepseek,order_control,control_02,HVAC,64,False,1.0,1.0,0.015000000000000013
deepseek,order_control,control_03,HVAC,64,False,1.0,1.0,0.015000000000000013
deepseek,order_reversed,reversed_01,HVAC,64,False,1.0,1.0,0.015000000000000013
deepseek,order_reversed,reversed_02,HVAC,64,False,1.0,1.0,0.015000000000000013
deepseek,order_reversed,reversed_03,HVAC,64,False,1.0,1.0,0.015000000000000013
deepseek,order_reversed,reversed_04,HVAC,64,False,1.0,1.0,0.015000000000000013
deepseek,order_reversed,reversed_05,HVAC,64,False,1.0,1.0,0.015000000000000013
deepseek,extracted,,HVAC,65,False,1.0,1.0,0.009166666666666656
deepseek,default_params,,HVAC,65,False,1.0,1.0,0.14583333333333331
deepseek,extracted_per_run,shippedrun_01,HVAC,65,False,1.0,1.0,0.039166666666666655
deepseek,extracted_per_run,shippedrun_02,HVAC,65,False,1.0,1.0,0.039166666666666655
deepseek,extracted_per_run,shippedrun_03,HVAC,65,False,1.0,1.0,0.02416666666666668
deepseek,extracted_per_run,shippedrun_04,HVAC,65,False,1.0,1.0,0.02416666666666668
deepseek,extracted_per_run,shippedrun_05,HVAC,65,False,1.0,1.0,0.039166666666666655
deepseek,order_control,control_01,HVAC,65,False,1.0,1.0,0.02416666666666668
deepseek,order_control,control_02,HVAC,65,False,1.0,1.0,0.02416666666666668
deepseek,order_control,control_03,HVAC,65,False,1.0,1.0,0.03833333333333332
deepseek,order_reversed,reversed_01,HVAC,65,False,1.0,1.0,0.039166666666666655
deepseek,order_reversed,reversed_02,HVAC,65,False,1.0,1.0,0.039166666666666655
deepseek,order_reversed,reversed_03,HVAC,65,False,1.0,1.0,0.039166666666666655
deepseek,order_reversed,reversed_04,HVAC,65,False,1.0,1.0,0.03833333333333332
deepseek,order_reversed,reversed_05,HVAC,65,False,1.0,1.0,0.039166666666666655
deepseek,extracted,,HVAC,66,False,1.0,1.0,0.06333333333333334
deepseek,default_params,,HVAC,66,False,1.0,1.0,0.2866666666666666
deepseek,extracted_per_run,shippedrun_01,HVAC,66,False,1.0,1.0,0.06833333333333334
deepseek,extracted_per_run,shippedrun_02,HVAC,66,False,1.0,1.0,0.06833333333333334
deepseek,extracted_per_run,shippedrun_03,HVAC,66,False,1.0,1.0,0.03916666666666668
deepseek,extracted_per_run,shippedrun_04,HVAC,66,False,1.0,1.0,0.06833333333333334
deepseek,extracted_per_run,shippedrun_05,HVAC,66,False,1.0,1.0,0.06833333333333334
deepseek,order_control,control_01,HVAC,66,False,1.0,1.0,0.06833333333333334
deepseek,order_control,control_02,HVAC,66,False,1.0,1.0,0.06833333333333334
deepseek,order_control,control_03,HVAC,66,False,1.0,1.0,0.06833333333333334
deepseek,order_reversed,reversed_01,HVAC,66,False,1.0,1.0,0.06833333333333334
deepseek,order_reversed,reversed_02,HVAC,66,False,1.0,1.0,0.06833333333333334
deepseek,order_reversed,reversed_03,HVAC,66,False,1.0,1.0,0.06833333333333334
deepseek,order_reversed,reversed_04,HVAC,66,False,1.0,1.0,0.13833333333333334
deepseek,order_reversed,reversed_05,HVAC,66,False,1.0,1.0,0.06833333333333334
deepseek,extracted,,HVAC,67,False,1.0,1.0,0.032499999999999994
deepseek,default_params,,HVAC,67,False,1.0,1.0,0.012500000000000011
deepseek,extracted_per_run,shippedrun_01,HVAC,67,False,1.0,1.0,0.05416666666666667
deepseek,extracted_per_run,shippedrun_02,HVAC,67,False,1.0,1.0,0.02
deepseek,extracted_per_run,shippedrun_03,HVAC,67,False,1.0,1.0,0.02
deepseek,extracted_per_run,shippedrun_04,HVAC,67,False,1.0,1.0,0.02
deepseek,extracted_per_run,shippedrun_05,HVAC,67,False,1.0,1.0,0.05583333333333334
deepseek,order_control,control_01,HVAC,67,False,1.0,1.0,0.02
deepseek,order_control,control_02,HVAC,67,False,1.0,1.0,0.05416666666666667
deepseek,order_control,control_03,HVAC,67,False,1.0,1.0,0.02
deepseek,order_reversed,reversed_01,HVAC,67,False,1.0,1.0,0.02
deepseek,order_reversed,reversed_02,HVAC,67,False,1.0,1.0,0.05416666666666667
deepseek,order_reversed,reversed_03,HVAC,67,False,1.0,1.0,0.05416666666666667
deepseek,order_reversed,reversed_04,HVAC,67,False,1.0,1.0,0.02
deepseek,order_reversed,reversed_05,HVAC,67,False,1.0,1.0,0.01833333333333333
deepseek,extracted,,HVAC,68,False,1.0,1.0,0.011666666666666672
deepseek,default_params,,HVAC,68,False,1.0,1.0,0.22583333333333333
deepseek,extracted_per_run,shippedrun_01,HVAC,68,False,1.0,1.0,0.010833333333333339
deepseek,extracted_per_run,shippedrun_02,HVAC,68,False,1.0,1.0,0.013333333333333341
deepseek,extracted_per_run,shippedrun_03,HVAC,68,False,1.0,1.0,0.010833333333333339
deepseek,extracted_per_run,shippedrun_04,HVAC,68,False,1.0,1.0,0.010833333333333339
deepseek,extracted_per_run,shippedrun_05,HVAC,68,False,1.0,1.0,0.010833333333333339
deepseek,order_control,control_01,HVAC,68,False,1.0,1.0,0.010833333333333339
deepseek,order_control,control_02,HVAC,68,False,1.0,1.0,0.010833333333333339
deepseek,order_control,control_03,HVAC,68,False,1.0,1.0,0.010833333333333339
deepseek,order_reversed,reversed_01,HVAC,68,False,1.0,1.0,0.010833333333333339
deepseek,order_reversed,reversed_02,HVAC,68,False,1.0,1.0,0.010833333333333339
deepseek,order_reversed,reversed_03,HVAC,68,False,1.0,1.0,0.010833333333333339
deepseek,order_reversed,reversed_04,HVAC,68,False,1.0,1.0,0.010833333333333339
deepseek,order_reversed,reversed_05,HVAC,68,False,1.0,1.0,0.010833333333333339
deepseek,extracted,,HVAC,69,False,1.0,1.0,0.010833333333333325
deepseek,default_params,,HVAC,69,False,1.0,1.0,0.033333333333333326
deepseek,extracted_per_run,shippedrun_01,HVAC,69,False,1.0,1.0,0.02
deepseek,extracted_per_run,shippedrun_02,HVAC,69,False,1.0,1.0,0.006666666666666664
deepseek,extracted_per_run,shippedrun_03,HVAC,69,False,1.0,1.0,0.006666666666666664
deepseek,extracted_per_run,shippedrun_04,HVAC,69,False,1.0,1.0,0.009166666666666665
deepseek,extracted_per_run,shippedrun_05,HVAC,69,False,1.0,1.0,0.009166666666666665
deepseek,order_control,control_01,HVAC,69,False,1.0,1.0,0.010000000000000009
deepseek,order_control,control_02,HVAC,69,False,1.0,1.0,0.009166666666666665
deepseek,order_control,control_03,HVAC,69,False,1.0,1.0,0.010000000000000009
deepseek,order_reversed,reversed_01,HVAC,69,False,1.0,1.0,0.017500000000000016
deepseek,order_reversed,reversed_02,HVAC,69,False,1.0,1.0,0.012500000000000011
deepseek,order_reversed,reversed_03,HVAC,69,False,1.0,1.0,0.009166666666666665
deepseek,order_reversed,reversed_04,HVAC,69,False,1.0,1.0,0.006666666666666664
deepseek,order_reversed,reversed_05,HVAC,69,False,1.0,1.0,0.009166666666666665
deepseek,extracted,,HVAC,70,False,1.0,1.0,0.03416666666666667
deepseek,default_params,,HVAC,70,False,1.0,1.0,0.0625
deepseek,extracted_per_run,shippedrun_01,HVAC,70,False,1.0,1.0,0.03166666666666667
deepseek,extracted_per_run,shippedrun_02,HVAC,70,False,1.0,1.0,0.03416666666666667
deepseek,extracted_per_run,shippedrun_03,HVAC,70,False,1.0,1.0,0.03416666666666667
deepseek,extracted_per_run,shippedrun_04,HVAC,70,False,1.0,1.0,0.03416666666666667
deepseek,extracted_per_run,shippedrun_05,HVAC,70,False,1.0,1.0,0.03416666666666667
deepseek,order_control,control_01,HVAC,70,False,1.0,1.0,0.03416666666666667
deepseek,order_control,control_02,HVAC,70,False,1.0,1.0,0.03416666666666667
deepseek,order_control,control_03,HVAC,70,False,1.0,1.0,0.03416666666666667
deepseek,order_reversed,reversed_01,HVAC,70,False,1.0,1.0,0.03416666666666667
deepseek,order_reversed,reversed_02,HVAC,70,False,1.0,1.0,0.03416666666666667
deepseek,order_reversed,reversed_03,HVAC,70,False,1.0,1.0,0.03416666666666667
deepseek,order_reversed,reversed_04,HVAC,70,False,1.0,1.0,0.03416666666666667
deepseek,order_reversed,reversed_05,HVAC,70,False,1.0,1.0,0.03416666666666667
deepseek,extracted,,Appliance,71,False,1.0,1.0,0.006666666666666654
deepseek,default_params,,Appliance,71,False,1.0,1.0,0.08416666666666665
deepseek,extracted_per_run,shippedrun_01,Appliance,71,False,1.0,1.0,0.0
deepseek,extracted_per_run,shippedrun_02,Appliance,71,False,1.0,1.0,0.006666666666666654
deepseek,extracted_per_run,shippedrun_03,Appliance,71,False,1.0,1.0,0.006666666666666654
deepseek,extracted_per_run,shippedrun_04,Appliance,71,False,1.0,1.0,0.006666666666666654
deepseek,extracted_per_run,shippedrun_05,Appliance,71,False,1.0,1.0,0.006666666666666654
deepseek,order_control,control_01,Appliance,71,False,1.0,1.0,0.006666666666666654
deepseek,order_control,control_02,Appliance,71,False,1.0,1.0,0.006666666666666654
deepseek,order_control,control_03,Appliance,71,False,1.0,1.0,0.006666666666666654
deepseek,order_reversed,reversed_01,Appliance,71,False,1.0,1.0,0.006666666666666654
deepseek,order_reversed,reversed_02,Appliance,71,False,1.0,1.0,0.006666666666666654
deepseek,order_reversed,reversed_03,Appliance,71,False,1.0,1.0,0.006666666666666654
deepseek,order_reversed,reversed_04,Appliance,71,False,1.0,1.0,0.006666666666666654
deepseek,order_reversed,reversed_05,Appliance,71,False,1.0,1.0,0.006666666666666654
deepseek,extracted,,Appliance,72,False,1.0,1.0,0.05249999999999999
deepseek,default_params,,Appliance,72,False,-0.33333333333333337,0.0,0.42750000000000005
deepseek,extracted_per_run,shippedrun_01,Appliance,72,False,1.0,1.0,0.07999999999999999
deepseek,extracted_per_run,shippedrun_02,Appliance,72,False,1.0,1.0,0.036666666666666674
deepseek,extracted_per_run,shippedrun_03,Appliance,72,False,1.0,1.0,0.036666666666666674
deepseek,extracted_per_run,shippedrun_04,Appliance,72,False,1.0,1.0,0.036666666666666674
deepseek,extracted_per_run,shippedrun_05,Appliance,72,False,1.0,1.0,0.036666666666666674
deepseek,order_control,control_01,Appliance,72,False,1.0,1.0,0.036666666666666674
deepseek,order_control,control_02,Appliance,72,False,1.0,1.0,0.036666666666666674
deepseek,order_control,control_03,Appliance,72,False,1.0,1.0,0.036666666666666674
deepseek,order_reversed,reversed_01,Appliance,72,False,1.0,1.0,0.036666666666666674
deepseek,order_reversed,reversed_02,Appliance,72,False,1.0,1.0,0.036666666666666674
deepseek,order_reversed,reversed_03,Appliance,72,False,1.0,1.0,0.036666666666666674
deepseek,order_reversed,reversed_04,Appliance,72,False,1.0,1.0,0.036666666666666674
deepseek,order_reversed,reversed_05,Appliance,72,False,1.0,1.0,0.036666666666666674
deepseek,extracted,,Appliance,73,False,1.0,1.0,0.01833333333333333
deepseek,default_params,,Appliance,73,False,-1.0,0.0,0.2283333333333333
deepseek,extracted_per_run,shippedrun_01,Appliance,73,False,1.0,1.0,0.01833333333333333
deepseek,extracted_per_run,shippedrun_02,Appliance,73,False,1.0,1.0,0.01833333333333333
deepseek,extracted_per_run,shippedrun_03,Appliance,73,False,1.0,1.0,0.01833333333333333
deepseek,extracted_per_run,shippedrun_04,Appliance,73,False,1.0,1.0,0.01833333333333333
deepseek,extracted_per_run,shippedrun_05,Appliance,73,False,1.0,1.0,0.01833333333333333
deepseek,order_control,control_01,Appliance,73,False,1.0,1.0,0.01833333333333333
deepseek,order_control,control_02,Appliance,73,False,1.0,1.0,0.01833333333333333
deepseek,order_control,control_03,Appliance,73,False,1.0,1.0,0.01833333333333333
deepseek,order_reversed,reversed_01,Appliance,73,False,1.0,1.0,0.01833333333333333
deepseek,order_reversed,reversed_02,Appliance,73,False,1.0,1.0,0.01833333333333333
deepseek,order_reversed,reversed_03,Appliance,73,False,1.0,1.0,0.01833333333333333
deepseek,order_reversed,reversed_04,Appliance,73,False,1.0,1.0,0.01833333333333333
deepseek,order_reversed,reversed_05,Appliance,73,False,1.0,1.0,0.01833333333333333
deepseek,extracted,,Appliance,74,False,1.0,1.0,0.027499999999999986
deepseek,default_params,,Appliance,74,False,0.33333333333333337,0.0,0.2241666666666667
deepseek,extracted_per_run,shippedrun_01,Appliance,74,False,1.0,1.0,0.03833333333333333
deepseek,extracted_per_run,shippedrun_02,Appliance,74,False,1.0,1.0,0.027499999999999986
deepseek,extracted_per_run,shippedrun_03,Appliance,74,False,1.0,1.0,0.020000000000000007
deepseek,extracted_per_run,shippedrun_04,Appliance,74,False,1.0,1.0,0.027499999999999986
deepseek,extracted_per_run,shippedrun_05,Appliance,74,False,1.0,1.0,0.027499999999999986
deepseek,order_control,control_01,Appliance,74,False,1.0,1.0,0.027499999999999986
deepseek,order_control,control_02,Appliance,74,False,1.0,1.0,0.027499999999999986
deepseek,order_control,control_03,Appliance,74,False,1.0,1.0,0.027499999999999986
deepseek,order_reversed,reversed_01,Appliance,74,False,1.0,1.0,0.027499999999999986
deepseek,order_reversed,reversed_02,Appliance,74,False,1.0,1.0,0.027499999999999986
deepseek,order_reversed,reversed_03,Appliance,74,False,1.0,1.0,0.027499999999999986
deepseek,order_reversed,reversed_04,Appliance,74,False,1.0,1.0,0.027499999999999986
deepseek,order_reversed,reversed_05,Appliance,74,False,1.0,1.0,0.027499999999999986
deepseek,extracted,,Appliance,75,False,1.0,1.0,0.005833333333333333
deepseek,default_params,,Appliance,75,False,-0.33333333333333337,0.0,0.38666666666666655
deepseek,extracted_per_run,shippedrun_01,Appliance,75,False,1.0,1.0,0.022499999999999992
deepseek,extracted_per_run,shippedrun_02,Appliance,75,False,1.0,1.0,0.0
deepseek,extracted_per_run,shippedrun_03,Appliance,75,False,1.0,1.0,0.0
deepseek,extracted_per_run,shippedrun_04,Appliance,75,False,1.0,1.0,0.0
deepseek,extracted_per_run,shippedrun_05,Appliance,75,False,1.0,1.0,0.0
deepseek,order_control,control_01,Appliance,75,False,1.0,1.0,0.0
deepseek,order_control,control_02,Appliance,75,False,1.0,1.0,0.0
deepseek,order_control,control_03,Appliance,75,False,1.0,1.0,0.0
deepseek,order_reversed,reversed_01,Appliance,75,False,1.0,1.0,0.0
deepseek,order_reversed,reversed_02,Appliance,75,False,1.0,1.0,0.0
deepseek,order_reversed,reversed_03,Appliance,75,False,1.0,1.0,0.0
deepseek,order_reversed,reversed_04,Appliance,75,False,1.0,1.0,0.0
deepseek,order_reversed,reversed_05,Appliance,75,False,1.0,1.0,0.0
deepseek,extracted,,Appliance,76,False,1.0,1.0,0.01833333333333334
deepseek,default_params,,Appliance,76,False,-1.0,0.0,0.3283333333333333
deepseek,extracted_per_run,shippedrun_01,Appliance,76,False,1.0,1.0,0.024999999999999994
deepseek,extracted_per_run,shippedrun_02,Appliance,76,False,1.0,1.0,0.01833333333333334
deepseek,extracted_per_run,shippedrun_03,Appliance,76,False,1.0,1.0,0.01833333333333334
deepseek,extracted_per_run,shippedrun_04,Appliance,76,False,1.0,1.0,0.01833333333333334
deepseek,extracted_per_run,shippedrun_05,Appliance,76,False,1.0,1.0,0.01833333333333334
deepseek,order_control,control_01,Appliance,76,False,1.0,1.0,0.01833333333333334
deepseek,order_control,control_02,Appliance,76,False,1.0,1.0,0.01833333333333334
deepseek,order_control,control_03,Appliance,76,False,1.0,1.0,0.01833333333333334
deepseek,order_reversed,reversed_01,Appliance,76,False,1.0,1.0,0.01833333333333334
deepseek,order_reversed,reversed_02,Appliance,76,False,1.0,1.0,0.01833333333333334
deepseek,order_reversed,reversed_03,Appliance,76,False,1.0,1.0,0.01833333333333334
deepseek,order_reversed,reversed_04,Appliance,76,False,1.0,1.0,0.01833333333333334
deepseek,order_reversed,reversed_05,Appliance,76,False,1.0,1.0,0.01833333333333334
deepseek,extracted,,Appliance,77,False,1.0,1.0,0.08916666666666667
deepseek,default_params,,Appliance,77,False,0.33333333333333337,1.0,0.24249999999999994
deepseek,extracted_per_run,shippedrun_01,Appliance,77,False,1.0,1.0,0.08916666666666667
deepseek,extracted_per_run,shippedrun_02,Appliance,77,False,1.0,1.0,0.08916666666666667
deepseek,extracted_per_run,shippedrun_03,Appliance,77,False,1.0,1.0,0.08916666666666667
deepseek,extracted_per_run,shippedrun_04,Appliance,77,False,1.0,1.0,0.08916666666666667
deepseek,extracted_per_run,shippedrun_05,Appliance,77,False,1.0,1.0,0.08916666666666667
deepseek,order_control,control_01,Appliance,77,False,1.0,1.0,0.08916666666666667
deepseek,order_control,control_02,Appliance,77,False,1.0,1.0,0.08916666666666667
deepseek,order_control,control_03,Appliance,77,False,1.0,1.0,0.08916666666666667
deepseek,order_reversed,reversed_01,Appliance,77,False,1.0,1.0,0.08916666666666667
deepseek,order_reversed,reversed_02,Appliance,77,False,1.0,1.0,0.08916666666666667
deepseek,order_reversed,reversed_03,Appliance,77,False,1.0,1.0,0.08916666666666667
deepseek,order_reversed,reversed_04,Appliance,77,False,1.0,1.0,0.027500000000000007
deepseek,order_reversed,reversed_05,Appliance,77,False,1.0,1.0,0.08916666666666667
deepseek,extracted,,Appliance,78,False,1.0,1.0,0.013333333333333345
deepseek,default_params,,Appliance,78,False,1.0,1.0,0.06249999999999998
deepseek,extracted_per_run,shippedrun_01,Appliance,78,False,1.0,1.0,0.013333333333333345
deepseek,extracted_per_run,shippedrun_02,Appliance,78,False,1.0,1.0,0.013333333333333345
deepseek,extracted_per_run,shippedrun_03,Appliance,78,False,1.0,1.0,0.013333333333333345
deepseek,extracted_per_run,shippedrun_04,Appliance,78,False,1.0,1.0,0.013333333333333345
deepseek,extracted_per_run,shippedrun_05,Appliance,78,False,1.0,1.0,0.013333333333333345
deepseek,order_control,control_01,Appliance,78,False,1.0,1.0,0.013333333333333345
deepseek,order_control,control_02,Appliance,78,False,1.0,1.0,0.013333333333333345
deepseek,order_control,control_03,Appliance,78,False,1.0,1.0,0.013333333333333345
deepseek,order_reversed,reversed_01,Appliance,78,False,1.0,1.0,0.013333333333333345
deepseek,order_reversed,reversed_02,Appliance,78,False,1.0,1.0,0.013333333333333345
deepseek,order_reversed,reversed_03,Appliance,78,False,1.0,1.0,0.013333333333333345
deepseek,order_reversed,reversed_04,Appliance,78,False,1.0,1.0,0.013333333333333345
deepseek,order_reversed,reversed_05,Appliance,78,False,1.0,1.0,0.027499999999999997
deepseek,extracted,,Appliance,79,False,1.0,1.0,0.05333333333333332
deepseek,default_params,,Appliance,79,False,1.0,1.0,0.21833333333333335
deepseek,extracted_per_run,shippedrun_01,Appliance,79,False,1.0,1.0,0.06916666666666665
deepseek,extracted_per_run,shippedrun_02,Appliance,79,False,1.0,1.0,0.044999999999999984
deepseek,extracted_per_run,shippedrun_03,Appliance,79,False,1.0,1.0,0.044999999999999984
deepseek,extracted_per_run,shippedrun_04,Appliance,79,False,1.0,1.0,0.044999999999999984
deepseek,extracted_per_run,shippedrun_05,Appliance,79,False,1.0,1.0,0.044999999999999984
deepseek,order_control,control_01,Appliance,79,False,1.0,1.0,0.0
deepseek,order_control,control_02,Appliance,79,False,1.0,1.0,0.044999999999999984
deepseek,order_control,control_03,Appliance,79,False,1.0,1.0,0.044999999999999984
deepseek,order_reversed,reversed_01,Appliance,79,False,1.0,1.0,0.044999999999999984
deepseek,order_reversed,reversed_02,Appliance,79,False,1.0,1.0,0.044999999999999984
deepseek,order_reversed,reversed_03,Appliance,79,False,1.0,1.0,0.044999999999999984
deepseek,order_reversed,reversed_04,Appliance,79,False,1.0,1.0,0.044999999999999984
deepseek,order_reversed,reversed_05,Appliance,79,False,1.0,1.0,0.044999999999999984
deepseek,extracted,,Appliance,80,False,1.0,1.0,0.06999999999999999
deepseek,default_params,,Appliance,80,False,0.33333333333333337,1.0,0.10833333333333335
deepseek,extracted_per_run,shippedrun_01,Appliance,80,False,1.0,1.0,0.04083333333333335
deepseek,extracted_per_run,shippedrun_02,Appliance,80,False,1.0,1.0,0.08916666666666669
deepseek,extracted_per_run,shippedrun_03,Appliance,80,False,1.0,1.0,0.08916666666666669
deepseek,extracted_per_run,shippedrun_04,Appliance,80,False,1.0,1.0,0.04083333333333335
deepseek,extracted_per_run,shippedrun_05,Appliance,80,False,1.0,1.0,0.08916666666666669
deepseek,order_control,control_01,Appliance,80,False,1.0,1.0,0.08916666666666669
deepseek,order_control,control_02,Appliance,80,False,1.0,1.0,0.08916666666666669
deepseek,order_control,control_03,Appliance,80,False,1.0,1.0,0.08916666666666669
deepseek,order_reversed,reversed_01,Appliance,80,False,1.0,1.0,0.08916666666666669
deepseek,order_reversed,reversed_02,Appliance,80,False,1.0,1.0,0.08916666666666669
deepseek,order_reversed,reversed_03,Appliance,80,False,1.0,1.0,0.08916666666666669
deepseek,order_reversed,reversed_04,Appliance,80,False,1.0,1.0,0.08916666666666669
deepseek,order_reversed,reversed_05,Appliance,80,False,1.0,1.0,0.08916666666666669
deepseek,extracted,,Appliance,81,False,1.0,1.0,0.06166666666666667
deepseek,default_params,,Appliance,81,False,0.33333333333333337,0.0,0.15583333333333335
deepseek,extracted_per_run,shippedrun_01,Appliance,81,False,1.0,1.0,0.03166666666666667
deepseek,extracted_per_run,shippedrun_02,Appliance,81,False,1.0,1.0,0.06916666666666667
deepseek,extracted_per_run,shippedrun_03,Appliance,81,False,1.0,1.0,0.06916666666666667
deepseek,extracted_per_run,shippedrun_04,Appliance,81,False,1.0,1.0,0.06916666666666667
deepseek,extracted_per_run,shippedrun_05,Appliance,81,False,1.0,1.0,0.06916666666666667
deepseek,order_control,control_01,Appliance,81,False,1.0,1.0,0.06916666666666667
deepseek,order_control,control_02,Appliance,81,False,1.0,1.0,0.06916666666666667
deepseek,order_control,control_03,Appliance,81,False,1.0,1.0,0.06916666666666667
deepseek,order_reversed,reversed_01,Appliance,81,False,1.0,1.0,0.06916666666666667
deepseek,order_reversed,reversed_02,Appliance,81,False,1.0,1.0,0.06916666666666667
deepseek,order_reversed,reversed_03,Appliance,81,False,1.0,1.0,0.06916666666666667
deepseek,order_reversed,reversed_04,Appliance,81,False,1.0,1.0,0.06916666666666667
deepseek,order_reversed,reversed_05,Appliance,81,False,1.0,1.0,0.06916666666666667
deepseek,extracted,,Appliance,82,False,1.0,1.0,0.016666666666666653
deepseek,default_params,,Appliance,82,False,1.0,1.0,0.1025
deepseek,extracted_per_run,shippedrun_01,Appliance,82,False,1.0,1.0,0.016666666666666653
deepseek,extracted_per_run,shippedrun_02,Appliance,82,False,1.0,1.0,0.016666666666666653
deepseek,extracted_per_run,shippedrun_03,Appliance,82,False,1.0,1.0,0.016666666666666653
deepseek,extracted_per_run,shippedrun_04,Appliance,82,False,1.0,1.0,0.016666666666666653
deepseek,extracted_per_run,shippedrun_05,Appliance,82,False,1.0,1.0,0.016666666666666653
deepseek,order_control,control_01,Appliance,82,False,1.0,1.0,0.016666666666666653
deepseek,order_control,control_02,Appliance,82,False,1.0,1.0,0.016666666666666653
deepseek,order_control,control_03,Appliance,82,False,1.0,1.0,0.016666666666666653
deepseek,order_reversed,reversed_01,Appliance,82,False,1.0,1.0,0.016666666666666653
deepseek,order_reversed,reversed_02,Appliance,82,False,1.0,1.0,0.016666666666666653
deepseek,order_reversed,reversed_03,Appliance,82,False,1.0,1.0,0.016666666666666653
deepseek,order_reversed,reversed_04,Appliance,82,False,1.0,1.0,0.016666666666666653
deepseek,order_reversed,reversed_05,Appliance,82,False,1.0,1.0,0.016666666666666653
deepseek,extracted,,Appliance,83,False,1.0,1.0,0.0
deepseek,default_params,,Appliance,83,False,-1.0,0.0,0.5299999999999999
deepseek,extracted_per_run,shippedrun_01,Appliance,83,False,1.0,1.0,0.0
deepseek,extracted_per_run,shippedrun_02,Appliance,83,False,1.0,1.0,0.0
deepseek,extracted_per_run,shippedrun_03,Appliance,83,False,1.0,1.0,0.0
deepseek,extracted_per_run,shippedrun_04,Appliance,83,False,1.0,1.0,0.0
deepseek,extracted_per_run,shippedrun_05,Appliance,83,False,1.0,1.0,0.0
deepseek,order_control,control_01,Appliance,83,False,1.0,1.0,0.0
deepseek,order_control,control_02,Appliance,83,False,1.0,1.0,0.0
deepseek,order_control,control_03,Appliance,83,False,1.0,1.0,0.0
deepseek,order_reversed,reversed_01,Appliance,83,False,1.0,1.0,0.0
deepseek,order_reversed,reversed_02,Appliance,83,False,1.0,1.0,0.0
deepseek,order_reversed,reversed_03,Appliance,83,False,1.0,1.0,0.0
deepseek,order_reversed,reversed_04,Appliance,83,False,1.0,1.0,0.0
deepseek,order_reversed,reversed_05,Appliance,83,False,1.0,1.0,0.0
deepseek,extracted,,Appliance,84,False,1.0,1.0,0.009166666666666668
deepseek,default_params,,Appliance,84,False,1.0,1.0,0.26833333333333337
deepseek,extracted_per_run,shippedrun_01,Appliance,84,False,1.0,1.0,0.027500000000000007
deepseek,extracted_per_run,shippedrun_02,Appliance,84,False,1.0,1.0,0.018333333333333316
deepseek,extracted_per_run,shippedrun_03,Appliance,84,False,1.0,1.0,0.027500000000000007
deepseek,extracted_per_run,shippedrun_04,Appliance,84,False,1.0,1.0,0.027500000000000007
deepseek,extracted_per_run,shippedrun_05,Appliance,84,False,1.0,1.0,0.018333333333333316
deepseek,order_control,control_01,Appliance,84,False,1.0,1.0,0.027500000000000007
deepseek,order_control,control_02,Appliance,84,False,1.0,1.0,0.018333333333333316
deepseek,order_control,control_03,Appliance,84,False,1.0,1.0,0.018333333333333316
deepseek,order_reversed,reversed_01,Appliance,84,False,1.0,1.0,0.027500000000000007
deepseek,order_reversed,reversed_02,Appliance,84,False,1.0,1.0,0.027500000000000007
deepseek,order_reversed,reversed_03,Appliance,84,False,1.0,1.0,0.018333333333333316
deepseek,order_reversed,reversed_04,Appliance,84,False,1.0,1.0,0.027500000000000007
deepseek,order_reversed,reversed_05,Appliance,84,False,1.0,1.0,0.027500000000000007
deepseek,extracted,,Appliance,85,False,0.33333333333333337,1.0,0.07416666666666669
deepseek,default_params,,Appliance,85,False,0.33333333333333337,0.0,0.165
deepseek,extracted_per_run,shippedrun_01,Appliance,85,False,0.33333333333333337,1.0,0.07416666666666669
deepseek,extracted_per_run,shippedrun_02,Appliance,85,False,0.33333333333333337,1.0,0.07416666666666669
deepseek,extracted_per_run,shippedrun_03,Appliance,85,False,0.33333333333333337,1.0,0.07416666666666669
deepseek,extracted_per_run,shippedrun_04,Appliance,85,False,0.33333333333333337,1.0,0.07416666666666669
deepseek,extracted_per_run,shippedrun_05,Appliance,85,False,0.33333333333333337,1.0,0.07416666666666669
deepseek,order_control,control_01,Appliance,85,False,0.33333333333333337,1.0,0.07416666666666669
deepseek,order_control,control_02,Appliance,85,False,0.33333333333333337,1.0,0.07416666666666669
deepseek,order_control,control_03,Appliance,85,False,0.33333333333333337,1.0,0.07416666666666669
deepseek,order_reversed,reversed_01,Appliance,85,False,0.33333333333333337,1.0,0.07416666666666669
deepseek,order_reversed,reversed_02,Appliance,85,False,0.33333333333333337,1.0,0.07416666666666669
deepseek,order_reversed,reversed_03,Appliance,85,False,0.33333333333333337,1.0,0.07416666666666669
deepseek,order_reversed,reversed_04,Appliance,85,False,0.33333333333333337,1.0,0.07416666666666669
deepseek,order_reversed,reversed_05,Appliance,85,False,0.33333333333333337,1.0,0.07416666666666669
deepseek,extracted,,Appliance,86,False,1.0,1.0,0.029166666666666674
deepseek,default_params,,Appliance,86,False,-1.0,0.0,0.33499999999999996
deepseek,extracted_per_run,shippedrun_01,Appliance,86,False,1.0,1.0,0.02250000000000002
deepseek,extracted_per_run,shippedrun_02,Appliance,86,False,1.0,1.0,0.029166666666666674
deepseek,extracted_per_run,shippedrun_03,Appliance,86,False,1.0,1.0,0.029166666666666674
deepseek,extracted_per_run,shippedrun_04,Appliance,86,False,1.0,1.0,0.029166666666666674
deepseek,extracted_per_run,shippedrun_05,Appliance,86,False,1.0,1.0,0.029166666666666674
deepseek,order_control,control_01,Appliance,86,False,1.0,1.0,0.029166666666666674
deepseek,order_control,control_02,Appliance,86,False,1.0,1.0,0.029166666666666674
deepseek,order_control,control_03,Appliance,86,False,1.0,1.0,0.029166666666666674
deepseek,order_reversed,reversed_01,Appliance,86,False,1.0,1.0,0.029166666666666674
deepseek,order_reversed,reversed_02,Appliance,86,False,1.0,1.0,0.029166666666666674
deepseek,order_reversed,reversed_03,Appliance,86,False,1.0,1.0,0.029166666666666674
deepseek,order_reversed,reversed_04,Appliance,86,False,1.0,1.0,0.029166666666666674
deepseek,order_reversed,reversed_05,Appliance,86,False,1.0,1.0,0.029166666666666674
deepseek,extracted,,Appliance,87,False,1.0,1.0,0.023333333333333327
deepseek,default_params,,Appliance,87,False,0.33333333333333337,0.0,0.1991666666666667
deepseek,extracted_per_run,shippedrun_01,Appliance,87,False,0.33333333333333337,1.0,0.055000000000000014
deepseek,extracted_per_run,shippedrun_02,Appliance,87,False,1.0,1.0,0.01583333333333332
deepseek,extracted_per_run,shippedrun_03,Appliance,87,False,1.0,1.0,0.01583333333333332
deepseek,extracted_per_run,shippedrun_04,Appliance,87,False,1.0,1.0,0.01583333333333332
deepseek,extracted_per_run,shippedrun_05,Appliance,87,False,1.0,1.0,0.01583333333333332
deepseek,order_control,control_01,Appliance,87,False,1.0,1.0,0.01583333333333332
deepseek,order_control,control_02,Appliance,87,False,1.0,1.0,0.01583333333333332
deepseek,order_control,control_03,Appliance,87,False,1.0,1.0,0.01583333333333332
deepseek,order_reversed,reversed_01,Appliance,87,False,1.0,1.0,0.01583333333333332
deepseek,order_reversed,reversed_02,Appliance,87,False,1.0,1.0,0.01583333333333332
deepseek,order_reversed,reversed_03,Appliance,87,False,1.0,1.0,0.01583333333333332
deepseek,order_reversed,reversed_04,Appliance,87,False,1.0,1.0,0.00833333333333334
deepseek,order_reversed,reversed_05,Appliance,87,False,1.0,1.0,0.01583333333333332
deepseek,extracted,,Appliance,88,False,1.0,1.0,0.01416666666666667
deepseek,default_params,,Appliance,88,False,1.0,1.0,0.33416666666666667
deepseek,extracted_per_run,shippedrun_01,Appliance,88,False,1.0,1.0,0.03500000000000001
deepseek,extracted_per_run,shippedrun_02,Appliance,88,False,1.0,1.0,0.0
deepseek,extracted_per_run,shippedrun_03,Appliance,88,False,1.0,1.0,0.0
deepseek,extracted_per_run,shippedrun_04,Appliance,88,False,1.0,1.0,0.0
deepseek,extracted_per_run,shippedrun_05,Appliance,88,False,1.0,1.0,0.0
deepseek,order_control,control_01,Appliance,88,False,1.0,1.0,0.0
deepseek,order_control,control_02,Appliance,88,False,1.0,1.0,0.0
deepseek,order_control,control_03,Appliance,88,False,1.0,1.0,0.0
deepseek,order_reversed,reversed_01,Appliance,88,False,1.0,1.0,0.0
deepseek,order_reversed,reversed_02,Appliance,88,False,1.0,1.0,0.0
deepseek,order_reversed,reversed_03,Appliance,88,False,1.0,1.0,0.0
deepseek,order_reversed,reversed_04,Appliance,88,False,1.0,1.0,0.0
deepseek,order_reversed,reversed_05,Appliance,88,False,1.0,1.0,0.0
deepseek,extracted,,Appliance,89,False,1.0,1.0,0.032499999999999994
deepseek,default_params,,Appliance,89,False,0.33333333333333337,0.0,0.1708333333333333
deepseek,extracted_per_run,shippedrun_01,Appliance,89,False,1.0,1.0,0.020000000000000007
deepseek,extracted_per_run,shippedrun_02,Appliance,89,False,1.0,1.0,0.027499999999999986
deepseek,extracted_per_run,shippedrun_03,Appliance,89,False,1.0,1.0,0.06333333333333334
deepseek,extracted_per_run,shippedrun_04,Appliance,89,False,1.0,1.0,0.027499999999999986
deepseek,extracted_per_run,shippedrun_05,Appliance,89,False,1.0,1.0,0.027499999999999986
deepseek,order_control,control_01,Appliance,89,False,1.0,1.0,0.027499999999999986
deepseek,order_control,control_02,Appliance,89,False,1.0,1.0,0.027499999999999986
deepseek,order_control,control_03,Appliance,89,False,1.0,1.0,0.027499999999999986
deepseek,order_reversed,reversed_01,Appliance,89,False,1.0,1.0,0.027499999999999986
deepseek,order_reversed,reversed_02,Appliance,89,False,1.0,1.0,0.027499999999999986
deepseek,order_reversed,reversed_03,Appliance,89,False,1.0,1.0,0.027499999999999986
deepseek,order_reversed,reversed_04,Appliance,89,False,1.0,1.0,0.027499999999999986
deepseek,order_reversed,reversed_05,Appliance,89,False,1.0,1.0,0.027499999999999986
deepseek,extracted,,Appliance,90,False,1.0,1.0,0.08416666666666668
deepseek,default_params,,Appliance,90,False,1.0,1.0,0.12500000000000003
deepseek,extracted_per_run,shippedrun_01,Appliance,90,False,1.0,1.0,0.11666666666666668
deepseek,extracted_per_run,shippedrun_02,Appliance,90,False,1.0,1.0,0.07500000000000002
deepseek,extracted_per_run,shippedrun_03,Appliance,90,False,1.0,1.0,0.07500000000000002
deepseek,extracted_per_run,shippedrun_04,Appliance,90,False,1.0,1.0,0.07500000000000002
deepseek,extracted_per_run,shippedrun_05,Appliance,90,False,1.0,1.0,0.07500000000000002
deepseek,order_control,control_01,Appliance,90,False,1.0,1.0,0.07500000000000002
deepseek,order_control,control_02,Appliance,90,False,1.0,1.0,0.07500000000000002
deepseek,order_control,control_03,Appliance,90,False,1.0,1.0,0.07500000000000002
deepseek,order_reversed,reversed_01,Appliance,90,False,1.0,1.0,0.07500000000000002
deepseek,order_reversed,reversed_02,Appliance,90,False,1.0,1.0,0.03416666666666668
deepseek,order_reversed,reversed_03,Appliance,90,False,1.0,1.0,0.07500000000000002
deepseek,order_reversed,reversed_04,Appliance,90,False,1.0,1.0,0.07500000000000002
deepseek,order_reversed,reversed_05,Appliance,90,False,1.0,1.0,0.03416666666666668
deepseek,extracted,,Appliance,91,False,1.0,1.0,0.016666666666666663
deepseek,default_params,,Appliance,91,False,0.33333333333333337,0.0,0.25083333333333335
deepseek,extracted_per_run,shippedrun_01,Appliance,91,False,1.0,1.0,0.016666666666666663
deepseek,extracted_per_run,shippedrun_02,Appliance,91,False,1.0,1.0,0.016666666666666663
deepseek,extracted_per_run,shippedrun_03,Appliance,91,False,1.0,1.0,0.016666666666666663
deepseek,extracted_per_run,shippedrun_04,Appliance,91,False,1.0,1.0,0.016666666666666663
deepseek,extracted_per_run,shippedrun_05,Appliance,91,False,1.0,1.0,0.016666666666666663
deepseek,order_control,control_01,Appliance,91,False,1.0,1.0,0.016666666666666663
deepseek,order_control,control_02,Appliance,91,False,1.0,1.0,0.016666666666666663
deepseek,order_control,control_03,Appliance,91,False,1.0,1.0,0.016666666666666663
deepseek,order_reversed,reversed_01,Appliance,91,False,1.0,1.0,0.016666666666666663
deepseek,order_reversed,reversed_02,Appliance,91,False,1.0,1.0,0.016666666666666663
deepseek,order_reversed,reversed_03,Appliance,91,False,1.0,1.0,0.016666666666666663
deepseek,order_reversed,reversed_04,Appliance,91,False,1.0,1.0,0.016666666666666663
deepseek,order_reversed,reversed_05,Appliance,91,False,1.0,1.0,0.016666666666666663
deepseek,extracted,,Appliance,92,False,1.0,1.0,0.023333333333333334
deepseek,default_params,,Appliance,92,False,1.0,1.0,0.3816666666666666
deepseek,extracted_per_run,shippedrun_01,Appliance,92,False,1.0,1.0,0.0
deepseek,extracted_per_run,shippedrun_02,Appliance,92,False,1.0,1.0,0.0
deepseek,extracted_per_run,shippedrun_03,Appliance,92,False,1.0,1.0,0.06083333333333332
deepseek,extracted_per_run,shippedrun_04,Appliance,92,False,1.0,1.0,0.06083333333333332
deepseek,extracted_per_run,shippedrun_05,Appliance,92,False,1.0,1.0,0.0
deepseek,order_control,control_01,Appliance,92,False,1.0,1.0,0.0
deepseek,order_control,control_02,Appliance,92,False,1.0,1.0,0.0
deepseek,order_control,control_03,Appliance,92,False,1.0,1.0,0.0
deepseek,order_reversed,reversed_01,Appliance,92,False,1.0,1.0,0.0
deepseek,order_reversed,reversed_02,Appliance,92,False,1.0,1.0,0.0
deepseek,order_reversed,reversed_03,Appliance,92,False,1.0,1.0,0.0
deepseek,order_reversed,reversed_04,Appliance,92,False,1.0,1.0,0.0
deepseek,order_reversed,reversed_05,Appliance,92,False,1.0,1.0,0.0
deepseek,extracted,,Appliance,93,False,1.0,1.0,0.008333333333333337
deepseek,default_params,,Appliance,93,False,1.0,1.0,0.32249999999999995
deepseek,extracted_per_run,shippedrun_01,Appliance,93,False,1.0,1.0,0.024166666666666666
deepseek,extracted_per_run,shippedrun_02,Appliance,93,False,1.0,1.0,0.0
deepseek,extracted_per_run,shippedrun_03,Appliance,93,False,1.0,1.0,0.0
deepseek,extracted_per_run,shippedrun_04,Appliance,93,False,1.0,1.0,0.0
deepseek,extracted_per_run,shippedrun_05,Appliance,93,False,1.0,1.0,0.0
deepseek,order_control,control_01,Appliance,93,False,1.0,1.0,0.0
deepseek,order_control,control_02,Appliance,93,False,1.0,1.0,0.0
deepseek,order_control,control_03,Appliance,93,False,1.0,1.0,0.0
deepseek,order_reversed,reversed_01,Appliance,93,False,1.0,1.0,0.0
deepseek,order_reversed,reversed_02,Appliance,93,False,1.0,1.0,0.0
deepseek,order_reversed,reversed_03,Appliance,93,False,1.0,1.0,0.0
deepseek,order_reversed,reversed_04,Appliance,93,False,1.0,1.0,0.0
deepseek,order_reversed,reversed_05,Appliance,93,False,1.0,1.0,0.0
deepseek,extracted,,Appliance,94,False,1.0,1.0,0.06833333333333334
deepseek,default_params,,Appliance,94,False,1.0,1.0,0.08916666666666667
deepseek,extracted_per_run,shippedrun_01,Appliance,94,False,1.0,1.0,0.06833333333333334
deepseek,extracted_per_run,shippedrun_02,Appliance,94,False,1.0,1.0,0.06833333333333334
deepseek,extracted_per_run,shippedrun_03,Appliance,94,False,1.0,1.0,0.06833333333333334
deepseek,extracted_per_run,shippedrun_04,Appliance,94,False,1.0,1.0,0.06833333333333334
deepseek,extracted_per_run,shippedrun_05,Appliance,94,False,1.0,1.0,0.06833333333333334
deepseek,order_control,control_01,Appliance,94,False,1.0,1.0,0.06833333333333334
deepseek,order_control,control_02,Appliance,94,False,1.0,1.0,0.06833333333333334
deepseek,order_control,control_03,Appliance,94,False,1.0,1.0,0.06833333333333334
deepseek,order_reversed,reversed_01,Appliance,94,False,1.0,1.0,0.06833333333333334
deepseek,order_reversed,reversed_02,Appliance,94,False,1.0,1.0,0.06833333333333334
deepseek,order_reversed,reversed_03,Appliance,94,False,1.0,1.0,0.06833333333333334
deepseek,order_reversed,reversed_04,Appliance,94,False,1.0,1.0,0.06833333333333334
deepseek,order_reversed,reversed_05,Appliance,94,False,1.0,1.0,0.06833333333333334
deepseek,extracted,,Appliance,95,False,1.0,1.0,0.2791666666666666
deepseek,default_params,,Appliance,95,False,-1.0,0.0,0.23166666666666666
deepseek,extracted_per_run,shippedrun_01,Appliance,95,False,1.0,1.0,0.2916666666666667
deepseek,extracted_per_run,shippedrun_02,Appliance,95,False,1.0,1.0,0.2916666666666667
deepseek,extracted_per_run,shippedrun_03,Appliance,95,False,1.0,1.0,0.2916666666666667
deepseek,extracted_per_run,shippedrun_04,Appliance,95,False,1.0,1.0,0.23
deepseek,extracted_per_run,shippedrun_05,Appliance,95,False,1.0,1.0,0.2916666666666667
deepseek,order_control,control_01,Appliance,95,False,1.0,1.0,0.2916666666666667
deepseek,order_control,control_02,Appliance,95,False,1.0,1.0,0.23
deepseek,order_control,control_03,Appliance,95,False,1.0,1.0,0.2916666666666667
deepseek,order_reversed,reversed_01,Appliance,95,False,1.0,1.0,0.2916666666666667
deepseek,order_reversed,reversed_02,Appliance,95,False,1.0,1.0,0.23
deepseek,order_reversed,reversed_03,Appliance,95,False,1.0,1.0,0.2916666666666667
deepseek,order_reversed,reversed_04,Appliance,95,False,1.0,1.0,0.2916666666666667
deepseek,order_reversed,reversed_05,Appliance,95,False,1.0,1.0,0.2916666666666667
deepseek,extracted,,Appliance,96,False,1.0,1.0,0.024999999999999967
deepseek,default_params,,Appliance,96,False,-0.33333333333333337,0.0,0.2333333333333333
deepseek,extracted_per_run,shippedrun_01,Appliance,96,False,1.0,1.0,0.05249999999999999
deepseek,extracted_per_run,shippedrun_02,Appliance,96,False,1.0,1.0,0.014999999999999986
deepseek,extracted_per_run,shippedrun_03,Appliance,96,False,1.0,1.0,0.014999999999999986
deepseek,extracted_per_run,shippedrun_04,Appliance,96,False,1.0,1.0,0.014999999999999986
deepseek,extracted_per_run,shippedrun_05,Appliance,96,False,1.0,1.0,0.02749999999999997
deepseek,order_control,control_01,Appliance,96,False,1.0,1.0,0.014999999999999986
deepseek,order_control,control_02,Appliance,96,False,1.0,1.0,0.014999999999999986
deepseek,order_control,control_03,Appliance,96,False,1.0,1.0,0.014999999999999986
deepseek,order_reversed,reversed_01,Appliance,96,False,1.0,1.0,0.014999999999999986
deepseek,order_reversed,reversed_02,Appliance,96,False,1.0,1.0,0.014999999999999986
deepseek,order_reversed,reversed_03,Appliance,96,False,1.0,1.0,0.014999999999999986
deepseek,order_reversed,reversed_04,Appliance,96,False,1.0,1.0,0.014999999999999986
deepseek,order_reversed,reversed_05,Appliance,96,False,1.0,1.0,0.014999999999999986
deepseek,extracted,,Appliance,97,False,1.0,1.0,0.0
deepseek,default_params,,Appliance,97,False,-0.33333333333333337,0.0,0.46749999999999997
deepseek,extracted_per_run,shippedrun_01,Appliance,97,False,1.0,1.0,0.024166666666666666
deepseek,extracted_per_run,shippedrun_02,Appliance,97,False,1.0,1.0,0.0
deepseek,extracted_per_run,shippedrun_03,Appliance,97,False,1.0,1.0,0.0
deepseek,extracted_per_run,shippedrun_04,Appliance,97,False,1.0,1.0,0.044999999999999984
deepseek,extracted_per_run,shippedrun_05,Appliance,97,False,1.0,1.0,0.044999999999999984
deepseek,order_control,control_01,Appliance,97,False,1.0,1.0,0.0
deepseek,order_control,control_02,Appliance,97,False,1.0,1.0,0.0
deepseek,order_control,control_03,Appliance,97,False,1.0,1.0,0.0
deepseek,order_reversed,reversed_01,Appliance,97,False,1.0,1.0,0.0
deepseek,order_reversed,reversed_02,Appliance,97,False,1.0,1.0,0.0
deepseek,order_reversed,reversed_03,Appliance,97,False,1.0,1.0,0.0
deepseek,order_reversed,reversed_04,Appliance,97,False,1.0,1.0,0.0
deepseek,order_reversed,reversed_05,Appliance,97,False,1.0,1.0,0.0
deepseek,extracted,,Appliance,98,False,1.0,1.0,0.013333333333333324
deepseek,default_params,,Appliance,98,False,-1.0,0.0,0.4991666666666667
deepseek,extracted_per_run,shippedrun_01,Appliance,98,False,1.0,1.0,0.0
deepseek,extracted_per_run,shippedrun_02,Appliance,98,False,1.0,1.0,0.0
deepseek,extracted_per_run,shippedrun_03,Appliance,98,False,1.0,1.0,0.06583333333333334
deepseek,extracted_per_run,shippedrun_04,Appliance,98,False,1.0,1.0,0.0
deepseek,extracted_per_run,shippedrun_05,Appliance,98,False,1.0,1.0,0.0
deepseek,order_control,control_01,Appliance,98,False,1.0,1.0,0.0
deepseek,order_control,control_02,Appliance,98,False,1.0,1.0,0.0
deepseek,order_control,control_03,Appliance,98,False,1.0,1.0,0.0
deepseek,order_reversed,reversed_01,Appliance,98,False,1.0,1.0,0.0
deepseek,order_reversed,reversed_02,Appliance,98,False,1.0,1.0,0.06583333333333334
deepseek,order_reversed,reversed_03,Appliance,98,False,1.0,1.0,0.0
deepseek,order_reversed,reversed_04,Appliance,98,False,1.0,1.0,0.06583333333333334
deepseek,order_reversed,reversed_05,Appliance,98,False,1.0,1.0,0.0
deepseek,extracted,,Appliance,99,False,1.0,1.0,0.06416666666666668
deepseek,default_params,,Appliance,99,False,-1.0,0.0,0.2525
deepseek,extracted_per_run,shippedrun_01,Appliance,99,False,1.0,1.0,0.033333333333333354
deepseek,extracted_per_run,shippedrun_02,Appliance,99,False,1.0,1.0,0.07250000000000002
deepseek,extracted_per_run,shippedrun_03,Appliance,99,False,1.0,1.0,0.07250000000000002
deepseek,extracted_per_run,shippedrun_04,Appliance,99,False,1.0,1.0,0.07250000000000002
deepseek,extracted_per_run,shippedrun_05,Appliance,99,False,1.0,1.0,0.07250000000000002
deepseek,order_control,control_01,Appliance,99,False,1.0,1.0,0.07250000000000002
deepseek,order_control,control_02,Appliance,99,False,1.0,1.0,0.07250000000000002
deepseek,order_control,control_03,Appliance,99,False,1.0,1.0,0.07250000000000002
deepseek,order_reversed,reversed_01,Appliance,99,False,1.0,1.0,0.07250000000000002
deepseek,order_reversed,reversed_02,Appliance,99,False,1.0,1.0,0.07250000000000002
deepseek,order_reversed,reversed_03,Appliance,99,False,1.0,1.0,0.07250000000000002
deepseek,order_reversed,reversed_04,Appliance,99,False,1.0,1.0,0.07250000000000002
deepseek,order_reversed,reversed_05,Appliance,99,False,1.0,1.0,0.07250000000000002
deepseek,extracted,,Appliance,100,False,1.0,1.0,0.022499999999999992
deepseek,default_params,,Appliance,100,False,0.33333333333333337,1.0,0.14250000000000004
deepseek,extracted_per_run,shippedrun_01,Appliance,100,False,1.0,1.0,0.056666666666666664
deepseek,extracted_per_run,shippedrun_02,Appliance,100,False,1.0,1.0,0.01416666666666666
deepseek,extracted_per_run,shippedrun_03,Appliance,100,False,1.0,1.0,0.01416666666666666
deepseek,extracted_per_run,shippedrun_04,Appliance,100,False,1.0,1.0,0.01416666666666666
deepseek,extracted_per_run,shippedrun_05,Appliance,100,False,1.0,1.0,0.01416666666666666
deepseek,order_control,control_01,Appliance,100,False,1.0,1.0,0.01416666666666666
deepseek,order_control,control_02,Appliance,100,False,1.0,1.0,0.01416666666666666
deepseek,order_control,control_03,Appliance,100,False,1.0,1.0,0.01416666666666666
deepseek,order_reversed,reversed_01,Appliance,100,False,1.0,1.0,0.01416666666666666
deepseek,order_reversed,reversed_02,Appliance,100,False,1.0,1.0,0.01416666666666666
deepseek,order_reversed,reversed_03,Appliance,100,False,1.0,1.0,0.01416666666666666
deepseek,order_reversed,reversed_04,Appliance,100,False,1.0,1.0,0.01416666666666666
deepseek,order_reversed,reversed_05,Appliance,100,False,1.0,1.0,0.01416666666666666
deepseek,extracted,,Appliance,101,False,1.0,1.0,0.05999999999999999
deepseek,default_params,,Appliance,101,False,1.0,1.0,0.31416666666666665
deepseek,extracted_per_run,shippedrun_01,Appliance,101,False,1.0,1.0,0.05999999999999999
deepseek,extracted_per_run,shippedrun_02,Appliance,101,False,1.0,1.0,0.05999999999999999
deepseek,extracted_per_run,shippedrun_03,Appliance,101,False,1.0,1.0,0.05999999999999999
deepseek,extracted_per_run,shippedrun_04,Appliance,101,False,1.0,1.0,0.05999999999999999
deepseek,extracted_per_run,shippedrun_05,Appliance,101,False,1.0,1.0,0.05999999999999999
deepseek,order_control,control_01,Appliance,101,False,1.0,1.0,0.05999999999999999
deepseek,order_control,control_02,Appliance,101,False,1.0,1.0,0.05999999999999999
deepseek,order_control,control_03,Appliance,101,False,1.0,1.0,0.05999999999999999
deepseek,order_reversed,reversed_01,Appliance,101,False,1.0,1.0,0.05999999999999999
deepseek,order_reversed,reversed_02,Appliance,101,False,1.0,1.0,0.05999999999999999
deepseek,order_reversed,reversed_03,Appliance,101,False,1.0,1.0,0.05999999999999999
deepseek,order_reversed,reversed_04,Appliance,101,False,1.0,1.0,0.05999999999999999
deepseek,order_reversed,reversed_05,Appliance,101,False,1.0,1.0,0.05999999999999999
deepseek,extracted,,Appliance,102,False,0.33333333333333337,0.0,0.1125
deepseek,default_params,,Appliance,102,False,1.0,1.0,0.16916666666666666
deepseek,extracted_per_run,shippedrun_01,Appliance,102,False,0.33333333333333337,0.0,0.12416666666666669
deepseek,extracted_per_run,shippedrun_02,Appliance,102,False,0.33333333333333337,0.0,0.12416666666666669
deepseek,extracted_per_run,shippedrun_03,Appliance,102,False,0.33333333333333337,0.0,0.12416666666666669
deepseek,extracted_per_run,shippedrun_04,Appliance,102,False,0.33333333333333337,0.0,0.06333333333333334
deepseek,extracted_per_run,shippedrun_05,Appliance,102,False,0.33333333333333337,0.0,0.12416666666666669
deepseek,order_control,control_01,Appliance,102,False,0.33333333333333337,0.0,0.06333333333333334
deepseek,order_control,control_02,Appliance,102,False,0.33333333333333337,0.0,0.06333333333333334
deepseek,order_control,control_03,Appliance,102,False,0.33333333333333337,0.0,0.06333333333333334
deepseek,order_reversed,reversed_01,Appliance,102,False,0.33333333333333337,0.0,0.12416666666666669
deepseek,order_reversed,reversed_02,Appliance,102,False,0.33333333333333337,0.0,0.06333333333333334
deepseek,order_reversed,reversed_03,Appliance,102,False,0.33333333333333337,0.0,0.06333333333333334
deepseek,order_reversed,reversed_04,Appliance,102,False,0.33333333333333337,0.0,0.12416666666666669
deepseek,order_reversed,reversed_05,Appliance,102,False,0.33333333333333337,0.0,0.06333333333333334
deepseek,extracted,,Appliance,103,False,1.0,1.0,0.04416666666666667
deepseek,default_params,,Appliance,103,False,1.0,1.0,0.19000000000000003
deepseek,extracted_per_run,shippedrun_01,Appliance,103,False,1.0,1.0,0.04416666666666667
deepseek,extracted_per_run,shippedrun_02,Appliance,103,False,1.0,1.0,0.04416666666666667
deepseek,extracted_per_run,shippedrun_03,Appliance,103,False,1.0,1.0,0.04416666666666667
deepseek,extracted_per_run,shippedrun_04,Appliance,103,False,1.0,1.0,0.04416666666666667
deepseek,extracted_per_run,shippedrun_05,Appliance,103,False,1.0,1.0,0.04416666666666667
deepseek,order_control,control_01,Appliance,103,False,1.0,1.0,0.04416666666666667
deepseek,order_control,control_02,Appliance,103,False,1.0,1.0,0.04416666666666667
deepseek,order_control,control_03,Appliance,103,False,1.0,1.0,0.04416666666666667
deepseek,order_reversed,reversed_01,Appliance,103,False,1.0,1.0,0.04416666666666667
deepseek,order_reversed,reversed_02,Appliance,103,False,1.0,1.0,0.04416666666666667
deepseek,order_reversed,reversed_03,Appliance,103,False,1.0,1.0,0.04416666666666667
deepseek,order_reversed,reversed_04,Appliance,103,False,1.0,1.0,0.04416666666666667
deepseek,order_reversed,reversed_05,Appliance,103,False,1.0,1.0,0.04416666666666667
deepseek,extracted,,Appliance,104,False,1.0,1.0,0.05583333333333335
deepseek,default_params,,Appliance,104,False,1.0,1.0,0.21666666666666667
deepseek,extracted_per_run,shippedrun_01,Appliance,104,False,1.0,1.0,0.05583333333333335
deepseek,extracted_per_run,shippedrun_02,Appliance,104,False,1.0,1.0,0.05583333333333335
deepseek,extracted_per_run,shippedrun_03,Appliance,104,False,1.0,1.0,0.05583333333333335
deepseek,extracted_per_run,shippedrun_04,Appliance,104,False,1.0,1.0,0.05583333333333335
deepseek,extracted_per_run,shippedrun_05,Appliance,104,False,1.0,1.0,0.05583333333333335
deepseek,order_control,control_01,Appliance,104,False,1.0,1.0,0.05583333333333335
deepseek,order_control,control_02,Appliance,104,False,1.0,1.0,0.05583333333333335
deepseek,order_control,control_03,Appliance,104,False,1.0,1.0,0.05583333333333335
deepseek,order_reversed,reversed_01,Appliance,104,False,1.0,1.0,0.05583333333333335
deepseek,order_reversed,reversed_02,Appliance,104,False,1.0,1.0,0.05583333333333335
deepseek,order_reversed,reversed_03,Appliance,104,False,1.0,1.0,0.05583333333333335
deepseek,order_reversed,reversed_04,Appliance,104,False,1.0,1.0,0.05583333333333335
deepseek,order_reversed,reversed_05,Appliance,104,False,1.0,1.0,0.05583333333333335
deepseek,extracted,,Appliance,105,False,1.0,1.0,0.007500000000000007
deepseek,default_params,,Appliance,105,False,-1.0,0.0,0.17750000000000002
deepseek,extracted_per_run,shippedrun_01,Appliance,105,False,1.0,1.0,0.007500000000000007
deepseek,extracted_per_run,shippedrun_02,Appliance,105,False,1.0,1.0,0.007500000000000007
deepseek,extracted_per_run,shippedrun_03,Appliance,105,False,1.0,1.0,0.007500000000000007
deepseek,extracted_per_run,shippedrun_04,Appliance,105,False,1.0,1.0,0.007500000000000007
deepseek,extracted_per_run,shippedrun_05,Appliance,105,False,1.0,1.0,0.007500000000000007
deepseek,order_control,control_01,Appliance,105,False,1.0,1.0,0.007500000000000007
deepseek,order_control,control_02,Appliance,105,False,1.0,1.0,0.007500000000000007
deepseek,order_control,control_03,Appliance,105,False,1.0,1.0,0.007500000000000007
deepseek,order_reversed,reversed_01,Appliance,105,False,1.0,1.0,0.007500000000000007
deepseek,order_reversed,reversed_02,Appliance,105,False,1.0,1.0,0.007500000000000007
deepseek,order_reversed,reversed_03,Appliance,105,False,1.0,1.0,0.007500000000000007
deepseek,order_reversed,reversed_04,Appliance,105,False,1.0,1.0,0.007500000000000007
deepseek,order_reversed,reversed_05,Appliance,105,False,1.0,1.0,0.007500000000000007
deepseek,extracted,,Appliance,106,False,1.0,1.0,0.02250000000000002
deepseek,default_params,,Appliance,106,False,-1.0,0.0,0.2041666666666667
deepseek,extracted_per_run,shippedrun_01,Appliance,106,False,1.0,1.0,0.007500000000000007
deepseek,extracted_per_run,shippedrun_02,Appliance,106,False,1.0,1.0,0.024999999999999994
deepseek,extracted_per_run,shippedrun_03,Appliance,106,False,1.0,1.0,0.024999999999999994
deepseek,extracted_per_run,shippedrun_04,Appliance,106,False,1.0,1.0,0.024999999999999994
deepseek,extracted_per_run,shippedrun_05,Appliance,106,False,1.0,1.0,0.024999999999999994
deepseek,order_control,control_01,Appliance,106,False,1.0,1.0,0.024999999999999994
deepseek,order_control,control_02,Appliance,106,False,1.0,1.0,0.024999999999999994
deepseek,order_control,control_03,Appliance,106,False,1.0,1.0,0.024999999999999994
deepseek,order_reversed,reversed_01,Appliance,106,False,1.0,1.0,0.024999999999999994
deepseek,order_reversed,reversed_02,Appliance,106,False,1.0,1.0,0.024999999999999994
deepseek,order_reversed,reversed_03,Appliance,106,False,1.0,1.0,0.024999999999999994
deepseek,order_reversed,reversed_04,Appliance,106,False,1.0,1.0,0.024999999999999994
deepseek,order_reversed,reversed_05,Appliance,106,False,1.0,1.0,0.024999999999999994
deepseek,extracted,,Appliance,107,False,1.0,1.0,0.05083333333333332
deepseek,default_params,,Appliance,107,False,-0.33333333333333337,0.0,0.3233333333333333
deepseek,extracted_per_run,shippedrun_01,Appliance,107,False,1.0,1.0,0.05083333333333332
deepseek,extracted_per_run,shippedrun_02,Appliance,107,False,1.0,1.0,0.05083333333333332
deepseek,extracted_per_run,shippedrun_03,Appliance,107,False,1.0,1.0,0.05083333333333332
deepseek,extracted_per_run,shippedrun_04,Appliance,107,False,1.0,1.0,0.05083333333333332
deepseek,extracted_per_run,shippedrun_05,Appliance,107,False,1.0,1.0,0.05083333333333332
deepseek,order_control,control_01,Appliance,107,False,1.0,1.0,0.05083333333333332
deepseek,order_control,control_02,Appliance,107,False,1.0,1.0,0.010000000000000002
deepseek,order_control,control_03,Appliance,107,False,1.0,1.0,0.05083333333333332
deepseek,order_reversed,reversed_01,Appliance,107,False,1.0,1.0,0.05083333333333332
deepseek,order_reversed,reversed_02,Appliance,107,False,1.0,1.0,0.05083333333333332
deepseek,order_reversed,reversed_03,Appliance,107,False,1.0,1.0,0.010000000000000002
deepseek,order_reversed,reversed_04,Appliance,107,False,1.0,1.0,0.05083333333333332
deepseek,order_reversed,reversed_05,Appliance,107,False,1.0,1.0,0.05083333333333332
deepseek,extracted,,Appliance,108,False,1.0,1.0,0.000833333333333334
deepseek,default_params,,Appliance,108,False,-1.0,0.0,0.23583333333333334
deepseek,extracted_per_run,shippedrun_01,Appliance,108,False,1.0,1.0,0.0
deepseek,extracted_per_run,shippedrun_02,Appliance,108,False,1.0,1.0,0.007499999999999979
deepseek,extracted_per_run,shippedrun_03,Appliance,108,False,1.0,1.0,0.02250000000000001
deepseek,extracted_per_run,shippedrun_04,Appliance,108,False,1.0,1.0,0.007499999999999979
deepseek,extracted_per_run,shippedrun_05,Appliance,108,False,1.0,1.0,0.007499999999999979
deepseek,order_control,control_01,Appliance,108,False,1.0,1.0,0.007499999999999979
deepseek,order_control,control_02,Appliance,108,False,1.0,1.0,0.007499999999999979
deepseek,order_control,control_03,Appliance,108,False,1.0,1.0,0.007499999999999979
deepseek,order_reversed,reversed_01,Appliance,108,False,1.0,1.0,0.007499999999999979
deepseek,order_reversed,reversed_02,Appliance,108,False,1.0,1.0,0.007499999999999979
deepseek,order_reversed,reversed_03,Appliance,108,False,1.0,1.0,0.007499999999999979
deepseek,order_reversed,reversed_04,Appliance,108,False,1.0,1.0,0.007499999999999979
deepseek,order_reversed,reversed_05,Appliance,108,False,1.0,1.0,0.0
deepseek,extracted,,Appliance,109,False,1.0,1.0,0.02583333333333332
deepseek,default_params,,Appliance,109,False,0.33333333333333337,0.0,0.2333333333333333
deepseek,extracted_per_run,shippedrun_01,Appliance,109,False,1.0,1.0,0.05583333333333334
deepseek,extracted_per_run,shippedrun_02,Appliance,109,False,1.0,1.0,0.016666666666666646
deepseek,extracted_per_run,shippedrun_03,Appliance,109,False,1.0,1.0,0.016666666666666646
deepseek,extracted_per_run,shippedrun_04,Appliance,109,False,1.0,1.0,0.016666666666666646
deepseek,extracted_per_run,shippedrun_05,Appliance,109,False,1.0,1.0,0.016666666666666646
deepseek,order_control,control_01,Appliance,109,False,1.0,1.0,0.016666666666666646
deepseek,order_control,control_02,Appliance,109,False,1.0,1.0,0.016666666666666646
deepseek,order_control,control_03,Appliance,109,False,1.0,1.0,0.016666666666666646
deepseek,order_reversed,reversed_01,Appliance,109,False,1.0,1.0,0.016666666666666646
deepseek,order_reversed,reversed_02,Appliance,109,False,1.0,1.0,0.016666666666666646
deepseek,order_reversed,reversed_03,Appliance,109,False,1.0,1.0,0.016666666666666646
deepseek,order_reversed,reversed_04,Appliance,109,False,1.0,1.0,0.016666666666666646
deepseek,order_reversed,reversed_05,Appliance,109,False,1.0,1.0,0.016666666666666646
deepseek,extracted,,Appliance,110,False,1.0,1.0,0.010833333333333315
deepseek,default_params,,Appliance,110,False,-0.33333333333333337,0.0,0.36833333333333335
deepseek,extracted_per_run,shippedrun_01,Appliance,110,False,1.0,1.0,0.03500000000000001
deepseek,extracted_per_run,shippedrun_02,Appliance,110,False,1.0,1.0,0.055833333333333325
deepseek,extracted_per_run,shippedrun_03,Appliance,110,False,1.0,1.0,0.055833333333333325
deepseek,extracted_per_run,shippedrun_04,Appliance,110,False,1.0,1.0,0.0
deepseek,extracted_per_run,shippedrun_05,Appliance,110,False,1.0,1.0,0.055833333333333325
deepseek,order_control,control_01,Appliance,110,False,1.0,1.0,0.055833333333333325
deepseek,order_control,control_02,Appliance,110,False,1.0,1.0,0.055833333333333325
deepseek,order_control,control_03,Appliance,110,False,1.0,1.0,0.055833333333333325
deepseek,order_reversed,reversed_01,Appliance,110,False,1.0,1.0,0.055833333333333325
deepseek,order_reversed,reversed_02,Appliance,110,False,1.0,1.0,0.055833333333333325
deepseek,order_reversed,reversed_03,Appliance,110,False,1.0,1.0,0.055833333333333325
deepseek,order_reversed,reversed_04,Appliance,110,False,1.0,1.0,0.055833333333333325
deepseek,order_reversed,reversed_05,Appliance,110,False,1.0,1.0,0.055833333333333325
deepseek,extracted,,Appliance,111,False,1.0,1.0,0.033333333333333326
deepseek,default_params,,Appliance,111,False,0.33333333333333337,1.0,0.12083333333333333
deepseek,extracted_per_run,shippedrun_01,Appliance,111,False,1.0,1.0,0.033333333333333326
deepseek,extracted_per_run,shippedrun_02,Appliance,111,False,1.0,1.0,0.033333333333333326
deepseek,extracted_per_run,shippedrun_03,Appliance,111,False,1.0,1.0,0.033333333333333326
deepseek,extracted_per_run,shippedrun_04,Appliance,111,False,1.0,1.0,0.033333333333333326
deepseek,extracted_per_run,shippedrun_05,Appliance,111,False,1.0,1.0,0.033333333333333326
deepseek,order_control,control_01,Appliance,111,False,1.0,1.0,0.033333333333333326
deepseek,order_control,control_02,Appliance,111,False,1.0,1.0,0.033333333333333326
deepseek,order_control,control_03,Appliance,111,False,1.0,1.0,0.033333333333333326
deepseek,order_reversed,reversed_01,Appliance,111,False,1.0,1.0,0.033333333333333326
deepseek,order_reversed,reversed_02,Appliance,111,False,1.0,1.0,0.033333333333333326
deepseek,order_reversed,reversed_03,Appliance,111,False,1.0,1.0,0.033333333333333326
deepseek,order_reversed,reversed_04,Appliance,111,False,1.0,1.0,0.033333333333333326
deepseek,order_reversed,reversed_05,Appliance,111,False,1.0,1.0,0.033333333333333326
deepseek,extracted,,Appliance,112,False,1.0,1.0,0.07166666666666667
deepseek,default_params,,Appliance,112,False,0.33333333333333337,0.0,0.26333333333333336
deepseek,extracted_per_run,shippedrun_01,Appliance,112,False,1.0,1.0,0.10083333333333333
deepseek,extracted_per_run,shippedrun_02,Appliance,112,False,1.0,1.0,0.05166666666666667
deepseek,extracted_per_run,shippedrun_03,Appliance,112,False,1.0,1.0,0.05166666666666667
deepseek,extracted_per_run,shippedrun_04,Appliance,112,False,1.0,1.0,0.10083333333333333
deepseek,extracted_per_run,shippedrun_05,Appliance,112,False,1.0,1.0,0.05166666666666667
deepseek,order_control,control_01,Appliance,112,False,1.0,1.0,0.10083333333333333
deepseek,order_control,control_02,Appliance,112,False,1.0,1.0,0.10083333333333333
deepseek,order_control,control_03,Appliance,112,False,1.0,1.0,0.10083333333333333
deepseek,order_reversed,reversed_01,Appliance,112,False,1.0,1.0,0.10083333333333333
deepseek,order_reversed,reversed_02,Appliance,112,False,1.0,1.0,0.10083333333333333
deepseek,order_reversed,reversed_03,Appliance,112,False,1.0,1.0,0.10083333333333333
deepseek,order_reversed,reversed_04,Appliance,112,False,1.0,1.0,0.10083333333333333
deepseek,order_reversed,reversed_05,Appliance,112,False,1.0,1.0,0.10083333333333333
deepseek,extracted,,Appliance,113,False,1.0,1.0,0.03166666666666667
deepseek,default_params,,Appliance,113,False,0.33333333333333337,0.0,0.11499999999999999
deepseek,extracted_per_run,shippedrun_01,Appliance,113,False,1.0,1.0,0.03166666666666667
deepseek,extracted_per_run,shippedrun_02,Appliance,113,False,1.0,1.0,0.03166666666666667
deepseek,extracted_per_run,shippedrun_03,Appliance,113,False,1.0,1.0,0.03166666666666667
deepseek,extracted_per_run,shippedrun_04,Appliance,113,False,1.0,1.0,0.03166666666666667
deepseek,extracted_per_run,shippedrun_05,Appliance,113,False,1.0,1.0,0.03166666666666667
deepseek,order_control,control_01,Appliance,113,False,1.0,1.0,0.03166666666666667
deepseek,order_control,control_02,Appliance,113,False,1.0,1.0,0.03166666666666667
deepseek,order_control,control_03,Appliance,113,False,1.0,1.0,0.03166666666666667
deepseek,order_reversed,reversed_01,Appliance,113,False,1.0,1.0,0.03166666666666667
deepseek,order_reversed,reversed_02,Appliance,113,False,1.0,1.0,0.03166666666666667
deepseek,order_reversed,reversed_03,Appliance,113,False,1.0,1.0,0.03166666666666667
deepseek,order_reversed,reversed_04,Appliance,113,False,1.0,1.0,0.03166666666666667
deepseek,order_reversed,reversed_05,Appliance,113,False,1.0,1.0,0.03166666666666667
deepseek,extracted,,Appliance,114,False,1.0,1.0,0.014999999999999994
deepseek,default_params,,Appliance,114,False,1.0,1.0,0.12333333333333334
deepseek,extracted_per_run,shippedrun_01,Appliance,114,False,1.0,1.0,0.00833333333333334
deepseek,extracted_per_run,shippedrun_02,Appliance,114,False,1.0,1.0,0.014999999999999994
deepseek,extracted_per_run,shippedrun_03,Appliance,114,False,1.0,1.0,0.014999999999999994
deepseek,extracted_per_run,shippedrun_04,Appliance,114,False,1.0,1.0,0.014999999999999994
deepseek,extracted_per_run,shippedrun_05,Appliance,114,False,1.0,1.0,0.014999999999999994
deepseek,order_control,control_01,Appliance,114,False,1.0,1.0,0.014999999999999994
deepseek,order_control,control_02,Appliance,114,False,1.0,1.0,0.014999999999999994
deepseek,order_control,control_03,Appliance,114,False,1.0,1.0,0.014999999999999994
deepseek,order_reversed,reversed_01,Appliance,114,False,1.0,1.0,0.014999999999999994
deepseek,order_reversed,reversed_02,Appliance,114,False,1.0,1.0,0.014999999999999994
deepseek,order_reversed,reversed_03,Appliance,114,False,1.0,1.0,0.014999999999999994
deepseek,order_reversed,reversed_04,Appliance,114,False,1.0,1.0,0.014999999999999994
deepseek,order_reversed,reversed_05,Appliance,114,False,1.0,1.0,0.014999999999999994
deepseek,extracted,,Appliance,115,False,1.0,1.0,0.06916666666666667
deepseek,default_params,,Appliance,115,False,1.0,1.0,0.23416666666666663
deepseek,extracted_per_run,shippedrun_01,Appliance,115,False,1.0,1.0,0.06916666666666667
deepseek,extracted_per_run,shippedrun_02,Appliance,115,False,1.0,1.0,0.06916666666666667
deepseek,extracted_per_run,shippedrun_03,Appliance,115,False,1.0,1.0,0.06916666666666667
deepseek,extracted_per_run,shippedrun_04,Appliance,115,False,1.0,1.0,0.06916666666666667
deepseek,extracted_per_run,shippedrun_05,Appliance,115,False,1.0,1.0,0.06916666666666667
deepseek,order_control,control_01,Appliance,115,False,1.0,1.0,0.06916666666666667
deepseek,order_control,control_02,Appliance,115,False,1.0,1.0,0.06916666666666667
deepseek,order_control,control_03,Appliance,115,False,1.0,1.0,0.06916666666666667
deepseek,order_reversed,reversed_01,Appliance,115,False,1.0,1.0,0.06916666666666667
deepseek,order_reversed,reversed_02,Appliance,115,False,1.0,1.0,0.06916666666666667
deepseek,order_reversed,reversed_03,Appliance,115,False,1.0,1.0,0.06916666666666667
deepseek,order_reversed,reversed_04,Appliance,115,False,1.0,1.0,0.06916666666666667
deepseek,order_reversed,reversed_05,Appliance,115,False,1.0,1.0,0.06916666666666667
deepseek,extracted,,Appliance,116,False,1.0,1.0,0.025000000000000022
deepseek,default_params,,Appliance,116,False,1.0,1.0,0.10999999999999999
deepseek,extracted_per_run,shippedrun_01,Appliance,116,False,1.0,1.0,0.007500000000000007
deepseek,extracted_per_run,shippedrun_02,Appliance,116,False,1.0,1.0,0.027499999999999997
deepseek,extracted_per_run,shippedrun_03,Appliance,116,False,1.0,1.0,0.027499999999999997
deepseek,extracted_per_run,shippedrun_04,Appliance,116,False,1.0,1.0,0.027499999999999997
deepseek,extracted_per_run,shippedrun_05,Appliance,116,False,1.0,1.0,0.027499999999999997
deepseek,order_control,control_01,Appliance,116,False,1.0,1.0,0.027499999999999997
deepseek,order_control,control_02,Appliance,116,False,1.0,1.0,0.027499999999999997
deepseek,order_control,control_03,Appliance,116,False,1.0,1.0,0.027499999999999997
deepseek,order_reversed,reversed_01,Appliance,116,False,1.0,1.0,0.027499999999999997
deepseek,order_reversed,reversed_02,Appliance,116,False,1.0,1.0,0.027499999999999997
deepseek,order_reversed,reversed_03,Appliance,116,False,1.0,1.0,0.027499999999999997
deepseek,order_reversed,reversed_04,Appliance,116,False,1.0,1.0,0.027499999999999997
deepseek,order_reversed,reversed_05,Appliance,116,False,1.0,1.0,0.027499999999999997
deepseek,extracted,,Appliance,117,False,0.33333333333333337,1.0,0.030833333333333338
deepseek,default_params,,Appliance,117,False,0.33333333333333337,1.0,0.26416666666666666
deepseek,extracted_per_run,shippedrun_01,Appliance,117,False,0.33333333333333337,1.0,0.050833333333333335
deepseek,extracted_per_run,shippedrun_02,Appliance,117,False,1.0,1.0,0.026666666666666672
deepseek,extracted_per_run,shippedrun_03,Appliance,117,False,1.0,1.0,0.026666666666666672
deepseek,extracted_per_run,shippedrun_04,Appliance,117,False,1.0,1.0,0.018333333333333316
deepseek,extracted_per_run,shippedrun_05,Appliance,117,False,1.0,1.0,0.026666666666666672
deepseek,order_control,control_01,Appliance,117,False,1.0,1.0,0.026666666666666672
deepseek,order_control,control_02,Appliance,117,False,1.0,1.0,0.026666666666666672
deepseek,order_control,control_03,Appliance,117,False,1.0,1.0,0.026666666666666672
deepseek,order_reversed,reversed_01,Appliance,117,False,1.0,1.0,0.026666666666666672
deepseek,order_reversed,reversed_02,Appliance,117,False,1.0,1.0,0.026666666666666672
deepseek,order_reversed,reversed_03,Appliance,117,False,1.0,1.0,0.026666666666666672
deepseek,order_reversed,reversed_04,Appliance,117,False,1.0,1.0,0.026666666666666672
deepseek,order_reversed,reversed_05,Appliance,117,False,1.0,1.0,0.026666666666666672
deepseek,extracted,,Appliance,118,False,1.0,1.0,0.018333333333333313
deepseek,default_params,,Appliance,118,False,-1.0,0.0,0.3016666666666667
deepseek,extracted_per_run,shippedrun_01,Appliance,118,False,1.0,1.0,0.024999999999999984
deepseek,extracted_per_run,shippedrun_02,Appliance,118,False,1.0,1.0,0.014166666666666652
deepseek,extracted_per_run,shippedrun_03,Appliance,118,False,1.0,1.0,0.014166666666666652
deepseek,extracted_per_run,shippedrun_04,Appliance,118,False,1.0,1.0,0.014166666666666652
deepseek,extracted_per_run,shippedrun_05,Appliance,118,False,1.0,1.0,0.014166666666666652
deepseek,order_control,control_01,Appliance,118,False,1.0,1.0,0.014166666666666652
deepseek,order_control,control_02,Appliance,118,False,1.0,1.0,0.014166666666666652
deepseek,order_control,control_03,Appliance,118,False,1.0,1.0,0.014166666666666652
deepseek,order_reversed,reversed_01,Appliance,118,False,1.0,1.0,0.014166666666666652
deepseek,order_reversed,reversed_02,Appliance,118,False,1.0,1.0,0.014166666666666652
deepseek,order_reversed,reversed_03,Appliance,118,False,1.0,1.0,0.014166666666666652
deepseek,order_reversed,reversed_04,Appliance,118,False,1.0,1.0,0.014166666666666652
deepseek,order_reversed,reversed_05,Appliance,118,False,1.0,1.0,0.014166666666666652
deepseek,extracted,,Appliance,119,False,1.0,1.0,0.02
deepseek,default_params,,Appliance,119,False,-1.0,0.0,0.30583333333333335
deepseek,extracted_per_run,shippedrun_01,Appliance,119,False,1.0,1.0,0.013333333333333345
deepseek,extracted_per_run,shippedrun_02,Appliance,119,False,1.0,1.0,0.02
deepseek,extracted_per_run,shippedrun_03,Appliance,119,False,1.0,1.0,0.02
deepseek,extracted_per_run,shippedrun_04,Appliance,119,False,1.0,1.0,0.02
deepseek,extracted_per_run,shippedrun_05,Appliance,119,False,1.0,1.0,0.02
deepseek,order_control,control_01,Appliance,119,False,1.0,1.0,0.02
deepseek,order_control,control_02,Appliance,119,False,1.0,1.0,0.02
deepseek,order_control,control_03,Appliance,119,False,1.0,1.0,0.02
deepseek,order_reversed,reversed_01,Appliance,119,False,1.0,1.0,0.02
deepseek,order_reversed,reversed_02,Appliance,119,False,1.0,1.0,0.02
deepseek,order_reversed,reversed_03,Appliance,119,False,1.0,1.0,0.02
deepseek,order_reversed,reversed_04,Appliance,119,False,1.0,1.0,0.02
deepseek,order_reversed,reversed_05,Appliance,119,False,1.0,1.0,0.056666666666666664
deepseek,extracted,,Appliance,120,False,1.0,1.0,0.035
deepseek,default_params,,Appliance,120,False,-1.0,0.0,0.44083333333333335
deepseek,extracted_per_run,shippedrun_01,Appliance,120,False,1.0,1.0,0.05999999999999999
deepseek,extracted_per_run,shippedrun_02,Appliance,120,False,1.0,1.0,0.05999999999999999
deepseek,extracted_per_run,shippedrun_03,Appliance,120,False,1.0,1.0,0.05999999999999999
deepseek,extracted_per_run,shippedrun_04,Appliance,120,False,1.0,1.0,0.0
deepseek,extracted_per_run,shippedrun_05,Appliance,120,False,1.0,1.0,0.0
deepseek,order_control,control_01,Appliance,120,False,1.0,1.0,0.05999999999999999
deepseek,order_control,control_02,Appliance,120,False,1.0,1.0,0.05999999999999999
deepseek,order_control,control_03,Appliance,120,False,1.0,1.0,0.05999999999999999
deepseek,order_reversed,reversed_01,Appliance,120,False,1.0,1.0,0.0
deepseek,order_reversed,reversed_02,Appliance,120,False,1.0,1.0,0.05999999999999999
deepseek,order_reversed,reversed_03,Appliance,120,False,1.0,1.0,0.05999999999999999
deepseek,order_reversed,reversed_04,Appliance,120,False,1.0,1.0,0.05999999999999999
deepseek,order_reversed,reversed_05,Appliance,120,False,1.0,1.0,0.05999999999999999
deepseek,extracted,,Appliance,121,False,1.0,1.0,0.035
deepseek,default_params,,Appliance,121,False,-0.33333333333333337,0.0,0.15583333333333335
deepseek,extracted_per_run,shippedrun_01,Appliance,121,False,1.0,1.0,0.057499999999999996
deepseek,extracted_per_run,shippedrun_02,Appliance,121,False,1.0,1.0,0.027499999999999997
deepseek,extracted_per_run,shippedrun_03,Appliance,121,False,1.0,1.0,0.027499999999999997
deepseek,extracted_per_run,shippedrun_04,Appliance,121,False,1.0,1.0,0.027499999999999997
deepseek,extracted_per_run,shippedrun_05,Appliance,121,False,1.0,1.0,0.027499999999999997
deepseek,order_control,control_01,Appliance,121,False,1.0,1.0,0.027499999999999997
deepseek,order_control,control_02,Appliance,121,False,1.0,1.0,0.027499999999999997
deepseek,order_control,control_03,Appliance,121,False,1.0,1.0,0.027499999999999997
deepseek,order_reversed,reversed_01,Appliance,121,False,1.0,1.0,0.027499999999999997
deepseek,order_reversed,reversed_02,Appliance,121,False,1.0,1.0,0.027499999999999997
deepseek,order_reversed,reversed_03,Appliance,121,False,1.0,1.0,0.027499999999999997
deepseek,order_reversed,reversed_04,Appliance,121,False,1.0,1.0,0.027499999999999997
deepseek,order_reversed,reversed_05,Appliance,121,False,1.0,1.0,0.027499999999999997
deepseek,extracted,,Appliance,122,False,1.0,1.0,0.07333333333333332
deepseek,default_params,,Appliance,122,False,-0.33333333333333337,0.0,0.465
deepseek,extracted_per_run,shippedrun_01,Appliance,122,False,1.0,1.0,0.08583333333333333
deepseek,extracted_per_run,shippedrun_02,Appliance,122,False,1.0,1.0,0.06666666666666665
deepseek,extracted_per_run,shippedrun_03,Appliance,122,False,1.0,1.0,0.06666666666666665
deepseek,extracted_per_run,shippedrun_04,Appliance,122,False,1.0,1.0,0.06666666666666665
deepseek,extracted_per_run,shippedrun_05,Appliance,122,False,1.0,1.0,0.06666666666666665
deepseek,order_control,control_01,Appliance,122,False,1.0,1.0,0.06666666666666665
deepseek,order_control,control_02,Appliance,122,False,1.0,1.0,0.06666666666666665
deepseek,order_control,control_03,Appliance,122,False,1.0,1.0,0.06666666666666665
deepseek,order_reversed,reversed_01,Appliance,122,False,1.0,1.0,0.021666666666666678
deepseek,order_reversed,reversed_02,Appliance,122,False,1.0,1.0,0.021666666666666678
deepseek,order_reversed,reversed_03,Appliance,122,False,1.0,1.0,0.021666666666666678
deepseek,order_reversed,reversed_04,Appliance,122,False,1.0,1.0,0.06666666666666665
deepseek,order_reversed,reversed_05,Appliance,122,False,1.0,1.0,0.021666666666666678
deepseek,extracted,,Appliance,123,False,1.0,1.0,0.04999999999999999
deepseek,default_params,,Appliance,123,False,-0.33333333333333337,0.0,0.21833333333333335
deepseek,extracted_per_run,shippedrun_01,Appliance,123,False,1.0,1.0,0.04999999999999999
deepseek,extracted_per_run,shippedrun_02,Appliance,123,False,1.0,1.0,0.04999999999999999
deepseek,extracted_per_run,shippedrun_03,Appliance,123,False,1.0,1.0,0.04999999999999999
deepseek,extracted_per_run,shippedrun_04,Appliance,123,False,1.0,1.0,0.04999999999999999
deepseek,extracted_per_run,shippedrun_05,Appliance,123,False,1.0,1.0,0.04999999999999999
deepseek,order_control,control_01,Appliance,123,False,1.0,1.0,0.04999999999999999
deepseek,order_control,control_02,Appliance,123,False,1.0,1.0,0.04999999999999999
deepseek,order_control,control_03,Appliance,123,False,1.0,1.0,0.04999999999999999
deepseek,order_reversed,reversed_01,Appliance,123,False,1.0,1.0,0.04999999999999999
deepseek,order_reversed,reversed_02,Appliance,123,False,1.0,1.0,0.04999999999999999
deepseek,order_reversed,reversed_03,Appliance,123,False,1.0,1.0,0.04999999999999999
deepseek,order_reversed,reversed_04,Appliance,123,False,1.0,1.0,0.04999999999999999
deepseek,order_reversed,reversed_05,Appliance,123,False,1.0,1.0,0.04999999999999999
deepseek,extracted,,Appliance,124,False,1.0,1.0,0.08333333333333333
deepseek,default_params,,Appliance,124,False,1.0,1.0,0.2525
deepseek,extracted_per_run,shippedrun_01,Appliance,124,False,1.0,1.0,0.115
deepseek,extracted_per_run,shippedrun_02,Appliance,124,False,1.0,1.0,0.02416666666666667
deepseek,extracted_per_run,shippedrun_03,Appliance,124,False,1.0,1.0,0.07999999999999999
deepseek,extracted_per_run,shippedrun_04,Appliance,124,False,1.0,1.0,0.07999999999999999
deepseek,extracted_per_run,shippedrun_05,Appliance,124,False,1.0,1.0,0.07999999999999999
deepseek,order_control,control_01,Appliance,124,False,1.0,1.0,0.07999999999999999
deepseek,order_control,control_02,Appliance,124,False,1.0,1.0,0.07999999999999999
deepseek,order_control,control_03,Appliance,124,False,1.0,1.0,0.07999999999999999
deepseek,order_reversed,reversed_01,Appliance,124,False,1.0,1.0,0.07999999999999999
deepseek,order_reversed,reversed_02,Appliance,124,False,1.0,1.0,0.07999999999999999
deepseek,order_reversed,reversed_03,Appliance,124,False,1.0,1.0,0.07999999999999999
deepseek,order_reversed,reversed_04,Appliance,124,False,1.0,1.0,0.07999999999999999
deepseek,order_reversed,reversed_05,Appliance,124,False,1.0,1.0,0.02416666666666667
deepseek,extracted,,Appliance,125,False,1.0,1.0,0.023333333333333355
deepseek,default_params,,Appliance,125,False,0.33333333333333337,1.0,0.11249999999999998
deepseek,extracted_per_run,shippedrun_01,Appliance,125,False,1.0,1.0,0.03916666666666665
deepseek,extracted_per_run,shippedrun_02,Appliance,125,False,1.0,1.0,0.03916666666666668
deepseek,extracted_per_run,shippedrun_03,Appliance,125,False,1.0,1.0,0.03916666666666668
deepseek,extracted_per_run,shippedrun_04,Appliance,125,False,1.0,1.0,0.03916666666666668
deepseek,extracted_per_run,shippedrun_05,Appliance,125,False,1.0,1.0,0.03916666666666668
deepseek,order_control,control_01,Appliance,125,False,1.0,1.0,0.03916666666666668
deepseek,order_control,control_02,Appliance,125,False,1.0,1.0,0.03916666666666668
deepseek,order_control,control_03,Appliance,125,False,1.0,1.0,0.03916666666666668
deepseek,order_reversed,reversed_01,Appliance,125,False,1.0,1.0,0.03916666666666668
deepseek,order_reversed,reversed_02,Appliance,125,False,1.0,1.0,0.03916666666666668
deepseek,order_reversed,reversed_03,Appliance,125,False,1.0,1.0,0.03916666666666668
deepseek,order_reversed,reversed_04,Appliance,125,False,1.0,1.0,0.03916666666666668
deepseek,order_reversed,reversed_05,Appliance,125,False,1.0,1.0,0.03916666666666668
deepseek,extracted,,Appliance,126,False,1.0,1.0,0.05166666666666667
deepseek,default_params,,Appliance,126,False,0.33333333333333337,1.0,0.13000000000000003
deepseek,extracted_per_run,shippedrun_01,Appliance,126,False,1.0,1.0,0.060000000000000005
deepseek,extracted_per_run,shippedrun_02,Appliance,126,False,1.0,1.0,0.060000000000000005
deepseek,extracted_per_run,shippedrun_03,Appliance,126,False,1.0,1.0,0.060000000000000005
deepseek,extracted_per_run,shippedrun_04,Appliance,126,False,1.0,1.0,0.020833333333333353
deepseek,extracted_per_run,shippedrun_05,Appliance,126,False,1.0,1.0,0.060000000000000005
deepseek,order_control,control_01,Appliance,126,False,1.0,1.0,0.060000000000000005
deepseek,order_control,control_02,Appliance,126,False,1.0,1.0,0.060000000000000005
deepseek,order_control,control_03,Appliance,126,False,1.0,1.0,0.060000000000000005
deepseek,order_reversed,reversed_01,Appliance,126,False,1.0,1.0,0.060000000000000005
deepseek,order_reversed,reversed_02,Appliance,126,False,1.0,1.0,0.060000000000000005
deepseek,order_reversed,reversed_03,Appliance,126,False,1.0,1.0,0.060000000000000005
deepseek,order_reversed,reversed_04,Appliance,126,False,1.0,1.0,0.060000000000000005
deepseek,order_reversed,reversed_05,Appliance,126,False,1.0,1.0,0.020833333333333353
deepseek,extracted,,Appliance,127,False,1.0,1.0,0.02416666666666666
deepseek,default_params,,Appliance,127,False,0.33333333333333337,1.0,0.18333333333333335
deepseek,extracted_per_run,shippedrun_01,Appliance,127,False,1.0,1.0,0.04666666666666668
deepseek,extracted_per_run,shippedrun_02,Appliance,127,False,1.0,1.0,0.016666666666666663
deepseek,extracted_per_run,shippedrun_03,Appliance,127,False,1.0,1.0,0.016666666666666663
deepseek,extracted_per_run,shippedrun_04,Appliance,127,False,1.0,1.0,0.016666666666666663
deepseek,extracted_per_run,shippedrun_05,Appliance,127,False,1.0,1.0,0.016666666666666663
deepseek,order_control,control_01,Appliance,127,False,1.0,1.0,0.016666666666666663
deepseek,order_control,control_02,Appliance,127,False,1.0,1.0,0.016666666666666663
deepseek,order_control,control_03,Appliance,127,False,1.0,1.0,0.016666666666666663
deepseek,order_reversed,reversed_01,Appliance,127,False,1.0,1.0,0.016666666666666663
deepseek,order_reversed,reversed_02,Appliance,127,False,1.0,1.0,0.016666666666666663
deepseek,order_reversed,reversed_03,Appliance,127,False,1.0,1.0,0.016666666666666663
deepseek,order_reversed,reversed_04,Appliance,127,False,1.0,1.0,0.016666666666666663
deepseek,order_reversed,reversed_05,Appliance,127,False,1.0,1.0,0.016666666666666663
deepseek,extracted,,Appliance,128,False,1.0,1.0,0.020000000000000004
deepseek,default_params,,Appliance,128,False,0.33333333333333337,1.0,0.2983333333333334
deepseek,extracted_per_run,shippedrun_01,Appliance,128,False,1.0,1.0,0.055833333333333325
deepseek,extracted_per_run,shippedrun_02,Appliance,128,False,1.0,1.0,0.010833333333333335
deepseek,extracted_per_run,shippedrun_03,Appliance,128,False,1.0,1.0,0.010833333333333335
deepseek,extracted_per_run,shippedrun_04,Appliance,128,False,1.0,1.0,0.010833333333333335
deepseek,extracted_per_run,shippedrun_05,Appliance,128,False,1.0,1.0,0.010833333333333335
deepseek,order_control,control_01,Appliance,128,False,1.0,1.0,0.010833333333333335
deepseek,order_control,control_02,Appliance,128,False,1.0,1.0,0.010833333333333335
deepseek,order_control,control_03,Appliance,128,False,1.0,1.0,0.010833333333333335
deepseek,order_reversed,reversed_01,Appliance,128,False,1.0,1.0,0.010833333333333335
deepseek,order_reversed,reversed_02,Appliance,128,False,1.0,1.0,0.010833333333333335
deepseek,order_reversed,reversed_03,Appliance,128,False,1.0,1.0,0.010833333333333335
deepseek,order_reversed,reversed_04,Appliance,128,False,1.0,1.0,0.010833333333333335
deepseek,order_reversed,reversed_05,Appliance,128,False,1.0,1.0,0.010833333333333335
deepseek,extracted,,Appliance,129,False,1.0,1.0,0.029166666666666664
deepseek,default_params,,Appliance,129,False,0.33333333333333337,0.0,0.15916666666666668
deepseek,extracted_per_run,shippedrun_01,Appliance,129,False,1.0,1.0,0.029166666666666664
deepseek,extracted_per_run,shippedrun_02,Appliance,129,False,1.0,1.0,0.029166666666666664
deepseek,extracted_per_run,shippedrun_03,Appliance,129,False,1.0,1.0,0.029166666666666664
deepseek,extracted_per_run,shippedrun_04,Appliance,129,False,1.0,1.0,0.029166666666666664
deepseek,extracted_per_run,shippedrun_05,Appliance,129,False,1.0,1.0,0.029166666666666664
deepseek,order_control,control_01,Appliance,129,False,1.0,1.0,0.029166666666666664
deepseek,order_control,control_02,Appliance,129,False,1.0,1.0,0.029166666666666664
deepseek,order_control,control_03,Appliance,129,False,1.0,1.0,0.029166666666666664
deepseek,order_reversed,reversed_01,Appliance,129,False,1.0,1.0,0.029166666666666664
deepseek,order_reversed,reversed_02,Appliance,129,False,1.0,1.0,0.029166666666666664
deepseek,order_reversed,reversed_03,Appliance,129,False,1.0,1.0,0.029166666666666664
deepseek,order_reversed,reversed_04,Appliance,129,False,1.0,1.0,0.029166666666666664
deepseek,order_reversed,reversed_05,Appliance,129,False,1.0,1.0,0.029166666666666664
deepseek,extracted,,Appliance,130,False,1.0,1.0,0.008333333333333312
deepseek,default_params,,Appliance,130,False,1.0,1.0,0.10333333333333332
deepseek,extracted_per_run,shippedrun_01,Appliance,130,False,1.0,1.0,0.003333333333333327
deepseek,extracted_per_run,shippedrun_02,Appliance,130,False,1.0,1.0,0.008333333333333312
deepseek,extracted_per_run,shippedrun_03,Appliance,130,False,1.0,1.0,0.008333333333333312
deepseek,extracted_per_run,shippedrun_04,Appliance,130,False,1.0,1.0,0.008333333333333312
deepseek,extracted_per_run,shippedrun_05,Appliance,130,False,1.0,1.0,0.008333333333333312
deepseek,order_control,control_01,Appliance,130,False,1.0,1.0,0.008333333333333312
deepseek,order_control,control_02,Appliance,130,False,1.0,1.0,0.008333333333333312
deepseek,order_control,control_03,Appliance,130,False,1.0,1.0,0.008333333333333312
deepseek,order_reversed,reversed_01,Appliance,130,False,1.0,1.0,0.008333333333333312
deepseek,order_reversed,reversed_02,Appliance,130,False,1.0,1.0,0.008333333333333312
deepseek,order_reversed,reversed_03,Appliance,130,False,1.0,1.0,0.008333333333333312
deepseek,order_reversed,reversed_04,Appliance,130,False,1.0,1.0,0.008333333333333312
deepseek,order_reversed,reversed_05,Appliance,130,False,1.0,1.0,0.008333333333333312
deepseek,extracted,,Appliance,131,False,1.0,1.0,0.01916666666666667
deepseek,default_params,,Appliance,131,False,0.33333333333333337,1.0,0.3408333333333333
deepseek,extracted_per_run,shippedrun_01,Appliance,131,False,1.0,1.0,0.07
deepseek,extracted_per_run,shippedrun_02,Appliance,131,False,1.0,1.0,0.010000000000000002
deepseek,extracted_per_run,shippedrun_03,Appliance,131,False,1.0,1.0,0.010000000000000002
deepseek,extracted_per_run,shippedrun_04,Appliance,131,False,1.0,1.0,0.010000000000000002
deepseek,extracted_per_run,shippedrun_05,Appliance,131,False,1.0,1.0,0.010000000000000002
deepseek,order_control,control_01,Appliance,131,False,1.0,1.0,0.010000000000000002
deepseek,order_control,control_02,Appliance,131,False,1.0,1.0,0.010000000000000002
deepseek,order_control,control_03,Appliance,131,False,1.0,1.0,0.010000000000000002
deepseek,order_reversed,reversed_01,Appliance,131,False,1.0,1.0,0.010000000000000002
deepseek,order_reversed,reversed_02,Appliance,131,False,1.0,1.0,0.03916666666666665
deepseek,order_reversed,reversed_03,Appliance,131,False,1.0,1.0,0.010000000000000002
deepseek,order_reversed,reversed_04,Appliance,131,False,1.0,1.0,0.03916666666666665
deepseek,order_reversed,reversed_05,Appliance,131,False,1.0,1.0,0.010000000000000002
deepseek,extracted,,Appliance,132,False,1.0,1.0,0.0708333333333333
deepseek,default_params,,Appliance,132,False,0.33333333333333337,1.0,0.17249999999999996
deepseek,extracted_per_run,shippedrun_01,Appliance,132,False,1.0,1.0,0.046666666666666655
deepseek,extracted_per_run,shippedrun_02,Appliance,132,False,1.0,1.0,0.08583333333333332
deepseek,extracted_per_run,shippedrun_03,Appliance,132,False,1.0,1.0,0.08583333333333332
deepseek,extracted_per_run,shippedrun_04,Appliance,132,False,1.0,1.0,0.08583333333333332
deepseek,extracted_per_run,shippedrun_05,Appliance,132,False,1.0,1.0,0.046666666666666655
deepseek,order_control,control_01,Appliance,132,False,1.0,1.0,0.08583333333333332
deepseek,order_control,control_02,Appliance,132,False,1.0,1.0,0.08583333333333332
deepseek,order_control,control_03,Appliance,132,False,1.0,1.0,0.08583333333333332
deepseek,order_reversed,reversed_01,Appliance,132,False,1.0,1.0,0.08583333333333332
deepseek,order_reversed,reversed_02,Appliance,132,False,1.0,1.0,0.08583333333333332
deepseek,order_reversed,reversed_03,Appliance,132,False,1.0,1.0,0.08583333333333332
deepseek,order_reversed,reversed_04,Appliance,132,False,1.0,1.0,0.046666666666666655
deepseek,order_reversed,reversed_05,Appliance,132,False,1.0,1.0,0.046666666666666655
deepseek,extracted,,Appliance,133,False,1.0,1.0,0.02583333333333333
deepseek,default_params,,Appliance,133,False,0.33333333333333337,0.0,0.13583333333333333
deepseek,extracted_per_run,shippedrun_01,Appliance,133,False,1.0,1.0,0.01833333333333335
deepseek,extracted_per_run,shippedrun_02,Appliance,133,False,1.0,1.0,0.02666666666666666
deepseek,extracted_per_run,shippedrun_03,Appliance,133,False,1.0,1.0,0.02666666666666666
deepseek,extracted_per_run,shippedrun_04,Appliance,133,False,1.0,1.0,0.02666666666666666
deepseek,extracted_per_run,shippedrun_05,Appliance,133,False,1.0,1.0,0.02666666666666666
deepseek,order_control,control_01,Appliance,133,False,1.0,1.0,0.02666666666666666
deepseek,order_control,control_02,Appliance,133,False,1.0,1.0,0.02666666666666666
deepseek,order_control,control_03,Appliance,133,False,1.0,1.0,0.02666666666666666
deepseek,order_reversed,reversed_01,Appliance,133,False,1.0,1.0,0.02666666666666666
deepseek,order_reversed,reversed_02,Appliance,133,False,1.0,1.0,0.02666666666666666
deepseek,order_reversed,reversed_03,Appliance,133,False,1.0,1.0,0.02666666666666666
deepseek,order_reversed,reversed_04,Appliance,133,False,1.0,1.0,0.02666666666666666
deepseek,order_reversed,reversed_05,Appliance,133,False,1.0,1.0,0.02666666666666666
deepseek,extracted,,Appliance,134,False,1.0,1.0,0.06333333333333331
deepseek,default_params,,Appliance,134,False,0.33333333333333337,1.0,0.29250000000000004
deepseek,extracted_per_run,shippedrun_01,Appliance,134,False,1.0,1.0,0.07333333333333332
deepseek,extracted_per_run,shippedrun_02,Appliance,134,False,1.0,1.0,0.07333333333333332
deepseek,extracted_per_run,shippedrun_03,Appliance,134,False,1.0,1.0,0.07333333333333332
deepseek,extracted_per_run,shippedrun_04,Appliance,134,False,1.0,1.0,0.07333333333333332
deepseek,extracted_per_run,shippedrun_05,Appliance,134,False,1.0,1.0,0.02416666666666668
deepseek,order_control,control_01,Appliance,134,False,1.0,1.0,0.07333333333333332
deepseek,order_control,control_02,Appliance,134,False,1.0,1.0,0.07333333333333332
deepseek,order_control,control_03,Appliance,134,False,1.0,1.0,0.07333333333333332
deepseek,order_reversed,reversed_01,Appliance,134,False,1.0,1.0,0.02416666666666668
deepseek,order_reversed,reversed_02,Appliance,134,False,1.0,1.0,0.07333333333333332
deepseek,order_reversed,reversed_03,Appliance,134,False,1.0,1.0,0.07333333333333332
deepseek,order_reversed,reversed_04,Appliance,134,False,1.0,1.0,0.07333333333333332
deepseek,order_reversed,reversed_05,Appliance,134,False,1.0,1.0,0.02416666666666668
deepseek,extracted,,Appliance,135,False,1.0,1.0,0.036666666666666674
deepseek,default_params,,Appliance,135,False,1.0,1.0,0.09000000000000001
deepseek,extracted_per_run,shippedrun_01,Appliance,135,False,1.0,1.0,0.010833333333333342
deepseek,extracted_per_run,shippedrun_02,Appliance,135,False,1.0,1.0,0.04416666666666668
deepseek,extracted_per_run,shippedrun_03,Appliance,135,False,1.0,1.0,0.04416666666666668
deepseek,extracted_per_run,shippedrun_04,Appliance,135,False,1.0,1.0,0.04416666666666668
deepseek,extracted_per_run,shippedrun_05,Appliance,135,False,1.0,1.0,0.04416666666666668
deepseek,order_control,control_01,Appliance,135,False,1.0,1.0,0.04416666666666668
deepseek,order_control,control_02,Appliance,135,False,1.0,1.0,0.04416666666666668
deepseek,order_control,control_03,Appliance,135,False,1.0,1.0,0.04416666666666668
deepseek,order_reversed,reversed_01,Appliance,135,False,1.0,1.0,0.04416666666666668
deepseek,order_reversed,reversed_02,Appliance,135,False,1.0,1.0,0.04416666666666668
deepseek,order_reversed,reversed_03,Appliance,135,False,1.0,1.0,0.04416666666666668
deepseek,order_reversed,reversed_04,Appliance,135,False,1.0,1.0,0.04416666666666668
deepseek,order_reversed,reversed_05,Appliance,135,False,1.0,1.0,0.04416666666666668
deepseek,extracted,,Shower,136,False,1.0,1.0,0.05250000000000001
deepseek,default_params,,Shower,136,False,-1.0,0.0,0.12
deepseek,extracted_per_run,shippedrun_01,Shower,136,False,-0.33333333333333337,0.0,0.06833333333333334
deepseek,extracted_per_run,shippedrun_02,Shower,136,False,1.0,1.0,0.04750000000000001
deepseek,extracted_per_run,shippedrun_03,Shower,136,False,1.0,1.0,0.04750000000000001
deepseek,extracted_per_run,shippedrun_04,Shower,136,False,1.0,1.0,0.04750000000000001
deepseek,extracted_per_run,shippedrun_05,Shower,136,False,1.0,1.0,0.04750000000000001
deepseek,order_control,control_01,Shower,136,False,1.0,1.0,0.04750000000000001
deepseek,order_control,control_02,Shower,136,False,1.0,1.0,0.04750000000000001
deepseek,order_control,control_03,Shower,136,False,1.0,1.0,0.04750000000000001
deepseek,order_reversed,reversed_01,Shower,136,False,1.0,1.0,0.04750000000000001
deepseek,order_reversed,reversed_02,Shower,136,False,1.0,1.0,0.04750000000000001
deepseek,order_reversed,reversed_03,Shower,136,False,1.0,1.0,0.04750000000000001
deepseek,order_reversed,reversed_04,Shower,136,False,1.0,1.0,0.04750000000000001
deepseek,order_reversed,reversed_05,Shower,136,False,1.0,1.0,0.04750000000000001
deepseek,extracted,,Shower,137,False,1.0,1.0,0.041666666666666664
deepseek,default_params,,Shower,137,False,0.33333333333333337,1.0,0.1425
deepseek,extracted_per_run,shippedrun_01,Shower,137,False,1.0,1.0,0.041666666666666664
deepseek,extracted_per_run,shippedrun_02,Shower,137,False,0.33333333333333337,1.0,0.065
deepseek,extracted_per_run,shippedrun_03,Shower,137,False,0.33333333333333337,1.0,0.065
deepseek,extracted_per_run,shippedrun_04,Shower,137,False,0.33333333333333337,1.0,0.065
deepseek,extracted_per_run,shippedrun_05,Shower,137,False,0.33333333333333337,1.0,0.065
deepseek,order_control,control_01,Shower,137,False,0.33333333333333337,1.0,0.065
deepseek,order_control,control_02,Shower,137,False,1.0,1.0,0.041666666666666664
deepseek,order_control,control_03,Shower,137,False,0.33333333333333337,1.0,0.065
deepseek,order_reversed,reversed_01,Shower,137,False,0.33333333333333337,1.0,0.065
deepseek,order_reversed,reversed_02,Shower,137,False,1.0,1.0,0.041666666666666664
deepseek,order_reversed,reversed_03,Shower,137,False,0.33333333333333337,1.0,0.065
deepseek,order_reversed,reversed_04,Shower,137,False,0.33333333333333337,1.0,0.065
deepseek,order_reversed,reversed_05,Shower,137,False,0.33333333333333337,1.0,0.065
deepseek,extracted,,Shower,138,False,1.0,1.0,0.009166666666666665
deepseek,default_params,,Shower,138,False,0.33333333333333337,0.0,0.11833333333333333
deepseek,extracted_per_run,shippedrun_01,Shower,138,False,1.0,1.0,0.03583333333333333
deepseek,extracted_per_run,shippedrun_02,Shower,138,False,1.0,1.0,0.0
deepseek,extracted_per_run,shippedrun_03,Shower,138,False,1.0,1.0,0.0
deepseek,extracted_per_run,shippedrun_04,Shower,138,False,1.0,1.0,0.0
deepseek,extracted_per_run,shippedrun_05,Shower,138,False,1.0,1.0,0.0
deepseek,order_control,control_01,Shower,138,False,1.0,1.0,0.0
deepseek,order_control,control_02,Shower,138,False,1.0,1.0,0.0
deepseek,order_control,control_03,Shower,138,False,1.0,1.0,0.0
deepseek,order_reversed,reversed_01,Shower,138,False,1.0,1.0,0.0
deepseek,order_reversed,reversed_02,Shower,138,False,1.0,1.0,0.0
deepseek,order_reversed,reversed_03,Shower,138,False,1.0,1.0,0.0
deepseek,order_reversed,reversed_04,Shower,138,False,1.0,1.0,0.0
deepseek,order_reversed,reversed_05,Shower,138,False,1.0,1.0,0.0
deepseek,extracted,,Shower,139,False,1.0,1.0,0.0
deepseek,default_params,,Shower,139,False,1.0,1.0,0.023333333333333334
deepseek,extracted_per_run,shippedrun_01,Shower,139,False,1.0,1.0,0.0
deepseek,extracted_per_run,shippedrun_02,Shower,139,False,1.0,1.0,0.0
deepseek,extracted_per_run,shippedrun_03,Shower,139,False,1.0,1.0,0.0
deepseek,extracted_per_run,shippedrun_04,Shower,139,False,1.0,1.0,0.0
deepseek,extracted_per_run,shippedrun_05,Shower,139,False,1.0,1.0,0.0
deepseek,order_control,control_01,Shower,139,False,1.0,1.0,0.0
deepseek,order_control,control_02,Shower,139,False,1.0,1.0,0.0
deepseek,order_control,control_03,Shower,139,False,1.0,1.0,0.0
deepseek,order_reversed,reversed_01,Shower,139,False,1.0,1.0,0.0
deepseek,order_reversed,reversed_02,Shower,139,False,1.0,1.0,0.0
deepseek,order_reversed,reversed_03,Shower,139,False,1.0,1.0,0.0
deepseek,order_reversed,reversed_04,Shower,139,False,1.0,1.0,0.0
deepseek,order_reversed,reversed_05,Shower,139,False,1.0,1.0,0.0
deepseek,extracted,,Shower,140,False,1.0,1.0,0.029166666666666674
deepseek,default_params,,Shower,140,False,0.33333333333333337,0.0,0.13416666666666668
deepseek,extracted_per_run,shippedrun_01,Shower,140,False,1.0,1.0,0.04833333333333334
deepseek,extracted_per_run,shippedrun_02,Shower,140,False,1.0,1.0,0.023333333333333334
deepseek,extracted_per_run,shippedrun_03,Shower,140,False,1.0,1.0,0.023333333333333334
deepseek,extracted_per_run,shippedrun_04,Shower,140,False,1.0,1.0,0.0
deepseek,extracted_per_run,shippedrun_05,Shower,140,False,1.0,1.0,0.023333333333333334
deepseek,order_control,control_01,Shower,140,False,1.0,1.0,0.0
deepseek,order_control,control_02,Shower,140,False,1.0,1.0,0.023333333333333334
deepseek,order_control,control_03,Shower,140,False,1.0,1.0,0.023333333333333334
deepseek,order_reversed,reversed_01,Shower,140,False,1.0,1.0,0.023333333333333334
deepseek,order_reversed,reversed_02,Shower,140,False,1.0,1.0,0.023333333333333334
deepseek,order_reversed,reversed_03,Shower,140,False,1.0,1.0,0.023333333333333334
deepseek,order_reversed,reversed_04,Shower,140,False,1.0,1.0,0.023333333333333334
deepseek,order_reversed,reversed_05,Shower,140,False,1.0,1.0,0.0
deepseek,extracted,,Shower,141,False,1.0,1.0,0.03916666666666666
deepseek,default_params,,Shower,141,False,1.0,1.0,0.029166666666666664
deepseek,extracted_per_run,shippedrun_01,Shower,141,False,1.0,1.0,0.029166666666666664
deepseek,extracted_per_run,shippedrun_02,Shower,141,False,1.0,1.0,0.050833333333333335
deepseek,extracted_per_run,shippedrun_03,Shower,141,False,1.0,1.0,0.0
deepseek,extracted_per_run,shippedrun_04,Shower,141,False,1.0,1.0,0.0
deepseek,extracted_per_run,shippedrun_05,Shower,141,False,1.0,1.0,0.029166666666666664
deepseek,order_control,control_01,Shower,141,False,1.0,1.0,0.0
deepseek,order_control,control_02,Shower,141,False,1.0,1.0,0.0
deepseek,order_control,control_03,Shower,141,False,1.0,1.0,0.0
deepseek,order_reversed,reversed_01,Shower,141,False,1.0,1.0,0.0
deepseek,order_reversed,reversed_02,Shower,141,False,1.0,1.0,0.0
deepseek,order_reversed,reversed_03,Shower,141,False,1.0,1.0,0.0
deepseek,order_reversed,reversed_04,Shower,141,False,1.0,1.0,0.0
deepseek,order_reversed,reversed_05,Shower,141,False,1.0,1.0,0.0
deepseek,extracted,,Shower,142,False,0.33333333333333337,1.0,0.006666666666666654
deepseek,default_params,,Shower,142,False,-0.33333333333333337,0.0,0.1025
deepseek,extracted_per_run,shippedrun_01,Shower,142,False,0.33333333333333337,1.0,0.03
deepseek,extracted_per_run,shippedrun_02,Shower,142,False,1.0,1.0,0.0
deepseek,extracted_per_run,shippedrun_03,Shower,142,False,1.0,1.0,0.0
deepseek,extracted_per_run,shippedrun_04,Shower,142,False,1.0,1.0,0.0
deepseek,extracted_per_run,shippedrun_05,Shower,142,False,1.0,1.0,0.0
deepseek,order_control,control_01,Shower,142,False,1.0,1.0,0.0
deepseek,order_control,control_02,Shower,142,False,1.0,1.0,0.0
deepseek,order_control,control_03,Shower,142,False,1.0,1.0,0.0
deepseek,order_reversed,reversed_01,Shower,142,False,1.0,1.0,0.0
deepseek,order_reversed,reversed_02,Shower,142,False,1.0,1.0,0.0
deepseek,order_reversed,reversed_03,Shower,142,False,1.0,1.0,0.0
deepseek,order_reversed,reversed_04,Shower,142,False,1.0,1.0,0.0
deepseek,order_reversed,reversed_05,Shower,142,False,1.0,1.0,0.0
deepseek,extracted,,Shower,143,False,-0.33333333333333337,0.0,0.037500000000000006
deepseek,default_params,,Shower,143,False,0.33333333333333337,0.0,0.10916666666666668
deepseek,extracted_per_run,shippedrun_01,Shower,143,False,0.33333333333333337,0.0,0.06666666666666668
deepseek,extracted_per_run,shippedrun_02,Shower,143,False,-0.33333333333333337,0.0,0.029166666666666664
deepseek,extracted_per_run,shippedrun_03,Shower,143,False,-0.33333333333333337,0.0,0.029166666666666664
deepseek,extracted_per_run,shippedrun_04,Shower,143,False,1.0,1.0,0.0
deepseek,extracted_per_run,shippedrun_05,Shower,143,False,-0.33333333333333337,0.0,0.029166666666666664
deepseek,order_control,control_01,Shower,143,False,1.0,1.0,0.0
deepseek,order_control,control_02,Shower,143,False,1.0,1.0,0.0
deepseek,order_control,control_03,Shower,143,False,1.0,1.0,0.0
deepseek,order_reversed,reversed_01,Shower,143,False,-0.33333333333333337,0.0,0.029166666666666664
deepseek,order_reversed,reversed_02,Shower,143,False,1.0,1.0,0.0
deepseek,order_reversed,reversed_03,Shower,143,False,1.0,1.0,0.0
deepseek,order_reversed,reversed_04,Shower,143,False,1.0,1.0,0.0
deepseek,order_reversed,reversed_05,Shower,143,False,1.0,1.0,0.0
deepseek,extracted,,Shower,144,False,1.0,1.0,0.0
deepseek,default_params,,Shower,144,False,1.0,1.0,0.016666666666666666
deepseek,extracted_per_run,shippedrun_01,Shower,144,False,1.0,1.0,0.016666666666666666
deepseek,extracted_per_run,shippedrun_02,Shower,144,False,1.0,1.0,0.0
deepseek,extracted_per_run,shippedrun_03,Shower,144,False,1.0,1.0,0.0
deepseek,extracted_per_run,shippedrun_04,Shower,144,False,1.0,1.0,0.0
deepseek,extracted_per_run,shippedrun_05,Shower,144,False,1.0,1.0,0.0
deepseek,order_control,control_01,Shower,144,False,1.0,1.0,0.0
deepseek,order_control,control_02,Shower,144,False,1.0,1.0,0.0
deepseek,order_control,control_03,Shower,144,False,1.0,1.0,0.016666666666666666
deepseek,order_reversed,reversed_01,Shower,144,False,1.0,1.0,0.0
deepseek,order_reversed,reversed_02,Shower,144,False,1.0,1.0,0.016666666666666666
deepseek,order_reversed,reversed_03,Shower,144,False,1.0,1.0,0.0
deepseek,order_reversed,reversed_04,Shower,144,False,1.0,1.0,0.0
deepseek,order_reversed,reversed_05,Shower,144,False,1.0,1.0,0.0
deepseek,extracted,,Shower,145,False,1.0,1.0,0.0675
deepseek,default_params,,Shower,145,False,1.0,1.0,0.09166666666666667
deepseek,extracted_per_run,shippedrun_01,Shower,145,False,1.0,1.0,0.0
deepseek,extracted_per_run,shippedrun_02,Shower,145,False,1.0,1.0,0.09166666666666667
deepseek,extracted_per_run,shippedrun_03,Shower,145,False,1.0,1.0,0.09166666666666667
deepseek,extracted_per_run,shippedrun_04,Shower,145,False,1.0,1.0,0.09166666666666667
deepseek,extracted_per_run,shippedrun_05,Shower,145,False,1.0,1.0,0.09166666666666667
deepseek,order_control,control_01,Shower,145,False,1.0,1.0,0.09166666666666667
deepseek,order_control,control_02,Shower,145,False,1.0,1.0,0.09166666666666667
deepseek,order_control,control_03,Shower,145,False,1.0,1.0,0.09166666666666667
deepseek,order_reversed,reversed_01,Shower,145,False,1.0,1.0,0.09166666666666667
deepseek,order_reversed,reversed_02,Shower,145,False,1.0,1.0,0.09166666666666667
deepseek,order_reversed,reversed_03,Shower,145,False,1.0,1.0,0.09166666666666667
deepseek,order_reversed,reversed_04,Shower,145,False,1.0,1.0,0.09166666666666667
deepseek,order_reversed,reversed_05,Shower,145,False,1.0,1.0,0.09166666666666667
deepseek,extracted,,Shower,146,False,1.0,1.0,0.07416666666666667
deepseek,default_params,,Shower,146,False,1.0,1.0,0.09833333333333333
deepseek,extracted_per_run,shippedrun_01,Shower,146,False,1.0,1.0,0.0
deepseek,extracted_per_run,shippedrun_02,Shower,146,False,1.0,1.0,0.09833333333333333
deepseek,extracted_per_run,shippedrun_03,Shower,146,False,1.0,1.0,0.09833333333333333
deepseek,extracted_per_run,shippedrun_04,Shower,146,False,1.0,1.0,0.09833333333333333
deepseek,extracted_per_run,shippedrun_05,Shower,146,False,1.0,1.0,0.09833333333333333
deepseek,order_control,control_01,Shower,146,False,1.0,1.0,0.09833333333333333
deepseek,order_control,control_02,Shower,146,False,1.0,1.0,0.09833333333333333
deepseek,order_control,control_03,Shower,146,False,1.0,1.0,0.09833333333333333
deepseek,order_reversed,reversed_01,Shower,146,False,1.0,1.0,0.09833333333333333
deepseek,order_reversed,reversed_02,Shower,146,False,1.0,1.0,0.09833333333333333
deepseek,order_reversed,reversed_03,Shower,146,False,1.0,1.0,0.0
deepseek,order_reversed,reversed_04,Shower,146,False,1.0,1.0,0.09833333333333333
deepseek,order_reversed,reversed_05,Shower,146,False,1.0,1.0,0.09833333333333333
deepseek,extracted,,Shower,147,False,1.0,1.0,0.026666666666666675
deepseek,default_params,,Shower,147,False,1.0,1.0,0.029166666666666664
deepseek,extracted_per_run,shippedrun_01,Shower,147,False,1.0,1.0,0.029166666666666664
deepseek,extracted_per_run,shippedrun_02,Shower,147,False,1.0,1.0,0.0
deepseek,extracted_per_run,shippedrun_03,Shower,147,False,1.0,1.0,0.07166666666666667
deepseek,extracted_per_run,shippedrun_04,Shower,147,False,1.0,1.0,0.0
deepseek,extracted_per_run,shippedrun_05,Shower,147,False,1.0,1.0,0.05833333333333333
deepseek,order_control,control_01,Shower,147,False,1.0,1.0,0.0
deepseek,order_control,control_02,Shower,147,False,1.0,1.0,0.0
deepseek,order_control,control_03,Shower,147,False,1.0,1.0,0.0
deepseek,order_reversed,reversed_01,Shower,147,False,1.0,1.0,0.0
deepseek,order_reversed,reversed_02,Shower,147,False,1.0,1.0,0.0
deepseek,order_reversed,reversed_03,Shower,147,False,1.0,1.0,0.0
deepseek,order_reversed,reversed_04,Shower,147,False,1.0,1.0,0.0
deepseek,order_reversed,reversed_05,Shower,147,False,1.0,1.0,0.0
deepseek,extracted,,Shower,148,False,1.0,1.0,0.015833333333333335
deepseek,default_params,,Shower,148,False,1.0,1.0,0.0
deepseek,extracted_per_run,shippedrun_01,Shower,148,False,1.0,1.0,0.0
deepseek,extracted_per_run,shippedrun_02,Shower,148,False,1.0,1.0,0.04166666666666668
deepseek,extracted_per_run,shippedrun_03,Shower,148,False,1.0,1.0,0.04166666666666668
deepseek,extracted_per_run,shippedrun_04,Shower,148,False,1.0,1.0,0.0
deepseek,extracted_per_run,shippedrun_05,Shower,148,False,1.0,1.0,0.023333333333333334
deepseek,order_control,control_01,Shower,148,False,1.0,1.0,0.0
deepseek,order_control,control_02,Shower,148,False,1.0,1.0,0.029166666666666664
deepseek,order_control,control_03,Shower,148,False,1.0,1.0,0.023333333333333334
deepseek,order_reversed,reversed_01,Shower,148,False,1.0,1.0,0.023333333333333334
deepseek,order_reversed,reversed_02,Shower,148,False,1.0,1.0,0.029166666666666664
deepseek,order_reversed,reversed_03,Shower,148,False,1.0,1.0,0.023333333333333334
deepseek,order_reversed,reversed_04,Shower,148,False,1.0,1.0,0.023333333333333334
deepseek,order_reversed,reversed_05,Shower,148,False,1.0,1.0,0.06500000000000002
deepseek,extracted,,Shower,149,False,1.0,1.0,0.06916666666666667
deepseek,default_params,,Shower,149,False,1.0,1.0,0.09083333333333334
deepseek,extracted_per_run,shippedrun_01,Shower,149,False,1.0,1.0,0.0
deepseek,extracted_per_run,shippedrun_02,Shower,149,False,1.0,1.0,0.09083333333333334
deepseek,extracted_per_run,shippedrun_03,Shower,149,False,1.0,1.0,0.12
deepseek,extracted_per_run,shippedrun_04,Shower,149,False,1.0,1.0,0.09083333333333334
deepseek,extracted_per_run,shippedrun_05,Shower,149,False,1.0,1.0,0.09083333333333334
deepseek,order_control,control_01,Shower,149,False,1.0,1.0,0.09083333333333334
deepseek,order_control,control_02,Shower,149,False,1.0,1.0,0.12
deepseek,order_control,control_03,Shower,149,False,1.0,1.0,0.09083333333333334
deepseek,order_reversed,reversed_01,Shower,149,False,1.0,1.0,0.12
deepseek,order_reversed,reversed_02,Shower,149,False,1.0,1.0,0.09083333333333334
deepseek,order_reversed,reversed_03,Shower,149,False,1.0,1.0,0.09083333333333334
deepseek,order_reversed,reversed_04,Shower,149,False,1.0,1.0,0.09083333333333334
deepseek,order_reversed,reversed_05,Shower,149,False,1.0,1.0,0.09083333333333334
deepseek,extracted,,Shower,150,False,1.0,1.0,0.08333333333333333
deepseek,default_params,,Shower,150,False,1.0,1.0,0.1366666666666667
deepseek,extracted_per_run,shippedrun_01,Shower,150,False,1.0,1.0,0.0
deepseek,extracted_per_run,shippedrun_02,Shower,150,False,1.0,1.0,0.1366666666666667
deepseek,extracted_per_run,shippedrun_03,Shower,150,False,1.0,1.0,0.1366666666666667
deepseek,extracted_per_run,shippedrun_04,Shower,150,False,1.0,1.0,0.1366666666666667
deepseek,extracted_per_run,shippedrun_05,Shower,150,False,1.0,1.0,0.10916666666666668
deepseek,order_control,control_01,Shower,150,False,1.0,1.0,0.10916666666666668
deepseek,order_control,control_02,Shower,150,False,1.0,1.0,0.1366666666666667
deepseek,order_control,control_03,Shower,150,False,1.0,1.0,0.1366666666666667
deepseek,order_reversed,reversed_01,Shower,150,False,1.0,1.0,0.1366666666666667
deepseek,order_reversed,reversed_02,Shower,150,False,1.0,1.0,0.1366666666666667
deepseek,order_reversed,reversed_03,Shower,150,False,1.0,1.0,0.1366666666666667
deepseek,order_reversed,reversed_04,Shower,150,False,1.0,1.0,0.1366666666666667
deepseek,order_reversed,reversed_05,Shower,150,False,1.0,1.0,0.1366666666666667
deepseek,extracted,,Shower,151,False,1.0,1.0,0.049999999999999996
deepseek,default_params,,Shower,151,False,1.0,1.0,0.0675
deepseek,extracted_per_run,shippedrun_01,Shower,151,False,1.0,1.0,0.006666666666666667
deepseek,extracted_per_run,shippedrun_02,Shower,151,False,1.0,1.0,0.0675
deepseek,extracted_per_run,shippedrun_03,Shower,151,False,1.0,1.0,0.0675
deepseek,extracted_per_run,shippedrun_04,Shower,151,False,1.0,1.0,0.0675
deepseek,extracted_per_run,shippedrun_05,Shower,151,False,1.0,1.0,0.0675
deepseek,order_control,control_01,Shower,151,False,1.0,1.0,0.0675
deepseek,order_control,control_02,Shower,151,False,1.0,1.0,0.0675
deepseek,order_control,control_03,Shower,151,False,1.0,1.0,0.0675
deepseek,order_reversed,reversed_01,Shower,151,False,1.0,1.0,0.0675
deepseek,order_reversed,reversed_02,Shower,151,False,1.0,1.0,0.0675
deepseek,order_reversed,reversed_03,Shower,151,False,1.0,1.0,0.0675
deepseek,order_reversed,reversed_04,Shower,151,False,1.0,1.0,0.0675
deepseek,order_reversed,reversed_05,Shower,151,False,1.0,1.0,0.0675
deepseek,extracted,,Shower,152,False,1.0,1.0,0.06916666666666667
deepseek,default_params,,Shower,152,False,1.0,1.0,0.049166666666666664
deepseek,extracted_per_run,shippedrun_01,Shower,152,False,1.0,1.0,0.06916666666666667
deepseek,extracted_per_run,shippedrun_02,Shower,152,False,1.0,1.0,0.06916666666666667
deepseek,extracted_per_run,shippedrun_03,Shower,152,False,1.0,1.0,0.06916666666666667
deepseek,extracted_per_run,shippedrun_04,Shower,152,False,1.0,1.0,0.06916666666666667
deepseek,extracted_per_run,shippedrun_05,Shower,152,False,1.0,1.0,0.06916666666666667
deepseek,order_control,control_01,Shower,152,False,1.0,1.0,0.06916666666666667
deepseek,order_control,control_02,Shower,152,False,1.0,1.0,0.06916666666666667
deepseek,order_control,control_03,Shower,152,False,1.0,1.0,0.06916666666666667
deepseek,order_reversed,reversed_01,Shower,152,False,1.0,1.0,0.06916666666666667
deepseek,order_reversed,reversed_02,Shower,152,False,1.0,1.0,0.06916666666666667
deepseek,order_reversed,reversed_03,Shower,152,False,1.0,1.0,0.06916666666666667
deepseek,order_reversed,reversed_04,Shower,152,False,1.0,1.0,0.06916666666666667
deepseek,order_reversed,reversed_05,Shower,152,False,1.0,1.0,0.06916666666666667
deepseek,extracted,,Shower,153,False,1.0,1.0,0.10916666666666665
deepseek,default_params,,Shower,153,False,1.0,1.0,0.13333333333333333
deepseek,extracted_per_run,shippedrun_01,Shower,153,False,1.0,1.0,0.030833333333333334
deepseek,extracted_per_run,shippedrun_02,Shower,153,False,1.0,1.0,0.13333333333333333
deepseek,extracted_per_run,shippedrun_03,Shower,153,False,1.0,1.0,0.13333333333333333
deepseek,extracted_per_run,shippedrun_04,Shower,153,False,1.0,1.0,0.13333333333333333
deepseek,extracted_per_run,shippedrun_05,Shower,153,False,1.0,1.0,0.13333333333333333
deepseek,order_control,control_01,Shower,153,False,1.0,1.0,0.13333333333333333
deepseek,order_control,control_02,Shower,153,False,1.0,1.0,0.13333333333333333
deepseek,order_control,control_03,Shower,153,False,1.0,1.0,0.13333333333333333
deepseek,order_reversed,reversed_01,Shower,153,False,1.0,1.0,0.13333333333333333
deepseek,order_reversed,reversed_02,Shower,153,False,1.0,1.0,0.13333333333333333
deepseek,order_reversed,reversed_03,Shower,153,False,1.0,1.0,0.13333333333333333
deepseek,order_reversed,reversed_04,Shower,153,False,1.0,1.0,0.13333333333333333
deepseek,order_reversed,reversed_05,Shower,153,False,1.0,1.0,0.13333333333333333
deepseek,extracted,,Shower,154,False,0.33333333333333337,0.0,0.0775
deepseek,default_params,,Shower,154,False,0.33333333333333337,1.0,0.08666666666666667
deepseek,extracted_per_run,shippedrun_01,Shower,154,False,1.0,1.0,0.06583333333333334
deepseek,extracted_per_run,shippedrun_02,Shower,154,False,0.33333333333333337,0.0,0.08
deepseek,extracted_per_run,shippedrun_03,Shower,154,False,0.33333333333333337,0.0,0.08
deepseek,extracted_per_run,shippedrun_04,Shower,154,False,0.33333333333333337,0.0,0.08
deepseek,extracted_per_run,shippedrun_05,Shower,154,False,0.33333333333333337,0.0,0.08
deepseek,order_control,control_01,Shower,154,False,0.33333333333333337,0.0,0.08
deepseek,order_control,control_02,Shower,154,False,0.33333333333333337,0.0,0.08
deepseek,order_control,control_03,Shower,154,False,0.33333333333333337,0.0,0.08
deepseek,order_reversed,reversed_01,Shower,154,False,0.33333333333333337,0.0,0.08
deepseek,order_reversed,reversed_02,Shower,154,False,0.33333333333333337,0.0,0.08
deepseek,order_reversed,reversed_03,Shower,154,False,0.33333333333333337,0.0,0.08
deepseek,order_reversed,reversed_04,Shower,154,False,0.33333333333333337,0.0,0.08
deepseek,order_reversed,reversed_05,Shower,154,False,0.33333333333333337,0.0,0.08
deepseek,extracted,,Shower,155,False,1.0,1.0,0.07583333333333334
deepseek,default_params,,Shower,155,False,1.0,1.0,0.050833333333333335
deepseek,extracted_per_run,shippedrun_01,Shower,155,False,1.0,1.0,0.050833333333333335
deepseek,extracted_per_run,shippedrun_02,Shower,155,False,1.0,1.0,0.050833333333333335
deepseek,extracted_per_run,shippedrun_03,Shower,155,False,0.33333333333333337,0.0,0.09000000000000001
deepseek,extracted_per_run,shippedrun_04,Shower,155,False,0.33333333333333337,0.0,0.09000000000000001
deepseek,extracted_per_run,shippedrun_05,Shower,155,False,1.0,1.0,0.06749999999999999
deepseek,order_control,control_01,Shower,155,False,0.33333333333333337,0.0,0.09000000000000001
deepseek,order_control,control_02,Shower,155,False,1.0,1.0,0.050833333333333335
deepseek,order_control,control_03,Shower,155,False,1.0,1.0,0.06749999999999999
deepseek,order_reversed,reversed_01,Shower,155,False,1.0,1.0,0.06749999999999999
deepseek,order_reversed,reversed_02,Shower,155,False,0.33333333333333337,1.0,0.08
deepseek,order_reversed,reversed_03,Shower,155,False,1.0,1.0,0.050833333333333335
deepseek,order_reversed,reversed_04,Shower,155,False,1.0,1.0,0.06749999999999999
deepseek,order_reversed,reversed_05,Shower,155,False,0.33333333333333337,0.0,0.09000000000000001
deepseek,extracted,,Shower,156,False,1.0,1.0,0.08000000000000002
deepseek,default_params,,Shower,156,False,1.0,1.0,0.0625
deepseek,extracted_per_run,shippedrun_01,Shower,156,False,1.0,1.0,0.0625
deepseek,extracted_per_run,shippedrun_02,Shower,156,False,1.0,1.0,0.14416666666666667
deepseek,extracted_per_run,shippedrun_03,Shower,156,False,1.0,1.0,0.0625
deepseek,extracted_per_run,shippedrun_04,Shower,156,False,1.0,1.0,0.0625
deepseek,extracted_per_run,shippedrun_05,Shower,156,False,1.0,1.0,0.0625
deepseek,order_control,control_01,Shower,156,False,1.0,1.0,0.0625
deepseek,order_control,control_02,Shower,156,False,1.0,1.0,0.0625
deepseek,order_control,control_03,Shower,156,False,1.0,1.0,0.12916666666666665
deepseek,order_reversed,reversed_01,Shower,156,False,1.0,1.0,0.0625
deepseek,order_reversed,reversed_02,Shower,156,False,1.0,1.0,0.0625
deepseek,order_reversed,reversed_03,Shower,156,False,1.0,1.0,0.0625
deepseek,order_reversed,reversed_04,Shower,156,False,1.0,1.0,0.0625
deepseek,order_reversed,reversed_05,Shower,156,False,1.0,1.0,0.0625
deepseek,extracted,,Shower,157,False,1.0,1.0,0.04
deepseek,default_params,,Shower,157,False,1.0,1.0,0.07083333333333333
deepseek,extracted_per_run,shippedrun_01,Shower,157,False,1.0,1.0,0.017499999999999998
deepseek,extracted_per_run,shippedrun_02,Shower,157,False,1.0,1.0,0.047499999999999994
deepseek,extracted_per_run,shippedrun_03,Shower,157,False,1.0,1.0,0.047499999999999994
deepseek,extracted_per_run,shippedrun_04,Shower,157,False,1.0,1.0,0.047499999999999994
deepseek,extracted_per_run,shippedrun_05,Shower,157,False,1.0,1.0,0.047499999999999994
deepseek,order_control,control_01,Shower,157,False,1.0,1.0,0.047499999999999994
deepseek,order_control,control_02,Shower,157,False,1.0,1.0,0.047499999999999994
deepseek,order_control,control_03,Shower,157,False,1.0,1.0,0.047499999999999994
deepseek,order_reversed,reversed_01,Shower,157,False,1.0,1.0,0.047499999999999994
deepseek,order_reversed,reversed_02,Shower,157,False,1.0,1.0,0.047499999999999994
deepseek,order_reversed,reversed_03,Shower,157,False,1.0,1.0,0.047499999999999994
deepseek,order_reversed,reversed_04,Shower,157,False,1.0,1.0,0.047499999999999994
deepseek,order_reversed,reversed_05,Shower,157,False,1.0,1.0,0.047499999999999994
deepseek,extracted,,Shower,158,False,1.0,1.0,0.09833333333333334
deepseek,default_params,,Shower,158,False,1.0,1.0,0.12000000000000001
deepseek,extracted_per_run,shippedrun_01,Shower,158,False,1.0,1.0,0.0
deepseek,extracted_per_run,shippedrun_02,Shower,158,False,1.0,1.0,0.145
deepseek,extracted_per_run,shippedrun_03,Shower,158,False,1.0,1.0,0.12000000000000001
deepseek,extracted_per_run,shippedrun_04,Shower,158,False,1.0,1.0,0.12000000000000001
deepseek,extracted_per_run,shippedrun_05,Shower,158,False,1.0,1.0,0.12000000000000001
deepseek,order_control,control_01,Shower,158,False,1.0,1.0,0.12000000000000001
deepseek,order_control,control_02,Shower,158,False,1.0,1.0,0.12000000000000001
deepseek,order_control,control_03,Shower,158,False,1.0,1.0,0.12000000000000001
deepseek,order_reversed,reversed_01,Shower,158,False,1.0,1.0,0.12000000000000001
deepseek,order_reversed,reversed_02,Shower,158,False,1.0,1.0,0.12000000000000001
deepseek,order_reversed,reversed_03,Shower,158,False,1.0,1.0,0.12000000000000001
deepseek,order_reversed,reversed_04,Shower,158,False,1.0,1.0,0.12000000000000001
deepseek,order_reversed,reversed_05,Shower,158,False,1.0,1.0,0.12000000000000001
deepseek,extracted,,Shower,159,False,1.0,1.0,0.09333333333333334
deepseek,default_params,,Shower,159,False,1.0,1.0,0.13416666666666668
deepseek,extracted_per_run,shippedrun_01,Shower,159,False,1.0,1.0,0.0
deepseek,extracted_per_run,shippedrun_02,Shower,159,False,1.0,1.0,0.11083333333333334
deepseek,extracted_per_run,shippedrun_03,Shower,159,False,1.0,1.0,0.13416666666666668
deepseek,extracted_per_run,shippedrun_04,Shower,159,False,1.0,1.0,0.11083333333333334
deepseek,extracted_per_run,shippedrun_05,Shower,159,False,1.0,1.0,0.11083333333333334
deepseek,order_control,control_01,Shower,159,False,1.0,1.0,0.13416666666666668
deepseek,order_control,control_02,Shower,159,False,1.0,1.0,0.13416666666666668
deepseek,order_control,control_03,Shower,159,False,1.0,1.0,0.11083333333333334
deepseek,order_reversed,reversed_01,Shower,159,False,1.0,1.0,0.11083333333333334
deepseek,order_reversed,reversed_02,Shower,159,False,1.0,1.0,0.13416666666666668
deepseek,order_reversed,reversed_03,Shower,159,False,1.0,1.0,0.13416666666666668
deepseek,order_reversed,reversed_04,Shower,159,False,1.0,1.0,0.13416666666666668
deepseek,order_reversed,reversed_05,Shower,159,False,1.0,1.0,0.11083333333333334
deepseek,extracted,,Shower,160,False,1.0,1.0,0.10583333333333333
deepseek,default_params,,Shower,160,False,1.0,1.0,0.13249999999999998
deepseek,extracted_per_run,shippedrun_01,Shower,160,False,1.0,1.0,0.011666666666666665
deepseek,extracted_per_run,shippedrun_02,Shower,160,False,1.0,1.0,0.13249999999999998
deepseek,extracted_per_run,shippedrun_03,Shower,160,False,1.0,1.0,0.13249999999999998
deepseek,extracted_per_run,shippedrun_04,Shower,160,False,1.0,1.0,0.13249999999999998
deepseek,extracted_per_run,shippedrun_05,Shower,160,False,1.0,1.0,0.13249999999999998
deepseek,order_control,control_01,Shower,160,False,1.0,1.0,0.13249999999999998
deepseek,order_control,control_02,Shower,160,False,1.0,1.0,0.13249999999999998
deepseek,order_control,control_03,Shower,160,False,1.0,1.0,0.13249999999999998
deepseek,order_reversed,reversed_01,Shower,160,False,1.0,1.0,0.13249999999999998
deepseek,order_reversed,reversed_02,Shower,160,False,1.0,1.0,0.13249999999999998
deepseek,order_reversed,reversed_03,Shower,160,False,1.0,1.0,0.13249999999999998
deepseek,order_reversed,reversed_04,Shower,160,False,1.0,1.0,0.13249999999999998
deepseek,order_reversed,reversed_05,Shower,160,False,1.0,1.0,0.13249999999999998
deepseek,extracted,,Shower,161,False,0.33333333333333337,0.0,0.041666666666666664
deepseek,default_params,,Shower,161,False,1.0,1.0,0.05416666666666666
deepseek,extracted_per_run,shippedrun_01,Shower,161,False,1.0,1.0,0.019166666666666676
deepseek,extracted_per_run,shippedrun_02,Shower,161,False,0.33333333333333337,0.0,0.04916666666666666
deepseek,extracted_per_run,shippedrun_03,Shower,161,False,0.33333333333333337,0.0,0.04916666666666666
deepseek,extracted_per_run,shippedrun_04,Shower,161,False,0.33333333333333337,0.0,0.04916666666666666
deepseek,extracted_per_run,shippedrun_05,Shower,161,False,0.33333333333333337,0.0,0.04916666666666666
deepseek,order_control,control_01,Shower,161,False,0.33333333333333337,0.0,0.04916666666666666
deepseek,order_control,control_02,Shower,161,False,0.33333333333333337,0.0,0.07416666666666666
deepseek,order_control,control_03,Shower,161,False,0.33333333333333337,0.0,0.04916666666666666
deepseek,order_reversed,reversed_01,Shower,161,False,0.33333333333333337,0.0,0.04916666666666666
deepseek,order_reversed,reversed_02,Shower,161,False,0.33333333333333337,0.0,0.04916666666666666
deepseek,order_reversed,reversed_03,Shower,161,False,0.33333333333333337,0.0,0.04916666666666666
deepseek,order_reversed,reversed_04,Shower,161,False,0.33333333333333337,0.0,0.04916666666666666
deepseek,order_reversed,reversed_05,Shower,161,False,0.33333333333333337,0.0,0.07416666666666666
deepseek,extracted,,Shower,162,False,1.0,1.0,0.02416666666666668
deepseek,default_params,,Shower,162,False,1.0,1.0,0.023333333333333334
deepseek,extracted_per_run,shippedrun_01,Shower,162,False,1.0,1.0,0.022500000000000003
deepseek,extracted_per_run,shippedrun_02,Shower,162,False,1.0,1.0,0.075
deepseek,extracted_per_run,shippedrun_03,Shower,162,False,1.0,1.0,0.075
deepseek,extracted_per_run,shippedrun_04,Shower,162,False,1.0,1.0,0.0
deepseek,extracted_per_run,shippedrun_05,Shower,162,False,1.0,1.0,0.075
deepseek,order_control,control_01,Shower,162,False,1.0,1.0,0.0
deepseek,order_control,control_02,Shower,162,False,1.0,1.0,0.08749999999999998
deepseek,order_control,control_03,Shower,162,False,1.0,1.0,0.075
deepseek,order_reversed,reversed_01,Shower,162,False,1.0,1.0,0.075
deepseek,order_reversed,reversed_02,Shower,162,False,1.0,1.0,0.075
deepseek,order_reversed,reversed_03,Shower,162,False,1.0,1.0,0.0
deepseek,order_reversed,reversed_04,Shower,162,False,1.0,1.0,0.023333333333333334
deepseek,order_reversed,reversed_05,Shower,162,False,1.0,1.0,0.023333333333333334
deepseek,extracted,,Shower,163,False,1.0,1.0,0.07749999999999999
deepseek,default_params,,Shower,163,False,1.0,1.0,0.0575
deepseek,extracted_per_run,shippedrun_01,Shower,163,False,1.0,1.0,0.07749999999999999
deepseek,extracted_per_run,shippedrun_02,Shower,163,False,1.0,1.0,0.07749999999999999
deepseek,extracted_per_run,shippedrun_03,Shower,163,False,1.0,1.0,0.07749999999999999
deepseek,extracted_per_run,shippedrun_04,Shower,163,False,1.0,1.0,0.07749999999999999
deepseek,extracted_per_run,shippedrun_05,Shower,163,False,1.0,1.0,0.07749999999999999
deepseek,order_control,control_01,Shower,163,False,1.0,1.0,0.07749999999999999
deepseek,order_control,control_02,Shower,163,False,1.0,1.0,0.07749999999999999
deepseek,order_control,control_03,Shower,163,False,1.0,1.0,0.07749999999999999
deepseek,order_reversed,reversed_01,Shower,163,False,1.0,1.0,0.07749999999999999
deepseek,order_reversed,reversed_02,Shower,163,False,1.0,1.0,0.07749999999999999
deepseek,order_reversed,reversed_03,Shower,163,False,1.0,1.0,0.07749999999999999
deepseek,order_reversed,reversed_04,Shower,163,False,1.0,1.0,0.07749999999999999
deepseek,order_reversed,reversed_05,Shower,163,False,1.0,1.0,0.07749999999999999
deepseek,extracted,,Shower,164,False,0.33333333333333337,0.0,0.01833333333333334
deepseek,default_params,,Shower,164,False,1.0,1.0,0.0
deepseek,extracted_per_run,shippedrun_01,Shower,164,False,1.0,1.0,0.0
deepseek,extracted_per_run,shippedrun_02,Shower,164,False,0.33333333333333337,0.0,0.04666666666666667
deepseek,extracted_per_run,shippedrun_03,Shower,164,False,1.0,1.0,0.0
deepseek,extracted_per_run,shippedrun_04,Shower,164,False,0.33333333333333337,0.0,0.04666666666666667
deepseek,extracted_per_run,shippedrun_05,Shower,164,False,1.0,1.0,0.0
deepseek,order_control,control_01,Shower,164,False,0.33333333333333337,0.0,0.04666666666666667
deepseek,order_control,control_02,Shower,164,False,0.33333333333333337,0.0,0.04666666666666667
deepseek,order_control,control_03,Shower,164,False,0.33333333333333337,0.0,0.04666666666666667
deepseek,order_reversed,reversed_01,Shower,164,False,1.0,1.0,0.0
deepseek,order_reversed,reversed_02,Shower,164,False,1.0,1.0,0.0
deepseek,order_reversed,reversed_03,Shower,164,False,0.33333333333333337,0.0,0.04666666666666667
deepseek,order_reversed,reversed_04,Shower,164,False,0.33333333333333337,0.0,0.04666666666666667
deepseek,order_reversed,reversed_05,Shower,164,False,1.0,1.0,0.0
deepseek,extracted,,Shower,165,False,1.0,1.0,0.053333333333333344
deepseek,default_params,,Shower,165,False,1.0,1.0,0.06083333333333333
deepseek,extracted_per_run,shippedrun_01,Shower,165,False,1.0,1.0,0.04833333333333334
deepseek,extracted_per_run,shippedrun_02,Shower,165,False,1.0,1.0,0.0625
deepseek,extracted_per_run,shippedrun_03,Shower,165,False,1.0,1.0,0.0625
deepseek,extracted_per_run,shippedrun_04,Shower,165,False,1.0,1.0,0.0625
deepseek,extracted_per_run,shippedrun_05,Shower,165,False,1.0,1.0,0.0625
deepseek,order_control,control_01,Shower,165,False,1.0,1.0,0.0625
deepseek,order_control,control_02,Shower,165,False,1.0,1.0,0.0625
deepseek,order_control,control_03,Shower,165,False,1.0,1.0,0.0625
deepseek,order_reversed,reversed_01,Shower,165,False,1.0,1.0,0.0625
deepseek,order_reversed,reversed_02,Shower,165,False,1.0,1.0,0.0625
deepseek,order_reversed,reversed_03,Shower,165,False,1.0,1.0,0.0625
deepseek,order_reversed,reversed_04,Shower,165,False,1.0,1.0,0.0625
deepseek,order_reversed,reversed_05,Shower,165,False,1.0,1.0,0.0625
deepseek,extracted,,Shower,166,False,1.0,1.0,0.10833333333333332
deepseek,default_params,,Shower,166,False,0.33333333333333337,0.0,0.09500000000000001
deepseek,extracted_per_run,shippedrun_01,Shower,166,False,1.0,1.0,0.06166666666666667
deepseek,extracted_per_run,shippedrun_02,Shower,166,False,1.0,1.0,0.11583333333333333
deepseek,extracted_per_run,shippedrun_03,Shower,166,False,1.0,1.0,0.11583333333333333
deepseek,extracted_per_run,shippedrun_04,Shower,166,False,1.0,1.0,0.11583333333333333
deepseek,extracted_per_run,shippedrun_05,Shower,166,False,1.0,1.0,0.11583333333333333
deepseek,order_control,control_01,Shower,166,False,1.0,1.0,0.11583333333333333
deepseek,order_control,control_02,Shower,166,False,1.0,1.0,0.11583333333333333
deepseek,order_control,control_03,Shower,166,False,1.0,1.0,0.11583333333333333
deepseek,order_reversed,reversed_01,Shower,166,False,1.0,1.0,0.11583333333333333
deepseek,order_reversed,reversed_02,Shower,166,False,1.0,1.0,0.11583333333333333
deepseek,order_reversed,reversed_03,Shower,166,False,1.0,1.0,0.11583333333333333
deepseek,order_reversed,reversed_04,Shower,166,False,1.0,1.0,0.11583333333333333
deepseek,order_reversed,reversed_05,Shower,166,False,1.0,1.0,0.11583333333333333
deepseek,extracted,,Shower,167,False,1.0,1.0,0.059166666666666666
deepseek,default_params,,Shower,167,False,1.0,1.0,0.041666666666666664
deepseek,extracted_per_run,shippedrun_01,Shower,167,False,1.0,1.0,0.041666666666666664
deepseek,extracted_per_run,shippedrun_02,Shower,167,False,1.0,1.0,0.041666666666666664
deepseek,extracted_per_run,shippedrun_03,Shower,167,False,1.0,1.0,0.041666666666666664
deepseek,extracted_per_run,shippedrun_04,Shower,167,False,1.0,1.0,0.085
deepseek,extracted_per_run,shippedrun_05,Shower,167,False,1.0,1.0,0.085
deepseek,order_control,control_01,Shower,167,False,1.0,1.0,0.041666666666666664
deepseek,order_control,control_02,Shower,167,False,1.0,1.0,0.10999999999999999
deepseek,order_control,control_03,Shower,167,False,1.0,1.0,0.06666666666666667
deepseek,order_reversed,reversed_01,Shower,167,False,1.0,1.0,0.041666666666666664
deepseek,order_reversed,reversed_02,Shower,167,False,1.0,1.0,0.041666666666666664
deepseek,order_reversed,reversed_03,Shower,167,False,1.0,1.0,0.041666666666666664
deepseek,order_reversed,reversed_04,Shower,167,False,1.0,1.0,0.041666666666666664
deepseek,order_reversed,reversed_05,Shower,167,False,1.0,1.0,0.041666666666666664
deepseek,extracted,,Shower,168,False,1.0,1.0,0.10749999999999998
deepseek,default_params,,Shower,168,False,0.33333333333333337,0.0,0.09250000000000001
deepseek,extracted_per_run,shippedrun_01,Shower,168,False,1.0,1.0,0.061666666666666675
deepseek,extracted_per_run,shippedrun_02,Shower,168,False,1.0,1.0,0.11416666666666665
deepseek,extracted_per_run,shippedrun_03,Shower,168,False,1.0,1.0,0.11416666666666665
deepseek,extracted_per_run,shippedrun_04,Shower,168,False,1.0,1.0,0.11416666666666665
deepseek,extracted_per_run,shippedrun_05,Shower,168,False,1.0,1.0,0.11416666666666665
deepseek,order_control,control_01,Shower,168,False,1.0,1.0,0.11416666666666665
deepseek,order_control,control_02,Shower,168,False,1.0,1.0,0.11416666666666665
deepseek,order_control,control_03,Shower,168,False,1.0,1.0,0.11416666666666665
deepseek,order_reversed,reversed_01,Shower,168,False,1.0,1.0,0.11416666666666665
deepseek,order_reversed,reversed_02,Shower,168,False,1.0,1.0,0.11416666666666665
deepseek,order_reversed,reversed_03,Shower,168,False,1.0,1.0,0.11416666666666665
deepseek,order_reversed,reversed_04,Shower,168,False,1.0,1.0,0.11416666666666665
deepseek,order_reversed,reversed_05,Shower,168,False,1.0,1.0,0.11416666666666665
deepseek,extracted,,Shower,169,False,1.0,1.0,0.034999999999999996
deepseek,default_params,,Shower,169,False,1.0,1.0,0.024999999999999998
deepseek,extracted_per_run,shippedrun_01,Shower,169,False,1.0,1.0,0.024999999999999998
deepseek,extracted_per_run,shippedrun_02,Shower,169,False,1.0,1.0,0.024999999999999998
deepseek,extracted_per_run,shippedrun_03,Shower,169,False,1.0,1.0,0.024999999999999998
deepseek,extracted_per_run,shippedrun_04,Shower,169,False,1.0,1.0,0.0675
deepseek,extracted_per_run,shippedrun_05,Shower,169,False,1.0,1.0,0.024999999999999998
deepseek,order_control,control_01,Shower,169,False,1.0,1.0,0.024999999999999998
deepseek,order_control,control_02,Shower,169,False,0.33333333333333337,0.0,0.053333333333333344
deepseek,order_control,control_03,Shower,169,False,1.0,1.0,0.024999999999999998
deepseek,order_reversed,reversed_01,Shower,169,False,1.0,1.0,0.024999999999999998
deepseek,order_reversed,reversed_02,Shower,169,False,1.0,1.0,0.0
deepseek,order_reversed,reversed_03,Shower,169,False,1.0,1.0,0.024999999999999998
deepseek,order_reversed,reversed_04,Shower,169,False,1.0,1.0,0.024999999999999998
deepseek,order_reversed,reversed_05,Shower,169,False,1.0,1.0,0.024999999999999998
deepseek,extracted,,Shower,170,False,1.0,1.0,0.009166666666666662
deepseek,default_params,,Shower,170,False,1.0,1.0,0.0
deepseek,extracted_per_run,shippedrun_01,Shower,170,False,1.0,1.0,0.0
deepseek,extracted_per_run,shippedrun_02,Shower,170,False,1.0,1.0,0.0
deepseek,extracted_per_run,shippedrun_03,Shower,170,False,1.0,1.0,0.0
deepseek,extracted_per_run,shippedrun_04,Shower,170,False,1.0,1.0,0.04249999999999999
deepseek,extracted_per_run,shippedrun_05,Shower,170,False,1.0,1.0,0.016666666666666666
deepseek,order_control,control_01,Shower,170,False,1.0,1.0,0.04249999999999999
deepseek,order_control,control_02,Shower,170,False,1.0,1.0,0.0
deepseek,order_control,control_03,Shower,170,False,1.0,1.0,0.0
deepseek,order_reversed,reversed_01,Shower,170,False,1.0,1.0,0.0
deepseek,order_reversed,reversed_02,Shower,170,False,1.0,1.0,0.0
deepseek,order_reversed,reversed_03,Shower,170,False,1.0,1.0,0.0
deepseek,order_reversed,reversed_04,Shower,170,False,1.0,1.0,0.0
deepseek,order_reversed,reversed_05,Shower,170,False,1.0,1.0,0.0
deepseek,extracted,,Shower,171,False,1.0,1.0,0.013333333333333336
deepseek,default_params,,Shower,171,False,1.0,1.0,0.0
deepseek,extracted_per_run,shippedrun_01,Shower,171,False,1.0,1.0,0.0
deepseek,extracted_per_run,shippedrun_02,Shower,171,False,1.0,1.0,0.0
deepseek,extracted_per_run,shippedrun_03,Shower,171,False,1.0,1.0,0.0
deepseek,extracted_per_run,shippedrun_04,Shower,171,False,1.0,1.0,0.06333333333333334
deepseek,extracted_per_run,shippedrun_05,Shower,171,False,1.0,1.0,0.0
deepseek,order_control,control_01,Shower,171,False,1.0,1.0,0.0
deepseek,order_control,control_02,Shower,171,False,1.0,1.0,0.0
deepseek,order_control,control_03,Shower,171,False,1.0,1.0,0.0
deepseek,order_reversed,reversed_01,Shower,171,False,1.0,1.0,0.0
deepseek,order_reversed,reversed_02,Shower,171,False,1.0,1.0,0.0
deepseek,order_reversed,reversed_03,Shower,171,False,1.0,1.0,0.0
deepseek,order_reversed,reversed_04,Shower,171,False,1.0,1.0,0.0
deepseek,order_reversed,reversed_05,Shower,171,False,1.0,1.0,0.0
deepseek,extracted,,Shower,172,False,1.0,1.0,0.06416666666666666
deepseek,default_params,,Shower,172,False,1.0,1.0,0.06416666666666666
deepseek,extracted_per_run,shippedrun_01,Shower,172,False,1.0,1.0,0.06416666666666666
deepseek,extracted_per_run,shippedrun_02,Shower,172,False,1.0,1.0,0.06416666666666666
deepseek,extracted_per_run,shippedrun_03,Shower,172,False,1.0,1.0,0.06416666666666666
deepseek,extracted_per_run,shippedrun_04,Shower,172,False,1.0,1.0,0.06416666666666666
deepseek,extracted_per_run,shippedrun_05,Shower,172,False,1.0,1.0,0.06416666666666666
deepseek,order_control,control_01,Shower,172,False,1.0,1.0,0.15416666666666667
deepseek,order_control,control_02,Shower,172,False,1.0,1.0,0.06416666666666666
deepseek,order_control,control_03,Shower,172,False,1.0,1.0,0.06416666666666666
deepseek,order_reversed,reversed_01,Shower,172,False,1.0,1.0,0.06416666666666666
deepseek,order_reversed,reversed_02,Shower,172,False,1.0,1.0,0.06416666666666666
deepseek,order_reversed,reversed_03,Shower,172,False,1.0,1.0,0.06416666666666666
deepseek,order_reversed,reversed_04,Shower,172,False,1.0,1.0,0.06416666666666666
deepseek,order_reversed,reversed_05,Shower,172,False,1.0,1.0,0.06416666666666666
deepseek,extracted,,Shower,173,False,1.0,1.0,0.009999999999999995
deepseek,default_params,,Shower,173,False,1.0,1.0,0.0
deepseek,extracted_per_run,shippedrun_01,Shower,173,False,1.0,1.0,0.0
deepseek,extracted_per_run,shippedrun_02,Shower,173,False,1.0,1.0,0.0
deepseek,extracted_per_run,shippedrun_03,Shower,173,False,1.0,1.0,0.0
deepseek,extracted_per_run,shippedrun_04,Shower,173,False,1.0,1.0,0.0
deepseek,extracted_per_run,shippedrun_05,Shower,173,False,1.0,1.0,0.04916666666666666
deepseek,order_control,control_01,Shower,173,False,1.0,1.0,0.061666666666666654
deepseek,order_control,control_02,Shower,173,False,1.0,1.0,0.0
deepseek,order_control,control_03,Shower,173,False,1.0,1.0,0.0
deepseek,order_reversed,reversed_01,Shower,173,False,1.0,1.0,0.0
deepseek,order_reversed,reversed_02,Shower,173,False,1.0,1.0,0.0
deepseek,order_reversed,reversed_03,Shower,173,False,1.0,1.0,0.0
deepseek,order_reversed,reversed_04,Shower,173,False,1.0,1.0,0.0
deepseek,order_reversed,reversed_05,Shower,173,False,1.0,1.0,0.0
deepseek,extracted,,Shower,174,False,1.0,1.0,0.08
deepseek,default_params,,Shower,174,False,1.0,1.0,0.06333333333333334
deepseek,extracted_per_run,shippedrun_01,Shower,174,False,1.0,1.0,0.024999999999999984
deepseek,extracted_per_run,shippedrun_02,Shower,174,False,1.0,1.0,0.08916666666666666
deepseek,extracted_per_run,shippedrun_03,Shower,174,False,1.0,1.0,0.08916666666666666
deepseek,extracted_per_run,shippedrun_04,Shower,174,False,1.0,1.0,0.08916666666666666
deepseek,extracted_per_run,shippedrun_05,Shower,174,False,1.0,1.0,0.08916666666666666
deepseek,order_control,control_01,Shower,174,False,1.0,1.0,0.06416666666666665
deepseek,order_control,control_02,Shower,174,False,1.0,1.0,0.06416666666666665
deepseek,order_control,control_03,Shower,174,False,1.0,1.0,0.06416666666666665
deepseek,order_reversed,reversed_01,Shower,174,False,1.0,1.0,0.06416666666666665
deepseek,order_reversed,reversed_02,Shower,174,False,1.0,1.0,0.06416666666666665
deepseek,order_reversed,reversed_03,Shower,174,False,1.0,1.0,0.08916666666666666
deepseek,order_reversed,reversed_04,Shower,174,False,1.0,1.0,0.08916666666666666
deepseek,order_reversed,reversed_05,Shower,174,False,1.0,1.0,0.08916666666666666
deepseek,extracted,,Shower,175,False,1.0,1.0,0.010000000000000004
deepseek,default_params,,Shower,175,False,1.0,1.0,0.0
deepseek,extracted_per_run,shippedrun_01,Shower,175,False,1.0,1.0,0.0
deepseek,extracted_per_run,shippedrun_02,Shower,175,False,1.0,1.0,0.0
deepseek,extracted_per_run,shippedrun_03,Shower,175,False,1.0,1.0,0.0
deepseek,extracted_per_run,shippedrun_04,Shower,175,False,1.0,1.0,0.04916666666666666
deepseek,extracted_per_run,shippedrun_05,Shower,175,False,1.0,1.0,0.0
deepseek,order_control,control_01,Shower,175,False,1.0,1.0,0.04916666666666666
deepseek,order_control,control_02,Shower,175,False,1.0,1.0,0.0
deepseek,order_control,control_03,Shower,175,False,1.0,1.0,0.0
deepseek,order_reversed,reversed_01,Shower,175,False,1.0,1.0,0.0
deepseek,order_reversed,reversed_02,Shower,175,False,1.0,1.0,0.0
deepseek,order_reversed,reversed_03,Shower,175,False,1.0,1.0,0.0
deepseek,order_reversed,reversed_04,Shower,175,False,1.0,1.0,0.0
deepseek,order_reversed,reversed_05,Shower,175,False,1.0,1.0,0.0
deepseek,extracted,,Shower,176,False,1.0,1.0,0.0
deepseek,default_params,,Shower,176,False,1.0,1.0,0.0
deepseek,extracted_per_run,shippedrun_01,Shower,176,False,1.0,1.0,0.0
deepseek,extracted_per_run,shippedrun_02,Shower,176,False,1.0,1.0,0.0
deepseek,extracted_per_run,shippedrun_03,Shower,176,False,1.0,1.0,0.0
deepseek,extracted_per_run,shippedrun_04,Shower,176,False,1.0,1.0,0.0
deepseek,extracted_per_run,shippedrun_05,Shower,176,False,1.0,1.0,0.0
deepseek,order_control,control_01,Shower,176,False,1.0,1.0,0.0725
deepseek,order_control,control_02,Shower,176,False,1.0,1.0,0.0
deepseek,order_control,control_03,Shower,176,False,1.0,1.0,0.0
deepseek,order_reversed,reversed_01,Shower,176,False,1.0,1.0,0.0
deepseek,order_reversed,reversed_02,Shower,176,False,1.0,1.0,0.0
deepseek,order_reversed,reversed_03,Shower,176,False,1.0,1.0,0.0
deepseek,order_reversed,reversed_04,Shower,176,False,1.0,1.0,0.0
deepseek,order_reversed,reversed_05,Shower,176,False,1.0,1.0,0.0
deepseek,extracted,,Shower,177,False,0.33333333333333337,0.0,0.07083333333333332
deepseek,default_params,,Shower,177,False,1.0,1.0,0.06
deepseek,extracted_per_run,shippedrun_01,Shower,177,False,0.33333333333333337,0.0,0.04416666666666667
deepseek,extracted_per_run,shippedrun_02,Shower,177,False,0.33333333333333337,0.0,0.08
deepseek,extracted_per_run,shippedrun_03,Shower,177,False,0.33333333333333337,0.0,0.08
deepseek,extracted_per_run,shippedrun_04,Shower,177,False,0.33333333333333337,0.0,0.08
deepseek,extracted_per_run,shippedrun_05,Shower,177,False,0.33333333333333337,0.0,0.08
deepseek,order_control,control_01,Shower,177,False,0.33333333333333337,0.0,0.08
deepseek,order_control,control_02,Shower,177,False,0.33333333333333337,0.0,0.08
deepseek,order_control,control_03,Shower,177,False,0.33333333333333337,0.0,0.08
deepseek,order_reversed,reversed_01,Shower,177,False,0.33333333333333337,0.0,0.08
deepseek,order_reversed,reversed_02,Shower,177,False,0.33333333333333337,0.0,0.08
deepseek,order_reversed,reversed_03,Shower,177,False,0.33333333333333337,0.0,0.08
deepseek,order_reversed,reversed_04,Shower,177,False,0.33333333333333337,0.0,0.08
deepseek,order_reversed,reversed_05,Shower,177,False,0.33333333333333337,0.0,0.08
deepseek,extracted,,Shower,178,False,1.0,1.0,0.014166666666666673
deepseek,default_params,,Shower,178,False,1.0,1.0,0.0
deepseek,extracted_per_run,shippedrun_01,Shower,178,False,1.0,1.0,0.0
deepseek,extracted_per_run,shippedrun_02,Shower,178,False,1.0,1.0,0.06
deepseek,extracted_per_run,shippedrun_03,Shower,178,False,1.0,1.0,0.0
deepseek,extracted_per_run,shippedrun_04,Shower,178,False,1.0,1.0,0.0
deepseek,extracted_per_run,shippedrun_05,Shower,178,False,1.0,1.0,0.024999999999999998
deepseek,order_control,control_01,Shower,178,False,1.0,1.0,0.0
deepseek,order_control,control_02,Shower,178,False,1.0,1.0,0.0
deepseek,order_control,control_03,Shower,178,False,1.0,1.0,0.0
deepseek,order_reversed,reversed_01,Shower,178,False,1.0,1.0,0.0
deepseek,order_reversed,reversed_02,Shower,178,False,1.0,1.0,0.0
deepseek,order_reversed,reversed_03,Shower,178,False,1.0,1.0,0.0
deepseek,order_reversed,reversed_04,Shower,178,False,1.0,1.0,0.0
deepseek,order_reversed,reversed_05,Shower,178,False,1.0,1.0,0.0
deepseek,extracted,,Shower,179,False,1.0,1.0,0.0
deepseek,default_params,,Shower,179,False,1.0,1.0,0.0
deepseek,extracted_per_run,shippedrun_01,Shower,179,False,1.0,1.0,0.0
deepseek,extracted_per_run,shippedrun_02,Shower,179,False,1.0,1.0,0.0
deepseek,extracted_per_run,shippedrun_03,Shower,179,False,1.0,1.0,0.0
deepseek,extracted_per_run,shippedrun_04,Shower,179,False,0.33333333333333337,0.0,0.024999999999999998
deepseek,extracted_per_run,shippedrun_05,Shower,179,False,0.33333333333333337,0.0,0.024999999999999998
deepseek,order_control,control_01,Shower,179,False,0.33333333333333337,0.0,0.024999999999999998
deepseek,order_control,control_02,Shower,179,False,0.33333333333333337,0.0,0.06333333333333334
deepseek,order_control,control_03,Shower,179,False,1.0,1.0,0.0
deepseek,order_reversed,reversed_01,Shower,179,False,0.33333333333333337,0.0,0.024999999999999998
deepseek,order_reversed,reversed_02,Shower,179,False,0.33333333333333337,0.0,0.024999999999999998
deepseek,order_reversed,reversed_03,Shower,179,False,0.33333333333333337,0.0,0.024999999999999998
deepseek,order_reversed,reversed_04,Shower,179,False,0.33333333333333337,0.0,0.024999999999999998
deepseek,order_reversed,reversed_05,Shower,179,False,0.33333333333333337,0.0,0.024999999999999998
deepseek,extracted,,Shower,180,False,1.0,1.0,0.06999999999999999
deepseek,default_params,,Shower,180,False,1.0,1.0,0.09749999999999999
deepseek,extracted_per_run,shippedrun_01,Shower,180,False,1.0,1.0,0.04999999999999999
deepseek,extracted_per_run,shippedrun_02,Shower,180,False,1.0,1.0,0.07416666666666667
deepseek,extracted_per_run,shippedrun_03,Shower,180,False,1.0,1.0,0.07416666666666667
deepseek,extracted_per_run,shippedrun_04,Shower,180,False,1.0,1.0,0.07416666666666667
deepseek,extracted_per_run,shippedrun_05,Shower,180,False,1.0,1.0,0.09749999999999999
deepseek,order_control,control_01,Shower,180,False,1.0,1.0,0.07416666666666667
deepseek,order_control,control_02,Shower,180,False,1.0,1.0,0.07416666666666667
deepseek,order_control,control_03,Shower,180,False,1.0,1.0,0.11249999999999999
deepseek,order_reversed,reversed_01,Shower,180,False,1.0,1.0,0.07416666666666667
deepseek,order_reversed,reversed_02,Shower,180,False,1.0,1.0,0.07416666666666667
deepseek,order_reversed,reversed_03,Shower,180,False,1.0,1.0,0.07416666666666667
deepseek,order_reversed,reversed_04,Shower,180,False,1.0,1.0,0.07416666666666667
deepseek,order_reversed,reversed_05,Shower,180,False,1.0,1.0,0.07416666666666667
deepseek,extracted,,Shower,181,False,1.0,1.0,0.13416666666666666
deepseek,default_params,,Shower,181,False,1.0,1.0,0.15416666666666665
deepseek,extracted_per_run,shippedrun_01,Shower,181,False,1.0,1.0,0.04666666666666667
deepseek,extracted_per_run,shippedrun_02,Shower,181,False,1.0,1.0,0.15416666666666665
deepseek,extracted_per_run,shippedrun_03,Shower,181,False,1.0,1.0,0.15416666666666665
deepseek,extracted_per_run,shippedrun_04,Shower,181,False,1.0,1.0,0.15416666666666665
deepseek,extracted_per_run,shippedrun_05,Shower,181,False,1.0,1.0,0.15416666666666665
deepseek,order_control,control_01,Shower,181,False,1.0,1.0,0.15416666666666665
deepseek,order_control,control_02,Shower,181,False,1.0,1.0,0.15416666666666665
deepseek,order_control,control_03,Shower,181,False,1.0,1.0,0.15416666666666665
deepseek,order_reversed,reversed_01,Shower,181,False,1.0,1.0,0.15416666666666665
deepseek,order_reversed,reversed_02,Shower,181,False,1.0,1.0,0.15416666666666665
deepseek,order_reversed,reversed_03,Shower,181,False,1.0,1.0,0.04666666666666667
deepseek,order_reversed,reversed_04,Shower,181,False,1.0,1.0,0.15416666666666665
deepseek,order_reversed,reversed_05,Shower,181,False,1.0,1.0,0.15416666666666665
deepseek,extracted,,Shower,182,False,0.33333333333333337,1.0,0.03250000000000001
deepseek,default_params,,Shower,182,False,1.0,1.0,0.03833333333333333
deepseek,extracted_per_run,shippedrun_01,Shower,182,False,0.33333333333333337,1.0,0.014999999999999994
deepseek,extracted_per_run,shippedrun_02,Shower,182,False,0.33333333333333337,1.0,0.0375
deepseek,extracted_per_run,shippedrun_03,Shower,182,False,0.33333333333333337,1.0,0.0375
deepseek,extracted_per_run,shippedrun_04,Shower,182,False,0.33333333333333337,1.0,0.0375
deepseek,extracted_per_run,shippedrun_05,Shower,182,False,0.33333333333333337,1.0,0.0375
deepseek,order_control,control_01,Shower,182,False,0.33333333333333337,1.0,0.0375
deepseek,order_control,control_02,Shower,182,False,0.33333333333333337,1.0,0.059166666666666666
deepseek,order_control,control_03,Shower,182,False,0.33333333333333337,1.0,0.059166666666666666
deepseek,order_reversed,reversed_01,Shower,182,False,0.33333333333333337,1.0,0.0375
deepseek,order_reversed,reversed_02,Shower,182,False,0.33333333333333337,1.0,0.0375
deepseek,order_reversed,reversed_03,Shower,182,False,0.33333333333333337,1.0,0.0375
deepseek,order_reversed,reversed_04,Shower,182,False,0.33333333333333337,1.0,0.0375
deepseek,order_reversed,reversed_05,Shower,182,False,0.33333333333333337,1.0,0.0375
deepseek,extracted,,Shower,183,False,1.0,1.0,0.021666666666666667
deepseek,default_params,,Shower,183,False,1.0,1.0,0.0
deepseek,extracted_per_run,shippedrun_01,Shower,183,False,1.0,1.0,0.0
deepseek,extracted_per_run,shippedrun_02,Shower,183,False,1.0,1.0,0.040000000000000015
deepseek,extracted_per_run,shippedrun_03,Shower,183,False,1.0,1.0,0.040000000000000015
deepseek,extracted_per_run,shippedrun_04,Shower,183,False,1.0,1.0,0.0
deepseek,extracted_per_run,shippedrun_05,Shower,183,False,1.0,1.0,0.054166666666666675
deepseek,order_control,control_01,Shower,183,False,1.0,1.0,0.040000000000000015
deepseek,order_control,control_02,Shower,183,False,1.0,1.0,0.0
deepseek,order_control,control_03,Shower,183,False,1.0,1.0,0.0
deepseek,order_reversed,reversed_01,Shower,183,False,1.0,1.0,0.0
deepseek,order_reversed,reversed_02,Shower,183,False,1.0,1.0,0.0
deepseek,order_reversed,reversed_03,Shower,183,False,1.0,1.0,0.0
deepseek,order_reversed,reversed_04,Shower,183,False,1.0,1.0,0.040000000000000015
deepseek,order_reversed,reversed_05,Shower,183,False,1.0,1.0,0.0
deepseek,extracted,,Shower,184,False,0.33333333333333337,0.0,0.11249999999999998
deepseek,default_params,,Shower,184,False,1.0,1.0,0.09583333333333333
deepseek,extracted_per_run,shippedrun_01,Shower,184,False,0.33333333333333337,0.0,0.08749999999999998
deepseek,extracted_per_run,shippedrun_02,Shower,184,False,0.33333333333333337,0.0,0.11916666666666664
deepseek,extracted_per_run,shippedrun_03,Shower,184,False,0.33333333333333337,0.0,0.11916666666666664
deepseek,extracted_per_run,shippedrun_04,Shower,184,False,0.33333333333333337,0.0,0.11916666666666664
deepseek,extracted_per_run,shippedrun_05,Shower,184,False,0.33333333333333337,0.0,0.11916666666666664
deepseek,order_control,control_01,Shower,184,False,0.33333333333333337,0.0,0.11916666666666664
deepseek,order_control,control_02,Shower,184,False,0.33333333333333337,0.0,0.11916666666666664
deepseek,order_control,control_03,Shower,184,False,0.33333333333333337,0.0,0.11916666666666664
deepseek,order_reversed,reversed_01,Shower,184,False,0.33333333333333337,0.0,0.11916666666666664
deepseek,order_reversed,reversed_02,Shower,184,False,0.33333333333333337,0.0,0.11916666666666664
deepseek,order_reversed,reversed_03,Shower,184,False,0.33333333333333337,0.0,0.11916666666666664
deepseek,order_reversed,reversed_04,Shower,184,False,0.33333333333333337,0.0,0.11916666666666664
deepseek,order_reversed,reversed_05,Shower,184,False,0.33333333333333337,0.0,0.11916666666666664
deepseek,extracted,,Shower,185,False,1.0,1.0,0.0
deepseek,default_params,,Shower,185,False,1.0,1.0,0.0
deepseek,extracted_per_run,shippedrun_01,Shower,185,False,1.0,1.0,0.0
deepseek,extracted_per_run,shippedrun_02,Shower,185,False,1.0,1.0,0.0
deepseek,extracted_per_run,shippedrun_03,Shower,185,False,1.0,1.0,0.0
deepseek,extracted_per_run,shippedrun_04,Shower,185,False,1.0,1.0,0.0
deepseek,extracted_per_run,shippedrun_05,Shower,185,False,1.0,1.0,0.0
deepseek,order_control,control_01,Shower,185,False,1.0,1.0,0.0
deepseek,order_control,control_02,Shower,185,False,0.33333333333333337,0.0,0.04083333333333334
deepseek,order_control,control_03,Shower,185,False,1.0,1.0,0.0
deepseek,order_reversed,reversed_01,Shower,185,False,1.0,1.0,0.0
deepseek,order_reversed,reversed_02,Shower,185,False,1.0,1.0,0.0
deepseek,order_reversed,reversed_03,Shower,185,False,0.33333333333333337,0.0,0.04083333333333334
deepseek,order_reversed,reversed_04,Shower,185,False,1.0,1.0,0.0
deepseek,order_reversed,reversed_05,Shower,185,False,1.0,1.0,0.0
deepseek,extracted,,Shower,186,False,1.0,1.0,0.06166666666666665
deepseek,default_params,,Shower,186,False,1.0,1.0,0.0
deepseek,extracted_per_run,shippedrun_01,Shower,186,False,1.0,1.0,0.0
deepseek,extracted_per_run,shippedrun_02,Shower,186,False,1.0,1.0,0.06999999999999998
deepseek,extracted_per_run,shippedrun_03,Shower,186,False,1.0,1.0,0.06999999999999998
deepseek,extracted_per_run,shippedrun_04,Shower,186,False,1.0,1.0,0.06999999999999998
deepseek,extracted_per_run,shippedrun_05,Shower,186,False,1.0,1.0,0.06999999999999998
deepseek,order_control,control_01,Shower,186,False,1.0,1.0,0.0
deepseek,order_control,control_02,Shower,186,False,1.0,1.0,0.06999999999999998
deepseek,order_control,control_03,Shower,186,False,1.0,1.0,0.0
deepseek,order_reversed,reversed_01,Shower,186,False,1.0,1.0,0.0
deepseek,order_reversed,reversed_02,Shower,186,False,1.0,1.0,0.0
deepseek,order_reversed,reversed_03,Shower,186,False,1.0,1.0,0.0
deepseek,order_reversed,reversed_04,Shower,186,False,1.0,1.0,0.0
deepseek,order_reversed,reversed_05,Shower,186,False,1.0,1.0,0.0
deepseek,extracted,,Shower,187,False,1.0,1.0,0.022499999999999992
deepseek,default_params,,Shower,187,False,1.0,1.0,0.0
deepseek,extracted_per_run,shippedrun_01,Shower,187,False,1.0,1.0,0.0
deepseek,extracted_per_run,shippedrun_02,Shower,187,False,1.0,1.0,0.061666666666666675
deepseek,extracted_per_run,shippedrun_03,Shower,187,False,1.0,1.0,0.0
deepseek,extracted_per_run,shippedrun_04,Shower,187,False,1.0,1.0,0.0
deepseek,extracted_per_run,shippedrun_05,Shower,187,False,1.0,1.0,0.04916666666666666
deepseek,order_control,control_01,Shower,187,False,1.0,1.0,0.0
deepseek,order_control,control_02,Shower,187,False,1.0,1.0,0.061666666666666675
deepseek,order_control,control_03,Shower,187,False,1.0,1.0,0.0
deepseek,order_reversed,reversed_01,Shower,187,False,1.0,1.0,0.0
deepseek,order_reversed,reversed_02,Shower,187,False,1.0,1.0,0.0
deepseek,order_reversed,reversed_03,Shower,187,False,1.0,1.0,0.0
deepseek,order_reversed,reversed_04,Shower,187,False,1.0,1.0,0.04916666666666666
deepseek,order_reversed,reversed_05,Shower,187,False,1.0,1.0,0.0
deepseek,extracted,,Shower,188,False,0.33333333333333337,0.0,0.07083333333333332
deepseek,default_params,,Shower,188,False,1.0,1.0,0.06
deepseek,extracted_per_run,shippedrun_01,Shower,188,False,0.33333333333333337,0.0,0.022499999999999996
deepseek,extracted_per_run,shippedrun_02,Shower,188,False,0.33333333333333337,0.0,0.08
deepseek,extracted_per_run,shippedrun_03,Shower,188,False,0.33333333333333337,0.0,0.08
deepseek,extracted_per_run,shippedrun_04,Shower,188,False,0.33333333333333337,0.0,0.08
deepseek,extracted_per_run,shippedrun_05,Shower,188,False,0.33333333333333337,0.0,0.08
deepseek,order_control,control_01,Shower,188,False,0.33333333333333337,0.0,0.08
deepseek,order_control,control_02,Shower,188,False,0.33333333333333337,0.0,0.08
deepseek,order_control,control_03,Shower,188,False,0.33333333333333337,0.0,0.08
deepseek,order_reversed,reversed_01,Shower,188,False,0.33333333333333337,0.0,0.08
deepseek,order_reversed,reversed_02,Shower,188,False,0.33333333333333337,0.0,0.08
deepseek,order_reversed,reversed_03,Shower,188,False,0.33333333333333337,0.0,0.08
deepseek,order_reversed,reversed_04,Shower,188,False,0.33333333333333337,0.0,0.08
deepseek,order_reversed,reversed_05,Shower,188,False,0.33333333333333337,0.0,0.08
deepseek,extracted,,Shower,189,False,0.33333333333333337,1.0,0.02166666666666665
deepseek,default_params,,Shower,189,False,-0.33333333333333337,0.0,0.03166666666666668
deepseek,extracted_per_run,shippedrun_01,Shower,189,False,1.0,1.0,0.0
deepseek,extracted_per_run,shippedrun_02,Shower,189,False,0.33333333333333337,1.0,0.026666666666666655
deepseek,extracted_per_run,shippedrun_03,Shower,189,False,0.33333333333333337,1.0,0.026666666666666655
deepseek,extracted_per_run,shippedrun_04,Shower,189,False,0.33333333333333337,1.0,0.026666666666666655
deepseek,extracted_per_run,shippedrun_05,Shower,189,False,0.33333333333333337,1.0,0.026666666666666655
deepseek,order_control,control_01,Shower,189,False,0.33333333333333337,1.0,0.026666666666666655
deepseek,order_control,control_02,Shower,189,False,0.33333333333333337,1.0,0.026666666666666655
deepseek,order_control,control_03,Shower,189,False,0.33333333333333337,1.0,0.026666666666666655
deepseek,order_reversed,reversed_01,Shower,189,False,0.33333333333333337,1.0,0.026666666666666655
deepseek,order_reversed,reversed_02,Shower,189,False,0.33333333333333337,1.0,0.026666666666666655
deepseek,order_reversed,reversed_03,Shower,189,False,0.33333333333333337,1.0,0.026666666666666655
deepseek,order_reversed,reversed_04,Shower,189,False,0.33333333333333337,1.0,0.026666666666666655
deepseek,order_reversed,reversed_05,Shower,189,False,0.33333333333333337,1.0,0.026666666666666655
deepseek,extracted,,Shower,190,False,1.0,1.0,0.00833333333333334
deepseek,default_params,,Shower,190,False,1.0,1.0,0.0
deepseek,extracted_per_run,shippedrun_01,Shower,190,False,1.0,1.0,0.0
deepseek,extracted_per_run,shippedrun_02,Shower,190,False,0.33333333333333337,0.0,0.02250000000000001
deepseek,extracted_per_run,shippedrun_03,Shower,190,False,1.0,1.0,0.0
deepseek,extracted_per_run,shippedrun_04,Shower,190,False,1.0,1.0,0.0
deepseek,extracted_per_run,shippedrun_05,Shower,190,False,0.33333333333333337,0.0,0.02250000000000001
deepseek,order_control,control_01,Shower,190,False,1.0,1.0,0.0
deepseek,order_control,control_02,Shower,190,False,1.0,1.0,0.0
deepseek,order_control,control_03,Shower,190,False,0.33333333333333337,0.0,0.02250000000000001
deepseek,order_reversed,reversed_01,Shower,190,False,1.0,1.0,0.0
deepseek,order_reversed,reversed_02,Shower,190,False,1.0,1.0,0.0
deepseek,order_reversed,reversed_03,Shower,190,False,1.0,1.0,0.0
deepseek,order_reversed,reversed_04,Shower,190,False,1.0,1.0,0.0
deepseek,order_reversed,reversed_05,Shower,190,False,1.0,1.0,0.0
deepseek,extracted,,Shower,191,False,1.0,1.0,0.006666666666666672
deepseek,default_params,,Shower,191,False,1.0,1.0,0.0
deepseek,extracted_per_run,shippedrun_01,Shower,191,False,1.0,1.0,0.0
deepseek,extracted_per_run,shippedrun_02,Shower,191,False,0.33333333333333337,0.0,0.02416666666666668
deepseek,extracted_per_run,shippedrun_03,Shower,191,False,1.0,1.0,0.0
deepseek,extracted_per_run,shippedrun_04,Shower,191,False,1.0,1.0,0.0
deepseek,extracted_per_run,shippedrun_05,Shower,191,False,1.0,1.0,0.0
deepseek,order_control,control_01,Shower,191,False,0.33333333333333337,0.0,0.02416666666666668
deepseek,order_control,control_02,Shower,191,False,-1.0,0.0,0.04916666666666667
deepseek,order_control,control_03,Shower,191,False,1.0,1.0,0.0
deepseek,order_reversed,reversed_01,Shower,191,False,1.0,1.0,0.0
deepseek,order_reversed,reversed_02,Shower,191,False,1.0,1.0,0.0
deepseek,order_reversed,reversed_03,Shower,191,False,1.0,1.0,0.0
deepseek,order_reversed,reversed_04,Shower,191,False,1.0,1.0,0.0
deepseek,order_reversed,reversed_05,Shower,191,False,1.0,1.0,0.0
deepseek,extracted,,Shower,192,False,-0.33333333333333337,0.0,0.023333333333333317
deepseek,default_params,,Shower,192,False,0.33333333333333337,1.0,0.03333333333333335
deepseek,extracted_per_run,shippedrun_01,Shower,192,False,-0.33333333333333337,0.0,0.010000000000000009
deepseek,extracted_per_run,shippedrun_02,Shower,192,False,-0.33333333333333337,0.0,0.027499999999999986
deepseek,extracted_per_run,shippedrun_03,Shower,192,False,-0.33333333333333337,0.0,0.027499999999999986
deepseek,extracted_per_run,shippedrun_04,Shower,192,False,-0.33333333333333337,0.0,0.027499999999999986
deepseek,extracted_per_run,shippedrun_05,Shower,192,False,-0.33333333333333337,0.0,0.027499999999999986
deepseek,order_control,control_01,Shower,192,False,-0.33333333333333337,0.0,0.027499999999999986
deepseek,order_control,control_02,Shower,192,False,-0.33333333333333337,0.0,0.027499999999999986
deepseek,order_control,control_03,Shower,192,False,-0.33333333333333337,0.0,0.027499999999999986
deepseek,order_reversed,reversed_01,Shower,192,False,-0.33333333333333337,0.0,0.027499999999999986
deepseek,order_reversed,reversed_02,Shower,192,False,-0.33333333333333337,0.0,0.027499999999999986
deepseek,order_reversed,reversed_03,Shower,192,False,-0.33333333333333337,0.0,0.027499999999999986
deepseek,order_reversed,reversed_04,Shower,192,False,-0.33333333333333337,0.0,0.027499999999999986
deepseek,order_reversed,reversed_05,Shower,192,False,-0.33333333333333337,0.0,0.027499999999999986
deepseek,extracted,,Shower,193,False,-0.33333333333333337,0.0,0.04916666666666666
deepseek,default_params,,Shower,193,False,-1.0,0.0,0.13499999999999998
deepseek,extracted_per_run,shippedrun_01,Shower,193,False,-1.0,0.0,0.06999999999999999
deepseek,extracted_per_run,shippedrun_02,Shower,193,False,0.33333333333333337,0.0,0.04333333333333333
deepseek,extracted_per_run,shippedrun_03,Shower,193,False,0.33333333333333337,0.0,0.04333333333333333
deepseek,extracted_per_run,shippedrun_04,Shower,193,False,0.33333333333333337,0.0,0.04333333333333333
deepseek,extracted_per_run,shippedrun_05,Shower,193,False,0.33333333333333337,0.0,0.04333333333333333
deepseek,order_control,control_01,Shower,193,False,0.33333333333333337,0.0,0.04333333333333333
deepseek,order_control,control_02,Shower,193,False,0.33333333333333337,0.0,0.04333333333333333
deepseek,order_control,control_03,Shower,193,False,0.33333333333333337,0.0,0.04333333333333333
deepseek,order_reversed,reversed_01,Shower,193,False,0.33333333333333337,0.0,0.04333333333333333
deepseek,order_reversed,reversed_02,Shower,193,False,0.33333333333333337,0.0,0.04333333333333333
deepseek,order_reversed,reversed_03,Shower,193,False,0.33333333333333337,0.0,0.04333333333333333
deepseek,order_reversed,reversed_04,Shower,193,False,0.33333333333333337,0.0,0.04333333333333333
deepseek,order_reversed,reversed_05,Shower,193,False,0.33333333333333337,0.0,0.04333333333333333
deepseek,extracted,,Shower,194,False,-0.33333333333333337,0.0,0.08833333333333333
deepseek,default_params,,Shower,194,False,1.0,1.0,0.08833333333333333
deepseek,extracted_per_run,shippedrun_01,Shower,194,False,-0.33333333333333337,0.0,0.08833333333333333
deepseek,extracted_per_run,shippedrun_02,Shower,194,False,-0.33333333333333337,0.0,0.08833333333333333
deepseek,extracted_per_run,shippedrun_03,Shower,194,False,-0.33333333333333337,0.0,0.08833333333333333
deepseek,extracted_per_run,shippedrun_04,Shower,194,False,-0.33333333333333337,0.0,0.08833333333333333
deepseek,extracted_per_run,shippedrun_05,Shower,194,False,-0.33333333333333337,0.0,0.08833333333333333
deepseek,order_control,control_01,Shower,194,False,-0.33333333333333337,0.0,0.08833333333333333
deepseek,order_control,control_02,Shower,194,False,-0.33333333333333337,0.0,0.08833333333333333
deepseek,order_control,control_03,Shower,194,False,-0.33333333333333337,0.0,0.08833333333333333
deepseek,order_reversed,reversed_01,Shower,194,False,-0.33333333333333337,0.0,0.08833333333333333
deepseek,order_reversed,reversed_02,Shower,194,False,-0.33333333333333337,0.0,0.08833333333333333
deepseek,order_reversed,reversed_03,Shower,194,False,-0.33333333333333337,0.0,0.08833333333333333
deepseek,order_reversed,reversed_04,Shower,194,False,-0.33333333333333337,0.0,0.08833333333333333
deepseek,order_reversed,reversed_05,Shower,194,False,-0.33333333333333337,0.0,0.08833333333333333
deepseek,extracted,,Shower,195,False,-1.0,0.0,0.027500000000000007
deepseek,default_params,,Shower,195,False,1.0,1.0,0.03583333333333333
deepseek,extracted_per_run,shippedrun_01,Shower,195,False,-0.33333333333333337,0.0,0.013333333333333345
deepseek,extracted_per_run,shippedrun_02,Shower,195,False,-1.0,0.0,0.03250000000000001
deepseek,extracted_per_run,shippedrun_03,Shower,195,False,-1.0,0.0,0.03250000000000001
deepseek,extracted_per_run,shippedrun_04,Shower,195,False,-1.0,0.0,0.03250000000000001
deepseek,extracted_per_run,shippedrun_05,Shower,195,False,-1.0,0.0,0.03250000000000001
deepseek,order_control,control_01,Shower,195,False,-1.0,0.0,0.03250000000000001
deepseek,order_control,control_02,Shower,195,False,-1.0,0.0,0.03250000000000001
deepseek,order_control,control_03,Shower,195,False,-1.0,0.0,0.03250000000000001
deepseek,order_reversed,reversed_01,Shower,195,False,-1.0,0.0,0.03250000000000001
deepseek,order_reversed,reversed_02,Shower,195,False,-1.0,0.0,0.03250000000000001
deepseek,order_reversed,reversed_03,Shower,195,False,-1.0,0.0,0.03250000000000001
deepseek,order_reversed,reversed_04,Shower,195,False,-1.0,0.0,0.03250000000000001
deepseek,order_reversed,reversed_05,Shower,195,False,-1.0,0.0,0.03250000000000001
gemini,extracted,,HVAC,1,False,1.0,1.0,0.004999999999999986
gemini,default_params,,HVAC,1,False,1.0,1.0,0.01166666666666664
gemini,extracted_per_run,shippedrun_01,HVAC,1,False,1.0,1.0,0.009999999999999972
gemini,extracted_per_run,shippedrun_02,HVAC,1,False,1.0,1.0,0.011666666666666659
gemini,extracted_per_run,shippedrun_03,HVAC,1,False,1.0,1.0,0.009166666666666656
gemini,extracted_per_run,shippedrun_04,HVAC,1,False,1.0,1.0,0.009166666666666656
gemini,extracted_per_run,shippedrun_05,HVAC,1,False,1.0,1.0,0.009166666666666656
gemini,order_control,control_01,HVAC,1,False,1.0,1.0,0.009999999999999972
gemini,order_control,control_02,HVAC,1,False,1.0,1.0,0.011666666666666659
gemini,order_control,control_03,HVAC,1,False,1.0,1.0,0.009166666666666656
gemini,order_reversed,reversed_01,HVAC,1,False,1.0,1.0,0.011666666666666659
gemini,order_reversed,reversed_02,HVAC,1,False,1.0,1.0,0.011666666666666659
gemini,order_reversed,reversed_03,HVAC,1,False,1.0,1.0,0.011666666666666659
gemini,order_reversed,reversed_04,HVAC,1,False,1.0,1.0,0.011666666666666659
gemini,order_reversed,reversed_05,HVAC,1,False,1.0,1.0,0.009166666666666656
gemini,extracted,,HVAC,2,False,1.0,1.0,0.017500000000000016
gemini,default_params,,HVAC,2,False,1.0,1.0,0.03249999999999998
gemini,extracted_per_run,shippedrun_01,HVAC,2,False,1.0,1.0,0.017500000000000016
gemini,extracted_per_run,shippedrun_02,HVAC,2,False,1.0,1.0,0.017500000000000016
gemini,extracted_per_run,shippedrun_03,HVAC,2,False,1.0,1.0,0.017500000000000016
gemini,extracted_per_run,shippedrun_04,HVAC,2,False,1.0,1.0,0.017500000000000016
gemini,extracted_per_run,shippedrun_05,HVAC,2,False,1.0,1.0,0.017500000000000016
gemini,order_control,control_01,HVAC,2,False,1.0,1.0,0.017500000000000016
gemini,order_control,control_02,HVAC,2,False,1.0,1.0,0.017500000000000016
gemini,order_control,control_03,HVAC,2,False,1.0,1.0,0.017500000000000016
gemini,order_reversed,reversed_01,HVAC,2,False,1.0,1.0,0.017500000000000016
gemini,order_reversed,reversed_02,HVAC,2,False,1.0,1.0,0.017500000000000016
gemini,order_reversed,reversed_03,HVAC,2,False,1.0,1.0,0.017500000000000016
gemini,order_reversed,reversed_04,HVAC,2,False,1.0,1.0,0.017500000000000016
gemini,order_reversed,reversed_05,HVAC,2,False,1.0,1.0,0.017500000000000016
gemini,extracted,,HVAC,3,False,1.0,1.0,0.06
gemini,default_params,,HVAC,3,False,1.0,1.0,0.04833333333333333
gemini,extracted_per_run,shippedrun_01,HVAC,3,False,1.0,1.0,0.06
gemini,extracted_per_run,shippedrun_02,HVAC,3,False,1.0,1.0,0.06
gemini,extracted_per_run,shippedrun_03,HVAC,3,False,1.0,1.0,0.06749999999999999
gemini,extracted_per_run,shippedrun_04,HVAC,3,False,1.0,1.0,0.06749999999999999
gemini,extracted_per_run,shippedrun_05,HVAC,3,False,1.0,1.0,0.034999999999999996
gemini,order_control,control_01,HVAC,3,False,1.0,1.0,0.034999999999999996
gemini,order_control,control_02,HVAC,3,False,1.0,1.0,0.06
gemini,order_control,control_03,HVAC,3,False,1.0,1.0,0.06
gemini,order_reversed,reversed_01,HVAC,3,False,1.0,1.0,0.032499999999999994
gemini,order_reversed,reversed_02,HVAC,3,False,1.0,1.0,0.06
gemini,order_reversed,reversed_03,HVAC,3,False,1.0,1.0,0.06
gemini,order_reversed,reversed_04,HVAC,3,False,1.0,1.0,0.032499999999999994
gemini,order_reversed,reversed_05,HVAC,3,False,1.0,1.0,0.032499999999999994
gemini,extracted,,HVAC,4,False,1.0,1.0,0.04583333333333336
gemini,default_params,,HVAC,4,False,1.0,1.0,0.043333333333333335
gemini,extracted_per_run,shippedrun_01,HVAC,4,False,1.0,1.0,0.04583333333333336
gemini,extracted_per_run,shippedrun_02,HVAC,4,False,1.0,1.0,0.04583333333333336
gemini,extracted_per_run,shippedrun_03,HVAC,4,False,1.0,1.0,0.04583333333333336
gemini,extracted_per_run,shippedrun_04,HVAC,4,False,1.0,1.0,0.04583333333333336
gemini,extracted_per_run,shippedrun_05,HVAC,4,False,1.0,1.0,0.04583333333333336
gemini,order_control,control_01,HVAC,4,False,1.0,1.0,0.04583333333333336
gemini,order_control,control_02,HVAC,4,False,1.0,1.0,0.04583333333333336
gemini,order_control,control_03,HVAC,4,False,1.0,1.0,0.04583333333333336
gemini,order_reversed,reversed_01,HVAC,4,False,1.0,1.0,0.043333333333333356
gemini,order_reversed,reversed_02,HVAC,4,False,1.0,1.0,0.043333333333333356
gemini,order_reversed,reversed_03,HVAC,4,False,1.0,1.0,0.043333333333333356
gemini,order_reversed,reversed_04,HVAC,4,False,1.0,1.0,0.043333333333333356
gemini,order_reversed,reversed_05,HVAC,4,False,1.0,1.0,0.043333333333333356
gemini,extracted,,HVAC,5,False,1.0,1.0,0.02416666666666666
gemini,default_params,,HVAC,5,False,0.33333333333333337,1.0,0.020833333333333325
gemini,extracted_per_run,shippedrun_01,HVAC,5,False,1.0,1.0,0.02416666666666666
gemini,extracted_per_run,shippedrun_02,HVAC,5,False,1.0,1.0,0.02416666666666666
gemini,extracted_per_run,shippedrun_03,HVAC,5,False,1.0,1.0,0.02416666666666666
gemini,extracted_per_run,shippedrun_04,HVAC,5,False,1.0,1.0,0.02416666666666666
gemini,extracted_per_run,shippedrun_05,HVAC,5,False,1.0,1.0,0.02416666666666666
gemini,order_control,control_01,HVAC,5,False,1.0,1.0,0.02416666666666666
gemini,order_control,control_02,HVAC,5,False,1.0,1.0,0.02416666666666666
gemini,order_control,control_03,HVAC,5,False,1.0,1.0,0.02416666666666666
gemini,order_reversed,reversed_01,HVAC,5,False,0.33333333333333337,1.0,0.029166666666666664
gemini,order_reversed,reversed_02,HVAC,5,False,1.0,1.0,0.02416666666666666
gemini,order_reversed,reversed_03,HVAC,5,False,1.0,1.0,0.02416666666666666
gemini,order_reversed,reversed_04,HVAC,5,False,0.33333333333333337,1.0,0.029166666666666664
gemini,order_reversed,reversed_05,HVAC,5,False,0.33333333333333337,1.0,0.029166666666666664
gemini,extracted,,HVAC,6,False,1.0,1.0,0.036666666666666674
gemini,default_params,,HVAC,6,False,1.0,1.0,0.08249999999999999
gemini,extracted_per_run,shippedrun_01,HVAC,6,False,1.0,1.0,0.037500000000000006
gemini,extracted_per_run,shippedrun_02,HVAC,6,False,1.0,1.0,0.037500000000000006
gemini,extracted_per_run,shippedrun_03,HVAC,6,False,1.0,1.0,0.037500000000000006
gemini,extracted_per_run,shippedrun_04,HVAC,6,False,1.0,1.0,0.03250000000000002
gemini,extracted_per_run,shippedrun_05,HVAC,6,False,1.0,1.0,0.037500000000000006
gemini,order_control,control_01,HVAC,6,False,1.0,1.0,0.037500000000000006
gemini,order_control,control_02,HVAC,6,False,1.0,1.0,0.037500000000000006
gemini,order_control,control_03,HVAC,6,False,1.0,1.0,0.037500000000000006
gemini,order_reversed,reversed_01,HVAC,6,False,1.0,1.0,0.037500000000000006
gemini,order_reversed,reversed_02,HVAC,6,False,1.0,1.0,0.03250000000000002
gemini,order_reversed,reversed_03,HVAC,6,False,1.0,1.0,0.03250000000000002
gemini,order_reversed,reversed_04,HVAC,6,False,1.0,1.0,0.035
gemini,order_reversed,reversed_05,HVAC,6,False,1.0,1.0,0.037500000000000006
gemini,extracted,,HVAC,7,False,1.0,1.0,0.05499999999999997
gemini,default_params,,HVAC,7,False,1.0,1.0,0.12666666666666668
gemini,extracted_per_run,shippedrun_01,HVAC,7,False,1.0,1.0,0.05499999999999997
gemini,extracted_per_run,shippedrun_02,HVAC,7,False,1.0,1.0,0.05499999999999997
gemini,extracted_per_run,shippedrun_03,HVAC,7,False,1.0,1.0,0.05499999999999997
gemini,extracted_per_run,shippedrun_04,HVAC,7,False,1.0,1.0,0.05499999999999997
gemini,extracted_per_run,shippedrun_05,HVAC,7,False,1.0,1.0,0.05499999999999997
gemini,order_control,control_01,HVAC,7,False,1.0,1.0,0.05499999999999997
gemini,order_control,control_02,HVAC,7,False,1.0,1.0,0.05499999999999997
gemini,order_control,control_03,HVAC,7,False,1.0,1.0,0.05499999999999997
gemini,order_reversed,reversed_01,HVAC,7,False,1.0,1.0,0.04999999999999997
gemini,order_reversed,reversed_02,HVAC,7,False,1.0,1.0,0.05499999999999997
gemini,order_reversed,reversed_03,HVAC,7,False,1.0,1.0,0.04999999999999997
gemini,order_reversed,reversed_04,HVAC,7,False,1.0,1.0,0.05499999999999997
gemini,order_reversed,reversed_05,HVAC,7,False,1.0,1.0,0.05499999999999997
gemini,extracted,,HVAC,8,False,1.0,1.0,0.019166666666666665
gemini,default_params,,HVAC,8,False,1.0,1.0,0.01166666666666664
gemini,extracted_per_run,shippedrun_01,HVAC,8,False,1.0,1.0,0.019166666666666665
gemini,extracted_per_run,shippedrun_02,HVAC,8,False,1.0,1.0,0.019166666666666665
gemini,extracted_per_run,shippedrun_03,HVAC,8,False,1.0,1.0,0.019166666666666665
gemini,extracted_per_run,shippedrun_04,HVAC,8,False,1.0,1.0,0.016666666666666663
gemini,extracted_per_run,shippedrun_05,HVAC,8,False,1.0,1.0,0.019166666666666665
gemini,order_control,control_01,HVAC,8,False,1.0,1.0,0.019166666666666665
gemini,order_control,control_02,HVAC,8,False,1.0,1.0,0.019166666666666665
gemini,order_control,control_03,HVAC,8,False,1.0,1.0,0.019166666666666665
gemini,order_reversed,reversed_01,HVAC,8,False,1.0,1.0,0.019166666666666665
gemini,order_reversed,reversed_02,HVAC,8,False,1.0,1.0,0.019166666666666665
gemini,order_reversed,reversed_03,HVAC,8,False,1.0,1.0,0.019166666666666665
gemini,order_reversed,reversed_04,HVAC,8,False,1.0,1.0,0.019166666666666665
gemini,order_reversed,reversed_05,HVAC,8,False,1.0,1.0,0.019166666666666665
gemini,extracted,,HVAC,9,False,1.0,1.0,0.02
gemini,default_params,,HVAC,9,False,1.0,1.0,0.04083333333333335
gemini,extracted_per_run,shippedrun_01,HVAC,9,False,1.0,1.0,0.02
gemini,extracted_per_run,shippedrun_02,HVAC,9,False,1.0,1.0,0.02
gemini,extracted_per_run,shippedrun_03,HVAC,9,False,1.0,1.0,0.02
gemini,extracted_per_run,shippedrun_04,HVAC,9,False,1.0,1.0,0.017499999999999998
gemini,extracted_per_run,shippedrun_05,HVAC,9,False,1.0,1.0,0.02
gemini,order_control,control_01,HVAC,9,False,1.0,1.0,0.02
gemini,order_control,control_02,HVAC,9,False,1.0,1.0,0.02
gemini,order_control,control_03,HVAC,9,False,1.0,1.0,0.02
gemini,order_reversed,reversed_01,HVAC,9,False,1.0,1.0,0.02
gemini,order_reversed,reversed_02,HVAC,9,False,1.0,1.0,0.02
gemini,order_reversed,reversed_03,HVAC,9,False,1.0,1.0,0.02
gemini,order_reversed,reversed_04,HVAC,9,False,1.0,1.0,0.02
gemini,order_reversed,reversed_05,HVAC,9,False,1.0,1.0,0.02
gemini,extracted,,HVAC,10,False,1.0,1.0,0.006666666666666672
gemini,default_params,,HVAC,10,False,1.0,1.0,0.020000000000000018
gemini,extracted_per_run,shippedrun_01,HVAC,10,False,1.0,1.0,0.006666666666666672
gemini,extracted_per_run,shippedrun_02,HVAC,10,False,1.0,1.0,0.006666666666666672
gemini,extracted_per_run,shippedrun_03,HVAC,10,False,1.0,1.0,0.006666666666666672
gemini,extracted_per_run,shippedrun_04,HVAC,10,False,1.0,1.0,0.006666666666666672
gemini,extracted_per_run,shippedrun_05,HVAC,10,False,1.0,1.0,0.006666666666666672
gemini,order_control,control_01,HVAC,10,False,1.0,1.0,0.006666666666666672
gemini,order_control,control_02,HVAC,10,False,1.0,1.0,0.006666666666666672
gemini,order_control,control_03,HVAC,10,False,1.0,1.0,0.006666666666666672
gemini,order_reversed,reversed_01,HVAC,10,False,1.0,1.0,0.006666666666666672
gemini,order_reversed,reversed_02,HVAC,10,False,1.0,1.0,0.006666666666666672
gemini,order_reversed,reversed_03,HVAC,10,False,1.0,1.0,0.006666666666666672
gemini,order_reversed,reversed_04,HVAC,10,False,1.0,1.0,0.006666666666666672
gemini,order_reversed,reversed_05,HVAC,10,False,1.0,1.0,0.006666666666666672
gemini,extracted,,HVAC,11,False,1.0,1.0,0.006666666666666672
gemini,default_params,,HVAC,11,False,1.0,1.0,0.07166666666666667
gemini,extracted_per_run,shippedrun_01,HVAC,11,False,1.0,1.0,0.006666666666666672
gemini,extracted_per_run,shippedrun_02,HVAC,11,False,1.0,1.0,0.006666666666666672
gemini,extracted_per_run,shippedrun_03,HVAC,11,False,1.0,1.0,0.006666666666666672
gemini,extracted_per_run,shippedrun_04,HVAC,11,False,1.0,1.0,0.006666666666666672
gemini,extracted_per_run,shippedrun_05,HVAC,11,False,1.0,1.0,0.006666666666666672
gemini,order_control,control_01,HVAC,11,False,1.0,1.0,0.006666666666666672
gemini,order_control,control_02,HVAC,11,False,1.0,1.0,0.006666666666666672
gemini,order_control,control_03,HVAC,11,False,1.0,1.0,0.006666666666666672
gemini,order_reversed,reversed_01,HVAC,11,False,1.0,1.0,0.00833333333333334
gemini,order_reversed,reversed_02,HVAC,11,False,1.0,1.0,0.006666666666666672
gemini,order_reversed,reversed_03,HVAC,11,False,1.0,1.0,0.006666666666666672
gemini,order_reversed,reversed_04,HVAC,11,False,1.0,1.0,0.006666666666666672
gemini,order_reversed,reversed_05,HVAC,11,False,1.0,1.0,0.006666666666666672
gemini,extracted,,HVAC,12,False,1.0,1.0,0.01
gemini,default_params,,HVAC,12,False,1.0,1.0,0.053333333333333295
gemini,extracted_per_run,shippedrun_01,HVAC,12,False,1.0,1.0,0.01
gemini,extracted_per_run,shippedrun_02,HVAC,12,False,1.0,1.0,0.01
gemini,extracted_per_run,shippedrun_03,HVAC,12,False,1.0,1.0,0.01
gemini,extracted_per_run,shippedrun_04,HVAC,12,False,1.0,1.0,0.01
gemini,extracted_per_run,shippedrun_05,HVAC,12,False,1.0,1.0,0.01
gemini,order_control,control_01,HVAC,12,False,1.0,1.0,0.01
gemini,order_control,control_02,HVAC,12,False,1.0,1.0,0.01
gemini,order_control,control_03,HVAC,12,False,1.0,1.0,0.01
gemini,order_reversed,reversed_01,HVAC,12,False,1.0,1.0,0.01
gemini,order_reversed,reversed_02,HVAC,12,False,1.0,1.0,0.01
gemini,order_reversed,reversed_03,HVAC,12,False,1.0,1.0,0.01
gemini,order_reversed,reversed_04,HVAC,12,False,1.0,1.0,0.01
gemini,order_reversed,reversed_05,HVAC,12,False,1.0,1.0,0.01
gemini,extracted,,HVAC,13,False,1.0,1.0,0.04833333333333329
gemini,default_params,,HVAC,13,False,1.0,1.0,0.10416666666666667
gemini,extracted_per_run,shippedrun_01,HVAC,13,False,1.0,1.0,0.05166666666666663
gemini,extracted_per_run,shippedrun_02,HVAC,13,False,1.0,1.0,0.044166666666666625
gemini,extracted_per_run,shippedrun_03,HVAC,13,False,1.0,1.0,0.044166666666666625
gemini,extracted_per_run,shippedrun_04,HVAC,13,False,1.0,1.0,0.05166666666666663
gemini,extracted_per_run,shippedrun_05,HVAC,13,False,1.0,1.0,0.05166666666666663
gemini,order_control,control_01,HVAC,13,False,1.0,1.0,0.044166666666666625
gemini,order_control,control_02,HVAC,13,False,1.0,1.0,0.044166666666666625
gemini,order_control,control_03,HVAC,13,False,1.0,1.0,0.05166666666666663
gemini,order_reversed,reversed_01,HVAC,13,False,1.0,1.0,0.05166666666666663
gemini,order_reversed,reversed_02,HVAC,13,False,1.0,1.0,0.05166666666666663
gemini,order_reversed,reversed_03,HVAC,13,False,1.0,1.0,0.05166666666666663
gemini,order_reversed,reversed_04,HVAC,13,False,1.0,1.0,0.05166666666666663
gemini,order_reversed,reversed_05,HVAC,13,False,1.0,1.0,0.05166666666666663
gemini,extracted,,HVAC,14,False,1.0,1.0,0.015833333333333293
gemini,default_params,,HVAC,14,False,1.0,1.0,0.07166666666666664
gemini,extracted_per_run,shippedrun_01,HVAC,14,False,1.0,1.0,0.015833333333333293
gemini,extracted_per_run,shippedrun_02,HVAC,14,False,1.0,1.0,0.015833333333333293
gemini,extracted_per_run,shippedrun_03,HVAC,14,False,1.0,1.0,0.015833333333333293
gemini,extracted_per_run,shippedrun_04,HVAC,14,False,1.0,1.0,0.015833333333333293
gemini,extracted_per_run,shippedrun_05,HVAC,14,False,1.0,1.0,0.015833333333333293
gemini,order_control,control_01,HVAC,14,False,1.0,1.0,0.015833333333333293
gemini,order_control,control_02,HVAC,14,False,1.0,1.0,0.015833333333333293
gemini,order_control,control_03,HVAC,14,False,1.0,1.0,0.015833333333333293
gemini,order_reversed,reversed_01,HVAC,14,False,1.0,1.0,0.015833333333333293
gemini,order_reversed,reversed_02,HVAC,14,False,1.0,1.0,0.015833333333333293
gemini,order_reversed,reversed_03,HVAC,14,False,1.0,1.0,0.015833333333333293
gemini,order_reversed,reversed_04,HVAC,14,False,1.0,1.0,0.015833333333333293
gemini,order_reversed,reversed_05,HVAC,14,False,1.0,1.0,0.015833333333333293
gemini,extracted,,HVAC,15,False,1.0,1.0,0.02833333333333334
gemini,default_params,,HVAC,15,False,1.0,1.0,0.06500000000000002
gemini,extracted_per_run,shippedrun_01,HVAC,15,False,1.0,1.0,0.021666666666666667
gemini,extracted_per_run,shippedrun_02,HVAC,15,False,1.0,1.0,0.03000000000000001
gemini,extracted_per_run,shippedrun_03,HVAC,15,False,1.0,1.0,0.03000000000000001
gemini,extracted_per_run,shippedrun_04,HVAC,15,False,1.0,1.0,0.03000000000000001
gemini,extracted_per_run,shippedrun_05,HVAC,15,False,1.0,1.0,0.03000000000000001
gemini,order_control,control_01,HVAC,15,False,1.0,1.0,0.03916666666666666
gemini,order_control,control_02,HVAC,15,False,1.0,1.0,0.021666666666666667
gemini,order_control,control_03,HVAC,15,False,1.0,1.0,0.021666666666666667
gemini,order_reversed,reversed_01,HVAC,15,False,1.0,1.0,0.035
gemini,order_reversed,reversed_02,HVAC,15,False,1.0,1.0,0.035
gemini,order_reversed,reversed_03,HVAC,15,False,1.0,1.0,0.035
gemini,order_reversed,reversed_04,HVAC,15,False,1.0,1.0,0.035
gemini,order_reversed,reversed_05,HVAC,15,False,1.0,1.0,0.035
gemini,extracted,,HVAC,16,False,1.0,1.0,0.05250000000000001
gemini,default_params,,HVAC,16,False,1.0,1.0,0.05916666666666665
gemini,extracted_per_run,shippedrun_01,HVAC,16,False,1.0,1.0,0.057499999999999996
gemini,extracted_per_run,shippedrun_02,HVAC,16,False,1.0,1.0,0.06416666666666666
gemini,extracted_per_run,shippedrun_03,HVAC,16,False,1.0,1.0,0.01416666666666667
gemini,extracted_per_run,shippedrun_04,HVAC,16,False,1.0,1.0,0.06416666666666666
gemini,extracted_per_run,shippedrun_05,HVAC,16,False,1.0,1.0,0.06416666666666666
gemini,order_control,control_01,HVAC,16,False,1.0,1.0,0.057499999999999996
gemini,order_control,control_02,HVAC,16,False,1.0,1.0,0.057499999999999996
gemini,order_control,control_03,HVAC,16,False,1.0,1.0,0.057499999999999996
gemini,order_reversed,reversed_01,HVAC,16,False,1.0,1.0,0.057499999999999996
gemini,order_reversed,reversed_02,HVAC,16,False,1.0,1.0,0.057499999999999996
gemini,order_reversed,reversed_03,HVAC,16,False,1.0,1.0,0.057499999999999996
gemini,order_reversed,reversed_04,HVAC,16,False,1.0,1.0,0.057499999999999996
gemini,order_reversed,reversed_05,HVAC,16,False,1.0,1.0,0.02416666666666667
gemini,extracted,,HVAC,17,False,1.0,1.0,0.0050000000000000044
gemini,default_params,,HVAC,17,False,1.0,1.0,0.07583333333333335
gemini,extracted_per_run,shippedrun_01,HVAC,17,False,1.0,1.0,0.005833333333333339
gemini,extracted_per_run,shippedrun_02,HVAC,17,False,1.0,1.0,0.0050000000000000044
gemini,extracted_per_run,shippedrun_03,HVAC,17,False,1.0,1.0,0.005833333333333339
gemini,extracted_per_run,shippedrun_04,HVAC,17,False,1.0,1.0,0.005833333333333339
gemini,extracted_per_run,shippedrun_05,HVAC,17,False,1.0,1.0,0.005833333333333339
gemini,order_control,control_01,HVAC,17,False,1.0,1.0,0.005833333333333339
gemini,order_control,control_02,HVAC,17,False,1.0,1.0,0.005833333333333339
gemini,order_control,control_03,HVAC,17,False,1.0,1.0,0.005833333333333339
gemini,order_reversed,reversed_01,HVAC,17,False,1.0,1.0,0.005833333333333339
gemini,order_reversed,reversed_02,HVAC,17,False,1.0,1.0,0.005833333333333339
gemini,order_reversed,reversed_03,HVAC,17,False,1.0,1.0,0.005833333333333339
gemini,order_reversed,reversed_04,HVAC,17,False,1.0,1.0,0.005833333333333339
gemini,order_reversed,reversed_05,HVAC,17,False,1.0,1.0,0.005833333333333339
gemini,extracted,,HVAC,18,False,1.0,1.0,0.010833333333333342
gemini,default_params,,HVAC,18,False,1.0,1.0,0.05000000000000004
gemini,extracted_per_run,shippedrun_01,HVAC,18,False,1.0,1.0,0.010833333333333342
gemini,extracted_per_run,shippedrun_02,HVAC,18,False,1.0,1.0,0.010833333333333342
gemini,extracted_per_run,shippedrun_03,HVAC,18,False,1.0,1.0,0.010833333333333342
gemini,extracted_per_run,shippedrun_04,HVAC,18,False,1.0,1.0,0.010833333333333342
gemini,extracted_per_run,shippedrun_05,HVAC,18,False,1.0,1.0,0.010833333333333342
gemini,order_control,control_01,HVAC,18,False,1.0,1.0,0.010833333333333342
gemini,order_control,control_02,HVAC,18,False,1.0,1.0,0.010833333333333342
gemini,order_control,control_03,HVAC,18,False,1.0,1.0,0.010833333333333342
gemini,order_reversed,reversed_01,HVAC,18,False,1.0,1.0,0.010833333333333342
gemini,order_reversed,reversed_02,HVAC,18,False,1.0,1.0,0.010833333333333342
gemini,order_reversed,reversed_03,HVAC,18,False,1.0,1.0,0.010833333333333342
gemini,order_reversed,reversed_04,HVAC,18,False,1.0,1.0,0.010833333333333342
gemini,order_reversed,reversed_05,HVAC,18,False,1.0,1.0,0.010833333333333342
gemini,extracted,,HVAC,19,False,1.0,1.0,0.023333333333333334
gemini,default_params,,HVAC,19,False,1.0,1.0,0.065
gemini,extracted_per_run,shippedrun_01,HVAC,19,False,1.0,1.0,0.023333333333333334
gemini,extracted_per_run,shippedrun_02,HVAC,19,False,1.0,1.0,0.023333333333333334
gemini,extracted_per_run,shippedrun_03,HVAC,19,False,1.0,1.0,0.023333333333333334
gemini,extracted_per_run,shippedrun_04,HVAC,19,False,1.0,1.0,0.023333333333333334
gemini,extracted_per_run,shippedrun_05,HVAC,19,False,1.0,1.0,0.023333333333333334
gemini,order_control,control_01,HVAC,19,False,1.0,1.0,0.023333333333333334
gemini,order_control,control_02,HVAC,19,False,1.0,1.0,0.023333333333333334
gemini,order_control,control_03,HVAC,19,False,1.0,1.0,0.023333333333333334
gemini,order_reversed,reversed_01,HVAC,19,False,1.0,1.0,0.023333333333333334
gemini,order_reversed,reversed_02,HVAC,19,False,1.0,1.0,0.023333333333333334
gemini,order_reversed,reversed_03,HVAC,19,False,1.0,1.0,0.023333333333333334
gemini,order_reversed,reversed_04,HVAC,19,False,1.0,1.0,0.023333333333333334
gemini,order_reversed,reversed_05,HVAC,19,False,1.0,1.0,0.023333333333333334
gemini,extracted,,HVAC,20,False,1.0,1.0,0.02416666666666667
gemini,default_params,,HVAC,20,False,1.0,1.0,0.0325
gemini,extracted_per_run,shippedrun_01,HVAC,20,False,1.0,1.0,0.02416666666666667
gemini,extracted_per_run,shippedrun_02,HVAC,20,False,1.0,1.0,0.02416666666666667
gemini,extracted_per_run,shippedrun_03,HVAC,20,False,1.0,1.0,0.02416666666666667
gemini,extracted_per_run,shippedrun_04,HVAC,20,False,1.0,1.0,0.02416666666666667
gemini,extracted_per_run,shippedrun_05,HVAC,20,False,1.0,1.0,0.02416666666666667
gemini,order_control,control_01,HVAC,20,False,1.0,1.0,0.02416666666666667
gemini,order_control,control_02,HVAC,20,False,1.0,1.0,0.02416666666666667
gemini,order_control,control_03,HVAC,20,False,1.0,1.0,0.02416666666666667
gemini,order_reversed,reversed_01,HVAC,20,False,1.0,1.0,0.02416666666666667
gemini,order_reversed,reversed_02,HVAC,20,False,1.0,1.0,0.02416666666666667
gemini,order_reversed,reversed_03,HVAC,20,False,1.0,1.0,0.02416666666666667
gemini,order_reversed,reversed_04,HVAC,20,False,1.0,1.0,0.02416666666666667
gemini,order_reversed,reversed_05,HVAC,20,False,1.0,1.0,0.02416666666666667
gemini,extracted,,HVAC,21,False,1.0,1.0,0.028333333333333332
gemini,default_params,,HVAC,21,False,1.0,1.0,0.0825
gemini,extracted_per_run,shippedrun_01,HVAC,21,False,1.0,1.0,0.028333333333333332
gemini,extracted_per_run,shippedrun_02,HVAC,21,False,1.0,1.0,0.028333333333333332
gemini,extracted_per_run,shippedrun_03,HVAC,21,False,1.0,1.0,0.028333333333333332
gemini,extracted_per_run,shippedrun_04,HVAC,21,False,1.0,1.0,0.028333333333333332
gemini,extracted_per_run,shippedrun_05,HVAC,21,False,1.0,1.0,0.028333333333333332
gemini,order_control,control_01,HVAC,21,False,1.0,1.0,0.028333333333333332
gemini,order_control,control_02,HVAC,21,False,1.0,1.0,0.028333333333333332
gemini,order_control,control_03,HVAC,21,False,1.0,1.0,0.028333333333333332
gemini,order_reversed,reversed_01,HVAC,21,False,1.0,1.0,0.028333333333333332
gemini,order_reversed,reversed_02,HVAC,21,False,1.0,1.0,0.028333333333333332
gemini,order_reversed,reversed_03,HVAC,21,False,1.0,1.0,0.028333333333333332
gemini,order_reversed,reversed_04,HVAC,21,False,1.0,1.0,0.028333333333333332
gemini,order_reversed,reversed_05,HVAC,21,False,1.0,1.0,0.028333333333333332
gemini,extracted,,HVAC,22,False,1.0,1.0,0.0050000000000000044
gemini,default_params,,HVAC,22,False,1.0,1.0,0.01666666666666666
gemini,extracted_per_run,shippedrun_01,HVAC,22,False,1.0,1.0,0.0050000000000000044
gemini,extracted_per_run,shippedrun_02,HVAC,22,False,1.0,1.0,0.0050000000000000044
gemini,extracted_per_run,shippedrun_03,HVAC,22,False,1.0,1.0,0.0050000000000000044
gemini,extracted_per_run,shippedrun_04,HVAC,22,False,1.0,1.0,0.0050000000000000044
gemini,extracted_per_run,shippedrun_05,HVAC,22,False,1.0,1.0,0.0050000000000000044
gemini,order_control,control_01,HVAC,22,False,1.0,1.0,0.0050000000000000044
gemini,order_control,control_02,HVAC,22,False,1.0,1.0,0.0050000000000000044
gemini,order_control,control_03,HVAC,22,False,1.0,1.0,0.0050000000000000044
gemini,order_reversed,reversed_01,HVAC,22,False,1.0,1.0,0.0050000000000000044
gemini,order_reversed,reversed_02,HVAC,22,False,1.0,1.0,0.01916666666666666
gemini,order_reversed,reversed_03,HVAC,22,False,1.0,1.0,0.01916666666666666
gemini,order_reversed,reversed_04,HVAC,22,False,1.0,1.0,0.0050000000000000044
gemini,order_reversed,reversed_05,HVAC,22,False,1.0,1.0,0.0050000000000000044
gemini,extracted,,HVAC,23,False,1.0,1.0,0.03083333333333334
gemini,default_params,,HVAC,23,False,1.0,1.0,0.02833333333333334
gemini,extracted_per_run,shippedrun_01,HVAC,23,False,1.0,1.0,0.03083333333333334
gemini,extracted_per_run,shippedrun_02,HVAC,23,False,1.0,1.0,0.03083333333333334
gemini,extracted_per_run,shippedrun_03,HVAC,23,False,1.0,1.0,0.03083333333333334
gemini,extracted_per_run,shippedrun_04,HVAC,23,False,1.0,1.0,0.03083333333333334
gemini,extracted_per_run,shippedrun_05,HVAC,23,False,1.0,1.0,0.03083333333333334
gemini,order_control,control_01,HVAC,23,False,1.0,1.0,0.03083333333333334
gemini,order_control,control_02,HVAC,23,False,1.0,1.0,0.03083333333333334
gemini,order_control,control_03,HVAC,23,False,1.0,1.0,0.03083333333333334
gemini,order_reversed,reversed_01,HVAC,23,False,1.0,1.0,0.03083333333333334
gemini,order_reversed,reversed_02,HVAC,23,False,1.0,1.0,0.03083333333333334
gemini,order_reversed,reversed_03,HVAC,23,False,1.0,1.0,0.03083333333333334
gemini,order_reversed,reversed_04,HVAC,23,False,1.0,1.0,0.03083333333333334
gemini,order_reversed,reversed_05,HVAC,23,False,1.0,1.0,0.03083333333333334
gemini,extracted,,HVAC,24,False,1.0,1.0,0.019166666666666676
gemini,default_params,,HVAC,24,False,1.0,1.0,0.0375
gemini,extracted_per_run,shippedrun_01,HVAC,24,False,1.0,1.0,0.015833333333333338
gemini,extracted_per_run,shippedrun_02,HVAC,24,False,1.0,1.0,0.0525
gemini,extracted_per_run,shippedrun_03,HVAC,24,False,1.0,1.0,0.015833333333333338
gemini,extracted_per_run,shippedrun_04,HVAC,24,False,1.0,1.0,0.0525
gemini,extracted_per_run,shippedrun_05,HVAC,24,False,1.0,1.0,0.0050000000000000044
gemini,order_control,control_01,HVAC,24,False,1.0,1.0,0.0050000000000000044
gemini,order_control,control_02,HVAC,24,False,1.0,1.0,0.0525
gemini,order_control,control_03,HVAC,24,False,1.0,1.0,0.015833333333333338
gemini,order_reversed,reversed_01,HVAC,24,False,1.0,1.0,0.015833333333333338
gemini,order_reversed,reversed_02,HVAC,24,False,1.0,1.0,0.015833333333333338
gemini,order_reversed,reversed_03,HVAC,24,False,1.0,1.0,0.014999999999999994
gemini,order_reversed,reversed_04,HVAC,24,False,1.0,1.0,0.02583333333333333
gemini,order_reversed,reversed_05,HVAC,24,False,1.0,1.0,0.02583333333333333
gemini,extracted,,HVAC,25,False,1.0,1.0,0.028333333333333335
gemini,default_params,,HVAC,25,False,1.0,1.0,0.027499999999999997
gemini,extracted_per_run,shippedrun_01,HVAC,25,False,1.0,1.0,0.028333333333333335
gemini,extracted_per_run,shippedrun_02,HVAC,25,False,1.0,1.0,0.028333333333333335
gemini,extracted_per_run,shippedrun_03,HVAC,25,False,1.0,1.0,0.028333333333333335
gemini,extracted_per_run,shippedrun_04,HVAC,25,False,1.0,1.0,0.028333333333333335
gemini,extracted_per_run,shippedrun_05,HVAC,25,False,1.0,1.0,0.028333333333333335
gemini,order_control,control_01,HVAC,25,False,1.0,1.0,0.028333333333333335
gemini,order_control,control_02,HVAC,25,False,1.0,1.0,0.028333333333333335
gemini,order_control,control_03,HVAC,25,False,1.0,1.0,0.04833333333333332
gemini,order_reversed,reversed_01,HVAC,25,False,1.0,1.0,0.04833333333333332
gemini,order_reversed,reversed_02,HVAC,25,False,1.0,1.0,0.028333333333333335
gemini,order_reversed,reversed_03,HVAC,25,False,1.0,1.0,0.04833333333333332
gemini,order_reversed,reversed_04,HVAC,25,False,1.0,1.0,0.04833333333333332
gemini,order_reversed,reversed_05,HVAC,25,False,1.0,1.0,0.04833333333333332
gemini,extracted,,HVAC,26,False,1.0,1.0,0.02833333333333334
gemini,default_params,,HVAC,26,False,1.0,1.0,0.12583333333333335
gemini,extracted_per_run,shippedrun_01,HVAC,26,False,1.0,1.0,0.059166666666666666
gemini,extracted_per_run,shippedrun_02,HVAC,26,False,1.0,1.0,0.059166666666666666
gemini,extracted_per_run,shippedrun_03,HVAC,26,False,1.0,1.0,0.059166666666666666
gemini,extracted_per_run,shippedrun_04,HVAC,26,False,1.0,1.0,0.015000000000000013
gemini,extracted_per_run,shippedrun_05,HVAC,26,False,1.0,1.0,0.020000000000000018
gemini,order_control,control_01,HVAC,26,False,1.0,1.0,0.010000000000000009
gemini,order_control,control_02,HVAC,26,False,1.0,1.0,0.020000000000000018
gemini,order_control,control_03,HVAC,26,False,1.0,1.0,0.020000000000000018
gemini,order_reversed,reversed_01,HVAC,26,False,1.0,1.0,0.059166666666666666
gemini,order_reversed,reversed_02,HVAC,26,False,1.0,1.0,0.010000000000000009
gemini,order_reversed,reversed_03,HVAC,26,False,1.0,1.0,0.059166666666666666
gemini,order_reversed,reversed_04,HVAC,26,False,1.0,1.0,0.010000000000000009
gemini,order_reversed,reversed_05,HVAC,26,False,1.0,1.0,0.010000000000000009
gemini,extracted,,HVAC,27,False,1.0,1.0,0.14916666666666667
gemini,default_params,,HVAC,27,False,1.0,1.0,0.075
gemini,extracted_per_run,shippedrun_01,HVAC,27,False,1.0,1.0,0.14916666666666667
gemini,extracted_per_run,shippedrun_02,HVAC,27,False,1.0,1.0,0.14916666666666667
gemini,extracted_per_run,shippedrun_03,HVAC,27,False,1.0,1.0,0.14916666666666667
gemini,extracted_per_run,shippedrun_04,HVAC,27,False,1.0,1.0,0.14916666666666667
gemini,extracted_per_run,shippedrun_05,HVAC,27,False,1.0,1.0,0.14916666666666667
gemini,order_control,control_01,HVAC,27,False,1.0,1.0,0.14916666666666667
gemini,order_control,control_02,HVAC,27,False,1.0,1.0,0.14916666666666667
gemini,order_control,control_03,HVAC,27,False,1.0,1.0,0.14916666666666667
gemini,order_reversed,reversed_01,HVAC,27,False,1.0,1.0,0.14916666666666667
gemini,order_reversed,reversed_02,HVAC,27,False,1.0,1.0,0.14916666666666667
gemini,order_reversed,reversed_03,HVAC,27,False,1.0,1.0,0.14916666666666667
gemini,order_reversed,reversed_04,HVAC,27,False,1.0,1.0,0.14916666666666667
gemini,order_reversed,reversed_05,HVAC,27,False,1.0,1.0,0.14916666666666667
gemini,extracted,,HVAC,28,False,1.0,1.0,0.031666666666666655
gemini,default_params,,HVAC,28,False,1.0,1.0,0.17999999999999997
gemini,extracted_per_run,shippedrun_01,HVAC,28,False,0.33333333333333337,0.0,0.044999999999999984
gemini,extracted_per_run,shippedrun_02,HVAC,28,False,1.0,1.0,0.02499999999999999
gemini,extracted_per_run,shippedrun_03,HVAC,28,False,1.0,1.0,0.02499999999999999
gemini,extracted_per_run,shippedrun_04,HVAC,28,False,1.0,1.0,0.02499999999999999
gemini,extracted_per_run,shippedrun_05,HVAC,28,False,0.33333333333333337,0.0,0.044999999999999984
gemini,order_control,control_01,HVAC,28,False,1.0,1.0,0.02249999999999999
gemini,order_control,control_02,HVAC,28,False,1.0,1.0,0.02499999999999999
gemini,order_control,control_03,HVAC,28,False,1.0,1.0,0.02499999999999999
gemini,order_reversed,reversed_01,HVAC,28,False,1.0,1.0,0.02499999999999999
gemini,order_reversed,reversed_02,HVAC,28,False,1.0,1.0,0.02249999999999999
gemini,order_reversed,reversed_03,HVAC,28,False,1.0,1.0,0.02499999999999999
gemini,order_reversed,reversed_04,HVAC,28,False,1.0,1.0,0.02499999999999999
gemini,order_reversed,reversed_05,HVAC,28,False,0.33333333333333337,0.0,0.044999999999999984
gemini,extracted,,HVAC,29,False,1.0,1.0,0.01583333333333332
gemini,default_params,,HVAC,29,False,1.0,1.0,0.1525
gemini,extracted_per_run,shippedrun_01,HVAC,29,False,1.0,1.0,0.014999999999999986
gemini,extracted_per_run,shippedrun_02,HVAC,29,False,1.0,1.0,0.014999999999999986
gemini,extracted_per_run,shippedrun_03,HVAC,29,False,1.0,1.0,0.023333333333333317
gemini,extracted_per_run,shippedrun_04,HVAC,29,False,1.0,1.0,0.012499999999999983
gemini,extracted_per_run,shippedrun_05,HVAC,29,False,1.0,1.0,0.012499999999999983
gemini,order_control,control_01,HVAC,29,False,1.0,1.0,0.014999999999999986
gemini,order_control,control_02,HVAC,29,False,1.0,1.0,0.014999999999999986
gemini,order_control,control_03,HVAC,29,False,1.0,1.0,0.014999999999999986
gemini,order_reversed,reversed_01,HVAC,29,False,1.0,1.0,0.012499999999999983
gemini,order_reversed,reversed_02,HVAC,29,False,1.0,1.0,0.014999999999999986
gemini,order_reversed,reversed_03,HVAC,29,False,1.0,1.0,0.014999999999999986
gemini,order_reversed,reversed_04,HVAC,29,False,1.0,1.0,0.014999999999999986
gemini,order_reversed,reversed_05,HVAC,29,False,1.0,1.0,0.014999999999999986
gemini,extracted,,HVAC,30,False,1.0,1.0,0.00583333333333332
gemini,default_params,,HVAC,30,False,1.0,1.0,0.023333333333333317
gemini,extracted_per_run,shippedrun_01,HVAC,30,False,1.0,1.0,0.016666666666666646
gemini,extracted_per_run,shippedrun_02,HVAC,30,False,1.0,1.0,0.004166666666666652
gemini,extracted_per_run,shippedrun_03,HVAC,30,False,1.0,1.0,0.004166666666666652
gemini,extracted_per_run,shippedrun_04,HVAC,30,False,1.0,1.0,0.004166666666666652
gemini,extracted_per_run,shippedrun_05,HVAC,30,False,1.0,1.0,0.004166666666666652
gemini,order_control,control_01,HVAC,30,False,1.0,1.0,0.004166666666666652
gemini,order_control,control_02,HVAC,30,False,1.0,1.0,0.016666666666666646
gemini,order_control,control_03,HVAC,30,False,1.0,1.0,0.004166666666666652
gemini,order_reversed,reversed_01,HVAC,30,False,1.0,1.0,0.016666666666666646
gemini,order_reversed,reversed_02,HVAC,30,False,1.0,1.0,0.016666666666666646
gemini,order_reversed,reversed_03,HVAC,30,False,1.0,1.0,0.016666666666666646
gemini,order_reversed,reversed_04,HVAC,30,False,1.0,1.0,0.016666666666666646
gemini,order_reversed,reversed_05,HVAC,30,False,1.0,1.0,0.016666666666666646
gemini,extracted,,HVAC,31,False,1.0,1.0,0.019166666666666665
gemini,default_params,,HVAC,31,False,1.0,1.0,0.09750000000000002
gemini,extracted_per_run,shippedrun_01,HVAC,31,False,1.0,1.0,0.019166666666666665
gemini,extracted_per_run,shippedrun_02,HVAC,31,False,1.0,1.0,0.019166666666666665
gemini,extracted_per_run,shippedrun_03,HVAC,31,False,1.0,1.0,0.019166666666666665
gemini,extracted_per_run,shippedrun_04,HVAC,31,False,1.0,1.0,0.019166666666666665
gemini,extracted_per_run,shippedrun_05,HVAC,31,False,1.0,1.0,0.019166666666666665
gemini,order_control,control_01,HVAC,31,False,1.0,1.0,0.019166666666666665
gemini,order_control,control_02,HVAC,31,False,1.0,1.0,0.019166666666666665
gemini,order_control,control_03,HVAC,31,False,1.0,1.0,0.019166666666666665
gemini,order_reversed,reversed_01,HVAC,31,False,1.0,1.0,0.019166666666666665
gemini,order_reversed,reversed_02,HVAC,31,False,1.0,1.0,0.019166666666666665
gemini,order_reversed,reversed_03,HVAC,31,False,1.0,1.0,0.019166666666666665
gemini,order_reversed,reversed_04,HVAC,31,False,1.0,1.0,0.019166666666666665
gemini,order_reversed,reversed_05,HVAC,31,False,1.0,1.0,0.019166666666666665
gemini,extracted,,HVAC,32,False,0.33333333333333337,0.0,0.04833333333333334
gemini,default_params,,HVAC,32,False,1.0,1.0,0.15500000000000003
gemini,extracted_per_run,shippedrun_01,HVAC,32,False,1.0,1.0,0.06166666666666667
gemini,extracted_per_run,shippedrun_02,HVAC,32,False,1.0,1.0,0.06666666666666667
gemini,extracted_per_run,shippedrun_03,HVAC,32,False,1.0,1.0,0.022500000000000003
gemini,extracted_per_run,shippedrun_04,HVAC,32,False,1.0,1.0,0.07166666666666667
gemini,extracted_per_run,shippedrun_05,HVAC,32,False,1.0,1.0,0.06666666666666667
gemini,order_control,control_01,HVAC,32,False,1.0,1.0,0.022500000000000003
gemini,order_control,control_02,HVAC,32,False,1.0,1.0,0.07166666666666667
gemini,order_control,control_03,HVAC,32,False,1.0,1.0,0.10833333333333334
gemini,order_reversed,reversed_01,HVAC,32,False,1.0,1.0,0.07166666666666667
gemini,order_reversed,reversed_02,HVAC,32,False,1.0,1.0,0.07166666666666667
gemini,order_reversed,reversed_03,HVAC,32,False,1.0,1.0,0.07166666666666667
gemini,order_reversed,reversed_04,HVAC,32,False,1.0,1.0,0.07166666666666667
gemini,order_reversed,reversed_05,HVAC,32,False,1.0,1.0,0.07166666666666667
gemini,extracted,,HVAC,33,False,1.0,1.0,0.035833333333333314
gemini,default_params,,HVAC,33,False,1.0,1.0,0.035833333333333314
gemini,extracted_per_run,shippedrun_01,HVAC,33,False,1.0,1.0,0.015833333333333314
gemini,extracted_per_run,shippedrun_02,HVAC,33,False,1.0,1.0,0.06083333333333332
gemini,extracted_per_run,shippedrun_03,HVAC,33,False,1.0,1.0,0.017499999999999984
gemini,extracted_per_run,shippedrun_04,HVAC,33,False,1.0,1.0,0.017499999999999984
gemini,extracted_per_run,shippedrun_05,HVAC,33,False,1.0,1.0,0.08499999999999996
gemini,order_control,control_01,HVAC,33,False,1.0,1.0,0.025833333333333316
gemini,order_control,control_02,HVAC,33,False,1.0,1.0,0.017499999999999984
gemini,order_control,control_03,HVAC,33,False,1.0,1.0,0.06083333333333332
gemini,order_reversed,reversed_01,HVAC,33,False,1.0,1.0,0.017499999999999984
gemini,order_reversed,reversed_02,HVAC,33,False,1.0,1.0,0.005833333333333325
gemini,order_reversed,reversed_03,HVAC,33,False,1.0,1.0,0.08499999999999996
gemini,order_reversed,reversed_04,HVAC,33,False,1.0,1.0,0.08499999999999996
gemini,order_reversed,reversed_05,HVAC,33,False,1.0,1.0,0.017499999999999984
gemini,extracted,,HVAC,34,False,1.0,1.0,0.07666666666666665
gemini,default_params,,HVAC,34,False,1.0,1.0,0.04166666666666664
gemini,extracted_per_run,shippedrun_01,HVAC,34,False,1.0,1.0,0.07499999999999998
gemini,extracted_per_run,shippedrun_02,HVAC,34,False,1.0,1.0,0.07499999999999998
gemini,extracted_per_run,shippedrun_03,HVAC,34,False,1.0,1.0,0.08249999999999998
gemini,extracted_per_run,shippedrun_04,HVAC,34,False,1.0,1.0,0.07499999999999998
gemini,extracted_per_run,shippedrun_05,HVAC,34,False,1.0,1.0,0.07499999999999998
gemini,order_control,control_01,HVAC,34,False,1.0,1.0,0.07499999999999998
gemini,order_control,control_02,HVAC,34,False,1.0,1.0,0.08249999999999998
gemini,order_control,control_03,HVAC,34,False,1.0,1.0,0.08249999999999998
gemini,order_reversed,reversed_01,HVAC,34,False,1.0,1.0,0.07499999999999998
gemini,order_reversed,reversed_02,HVAC,34,False,1.0,1.0,0.07499999999999998
gemini,order_reversed,reversed_03,HVAC,34,False,1.0,1.0,0.07499999999999998
gemini,order_reversed,reversed_04,HVAC,34,False,1.0,1.0,0.07499999999999998
gemini,order_reversed,reversed_05,HVAC,34,False,1.0,1.0,0.07499999999999998
gemini,extracted,,HVAC,35,False,1.0,1.0,0.19916666666666663
gemini,default_params,,HVAC,35,False,1.0,1.0,0.16666666666666666
gemini,extracted_per_run,shippedrun_01,HVAC,35,False,1.0,1.0,0.19916666666666663
gemini,extracted_per_run,shippedrun_02,HVAC,35,False,1.0,1.0,0.19916666666666663
gemini,extracted_per_run,shippedrun_03,HVAC,35,False,1.0,1.0,0.19916666666666663
gemini,extracted_per_run,shippedrun_04,HVAC,35,False,1.0,1.0,0.18166666666666667
gemini,extracted_per_run,shippedrun_05,HVAC,35,False,1.0,1.0,0.18166666666666667
gemini,order_control,control_01,HVAC,35,False,1.0,1.0,0.18166666666666667
gemini,order_control,control_02,HVAC,35,False,1.0,1.0,0.031666666666666676
gemini,order_control,control_03,HVAC,35,False,1.0,1.0,0.18166666666666667
gemini,order_reversed,reversed_01,HVAC,35,False,1.0,1.0,0.11666666666666665
gemini,order_reversed,reversed_02,HVAC,35,False,1.0,1.0,0.10833333333333332
gemini,order_reversed,reversed_03,HVAC,35,False,1.0,1.0,0.01333333333333333
gemini,order_reversed,reversed_04,HVAC,35,False,1.0,1.0,0.023333333333333334
gemini,order_reversed,reversed_05,HVAC,35,False,1.0,1.0,0.02166666666666667
gemini,extracted,,HVAC,36,False,1.0,1.0,0.001666666666666668
gemini,default_params,,HVAC,36,False,1.0,1.0,0.015000000000000005
gemini,extracted_per_run,shippedrun_01,HVAC,36,False,1.0,1.0,0.001666666666666668
gemini,extracted_per_run,shippedrun_02,HVAC,36,False,1.0,1.0,0.001666666666666668
gemini,extracted_per_run,shippedrun_03,HVAC,36,False,1.0,1.0,0.001666666666666668
gemini,extracted_per_run,shippedrun_04,HVAC,36,False,1.0,1.0,0.001666666666666668
gemini,extracted_per_run,shippedrun_05,HVAC,36,False,1.0,1.0,0.001666666666666668
gemini,order_control,control_01,HVAC,36,False,1.0,1.0,0.001666666666666668
gemini,order_control,control_02,HVAC,36,False,1.0,1.0,0.001666666666666668
gemini,order_control,control_03,HVAC,36,False,1.0,1.0,0.001666666666666668
gemini,order_reversed,reversed_01,HVAC,36,False,1.0,1.0,0.001666666666666668
gemini,order_reversed,reversed_02,HVAC,36,False,1.0,1.0,0.001666666666666668
gemini,order_reversed,reversed_03,HVAC,36,False,1.0,1.0,0.001666666666666668
gemini,order_reversed,reversed_04,HVAC,36,False,1.0,1.0,0.001666666666666668
gemini,order_reversed,reversed_05,HVAC,36,False,1.0,1.0,0.001666666666666668
gemini,extracted,,HVAC,37,False,1.0,1.0,0.0
gemini,default_params,,HVAC,37,False,1.0,1.0,0.043333333333333356
gemini,extracted_per_run,shippedrun_01,HVAC,37,False,1.0,1.0,0.0
gemini,extracted_per_run,shippedrun_02,HVAC,37,False,1.0,1.0,0.0
gemini,extracted_per_run,shippedrun_03,HVAC,37,False,1.0,1.0,0.0
gemini,extracted_per_run,shippedrun_04,HVAC,37,False,1.0,1.0,0.0
gemini,extracted_per_run,shippedrun_05,HVAC,37,False,1.0,1.0,0.0
gemini,order_control,control_01,HVAC,37,False,1.0,1.0,0.0
gemini,order_control,control_02,HVAC,37,False,1.0,1.0,0.0
gemini,order_control,control_03,HVAC,37,False,1.0,1.0,0.0
gemini,order_reversed,reversed_01,HVAC,37,False,1.0,1.0,0.0
gemini,order_reversed,reversed_02,HVAC,37,False,1.0,1.0,0.0
gemini,order_reversed,reversed_03,HVAC,37,False,1.0,1.0,0.0
gemini,order_reversed,reversed_04,HVAC,37,False,1.0,1.0,0.0
gemini,order_reversed,reversed_05,HVAC,37,False,1.0,1.0,0.0
gemini,extracted,,HVAC,38,False,1.0,1.0,0.0025000000000000022
gemini,default_params,,HVAC,38,False,0.33333333333333337,1.0,0.009166666666666675
gemini,extracted_per_run,shippedrun_01,HVAC,38,False,1.0,1.0,0.0025000000000000022
gemini,extracted_per_run,shippedrun_02,HVAC,38,False,1.0,1.0,0.0025000000000000022
gemini,extracted_per_run,shippedrun_03,HVAC,38,False,1.0,1.0,0.0025000000000000022
gemini,extracted_per_run,shippedrun_04,HVAC,38,False,1.0,1.0,0.0025000000000000022
gemini,extracted_per_run,shippedrun_05,HVAC,38,False,1.0,1.0,0.0025000000000000022
gemini,order_control,control_01,HVAC,38,False,1.0,1.0,0.0025000000000000022
gemini,order_control,control_02,HVAC,38,False,1.0,1.0,0.0025000000000000022
gemini,order_control,control_03,HVAC,38,False,1.0,1.0,0.0025000000000000022
gemini,order_reversed,reversed_01,HVAC,38,False,1.0,1.0,0.0025000000000000022
gemini,order_reversed,reversed_02,HVAC,38,False,1.0,1.0,0.0025000000000000022
gemini,order_reversed,reversed_03,HVAC,38,False,1.0,1.0,0.0025000000000000022
gemini,order_reversed,reversed_04,HVAC,38,False,1.0,1.0,0.0025000000000000022
gemini,order_reversed,reversed_05,HVAC,38,False,1.0,1.0,0.0025000000000000022
gemini,extracted,,HVAC,39,False,1.0,1.0,0.029166666666666674
gemini,default_params,,HVAC,39,False,0.33333333333333337,1.0,0.025833333333333337
gemini,extracted_per_run,shippedrun_01,HVAC,39,False,1.0,1.0,0.029166666666666674
gemini,extracted_per_run,shippedrun_02,HVAC,39,False,1.0,1.0,0.029166666666666674
gemini,extracted_per_run,shippedrun_03,HVAC,39,False,1.0,1.0,0.026666666666666672
gemini,extracted_per_run,shippedrun_04,HVAC,39,False,1.0,1.0,0.026666666666666672
gemini,extracted_per_run,shippedrun_05,HVAC,39,False,1.0,1.0,0.029166666666666674
gemini,order_control,control_01,HVAC,39,False,1.0,1.0,0.029166666666666674
gemini,order_control,control_02,HVAC,39,False,1.0,1.0,0.029166666666666674
gemini,order_control,control_03,HVAC,39,False,1.0,1.0,0.029166666666666674
gemini,order_reversed,reversed_01,HVAC,39,False,1.0,1.0,0.029166666666666674
gemini,order_reversed,reversed_02,HVAC,39,False,1.0,1.0,0.026666666666666672
gemini,order_reversed,reversed_03,HVAC,39,False,1.0,1.0,0.029166666666666674
gemini,order_reversed,reversed_04,HVAC,39,False,1.0,1.0,0.029166666666666674
gemini,order_reversed,reversed_05,HVAC,39,False,1.0,1.0,0.026666666666666672
gemini,extracted,,HVAC,40,False,1.0,1.0,0.006666666666666672
gemini,default_params,,HVAC,40,False,1.0,1.0,0.0
gemini,extracted_per_run,shippedrun_01,HVAC,40,False,1.0,1.0,0.006666666666666672
gemini,extracted_per_run,shippedrun_02,HVAC,40,False,1.0,1.0,0.006666666666666672
gemini,extracted_per_run,shippedrun_03,HVAC,40,False,1.0,1.0,0.006666666666666672
gemini,extracted_per_run,shippedrun_04,HVAC,40,False,1.0,1.0,0.006666666666666672
gemini,extracted_per_run,shippedrun_05,HVAC,40,False,1.0,1.0,0.006666666666666672
gemini,order_control,control_01,HVAC,40,False,1.0,1.0,0.006666666666666672
gemini,order_control,control_02,HVAC,40,False,1.0,1.0,0.00416666666666667
gemini,order_control,control_03,HVAC,40,False,1.0,1.0,0.006666666666666672
gemini,order_reversed,reversed_01,HVAC,40,False,1.0,1.0,0.00416666666666667
gemini,order_reversed,reversed_02,HVAC,40,False,1.0,1.0,0.00416666666666667
gemini,order_reversed,reversed_03,HVAC,40,False,1.0,1.0,0.00416666666666667
gemini,order_reversed,reversed_04,HVAC,40,False,1.0,1.0,0.00416666666666667
gemini,order_reversed,reversed_05,HVAC,40,False,1.0,1.0,0.00416666666666667
gemini,extracted,,HVAC,41,False,1.0,1.0,0.0
gemini,default_params,,HVAC,41,False,1.0,1.0,0.005833333333333334
gemini,extracted_per_run,shippedrun_01,HVAC,41,False,1.0,1.0,0.0
gemini,extracted_per_run,shippedrun_02,HVAC,41,False,1.0,1.0,0.0
gemini,extracted_per_run,shippedrun_03,HVAC,41,False,1.0,1.0,0.0
gemini,extracted_per_run,shippedrun_04,HVAC,41,False,1.0,1.0,0.0
gemini,extracted_per_run,shippedrun_05,HVAC,41,False,1.0,1.0,0.0
gemini,order_control,control_01,HVAC,41,False,1.0,1.0,0.0
gemini,order_control,control_02,HVAC,41,False,1.0,1.0,0.0
gemini,order_control,control_03,HVAC,41,False,1.0,1.0,0.0
gemini,order_reversed,reversed_01,HVAC,41,False,1.0,1.0,0.01833333333333333
gemini,order_reversed,reversed_02,HVAC,41,False,1.0,1.0,0.01833333333333333
gemini,order_reversed,reversed_03,HVAC,41,False,1.0,1.0,0.01833333333333333
gemini,order_reversed,reversed_04,HVAC,41,False,1.0,1.0,0.0
gemini,order_reversed,reversed_05,HVAC,41,False,1.0,1.0,0.01833333333333333
gemini,extracted,,HVAC,42,False,1.0,1.0,0.015000000000000013
gemini,default_params,,HVAC,42,False,1.0,1.0,0.17416666666666666
gemini,extracted_per_run,shippedrun_01,HVAC,42,False,1.0,1.0,0.015000000000000013
gemini,extracted_per_run,shippedrun_02,HVAC,42,False,1.0,1.0,0.015000000000000013
gemini,extracted_per_run,shippedrun_03,HVAC,42,False,1.0,1.0,0.015000000000000013
gemini,extracted_per_run,shippedrun_04,HVAC,42,False,1.0,1.0,0.015000000000000013
gemini,extracted_per_run,shippedrun_05,HVAC,42,False,1.0,1.0,0.012500000000000011
gemini,order_control,control_01,HVAC,42,False,1.0,1.0,0.015000000000000013
gemini,order_control,control_02,HVAC,42,False,1.0,1.0,0.015000000000000013
gemini,order_control,control_03,HVAC,42,False,1.0,1.0,0.015000000000000013
gemini,order_reversed,reversed_01,HVAC,42,False,1.0,1.0,0.015000000000000013
gemini,order_reversed,reversed_02,HVAC,42,False,1.0,1.0,0.012500000000000011
gemini,order_reversed,reversed_03,HVAC,42,False,1.0,1.0,0.015000000000000013
gemini,order_reversed,reversed_04,HVAC,42,False,1.0,1.0,0.015000000000000013
gemini,order_reversed,reversed_05,HVAC,42,False,1.0,1.0,0.015000000000000013
gemini,extracted,,HVAC,43,False,0.33333333333333337,0.0,0.01416666666666667
gemini,default_params,,HVAC,43,False,1.0,1.0,0.032499999999999994
gemini,extracted_per_run,shippedrun_01,HVAC,43,False,0.33333333333333337,0.0,0.017499999999999998
gemini,extracted_per_run,shippedrun_02,HVAC,43,False,0.33333333333333337,0.0,0.017499999999999998
gemini,extracted_per_run,shippedrun_03,HVAC,43,False,0.33333333333333337,0.0,0.017499999999999998
gemini,extracted_per_run,shippedrun_04,HVAC,43,False,0.33333333333333337,0.0,0.00833333333333334
gemini,extracted_per_run,shippedrun_05,HVAC,43,False,0.33333333333333337,0.0,0.00833333333333334
gemini,order_control,control_01,HVAC,43,False,0.33333333333333337,0.0,0.010833333333333334
gemini,order_control,control_02,HVAC,43,False,0.33333333333333337,0.0,0.00833333333333334
gemini,order_control,control_03,HVAC,43,False,0.33333333333333337,0.0,0.00833333333333334
gemini,order_reversed,reversed_01,HVAC,43,False,0.33333333333333337,0.0,0.00833333333333334
gemini,order_reversed,reversed_02,HVAC,43,False,0.33333333333333337,0.0,0.00833333333333334
gemini,order_reversed,reversed_03,HVAC,43,False,0.33333333333333337,0.0,0.00833333333333334
gemini,order_reversed,reversed_04,HVAC,43,False,0.33333333333333337,0.0,0.00833333333333334
gemini,order_reversed,reversed_05,HVAC,43,False,0.33333333333333337,0.0,0.00833333333333334
gemini,extracted,,HVAC,44,False,1.0,1.0,0.010833333333333342
gemini,default_params,,HVAC,44,False,0.33333333333333337,0.0,0.055000000000000014
gemini,extracted_per_run,shippedrun_01,HVAC,44,False,1.0,1.0,0.010833333333333342
gemini,extracted_per_run,shippedrun_02,HVAC,44,False,1.0,1.0,0.010833333333333342
gemini,extracted_per_run,shippedrun_03,HVAC,44,False,1.0,1.0,0.003333333333333336
gemini,extracted_per_run,shippedrun_04,HVAC,44,False,1.0,1.0,0.010833333333333342
gemini,extracted_per_run,shippedrun_05,HVAC,44,False,1.0,1.0,0.010833333333333342
gemini,order_control,control_01,HVAC,44,False,1.0,1.0,0.010833333333333342
gemini,order_control,control_02,HVAC,44,False,1.0,1.0,0.010833333333333342
gemini,order_control,control_03,HVAC,44,False,1.0,1.0,0.010833333333333342
gemini,order_reversed,reversed_01,HVAC,44,False,1.0,1.0,0.010833333333333342
gemini,order_reversed,reversed_02,HVAC,44,False,1.0,1.0,0.010833333333333342
gemini,order_reversed,reversed_03,HVAC,44,False,1.0,1.0,0.010833333333333342
gemini,order_reversed,reversed_04,HVAC,44,False,1.0,1.0,0.010833333333333342
gemini,order_reversed,reversed_05,HVAC,44,False,1.0,1.0,0.010833333333333342
gemini,extracted,,HVAC,45,False,1.0,1.0,0.03
gemini,default_params,,HVAC,45,False,1.0,1.0,0.17750000000000002
gemini,extracted_per_run,shippedrun_01,HVAC,45,False,1.0,1.0,0.03
gemini,extracted_per_run,shippedrun_02,HVAC,45,False,1.0,1.0,0.03
gemini,extracted_per_run,shippedrun_03,HVAC,45,False,1.0,1.0,0.03
gemini,extracted_per_run,shippedrun_04,HVAC,45,False,1.0,1.0,0.03
gemini,extracted_per_run,shippedrun_05,HVAC,45,False,1.0,1.0,0.03
gemini,order_control,control_01,HVAC,45,False,1.0,1.0,0.03
gemini,order_control,control_02,HVAC,45,False,1.0,1.0,0.03
gemini,order_control,control_03,HVAC,45,False,1.0,1.0,0.03
gemini,order_reversed,reversed_01,HVAC,45,False,1.0,1.0,0.03
gemini,order_reversed,reversed_02,HVAC,45,False,1.0,1.0,0.03
gemini,order_reversed,reversed_03,HVAC,45,False,1.0,1.0,0.03
gemini,order_reversed,reversed_04,HVAC,45,False,1.0,1.0,0.03
gemini,order_reversed,reversed_05,HVAC,45,False,1.0,1.0,0.03
gemini,extracted,,HVAC,46,False,1.0,1.0,0.02166666666666665
gemini,default_params,,HVAC,46,False,0.33333333333333337,1.0,0.13499999999999998
gemini,extracted_per_run,shippedrun_01,HVAC,46,False,1.0,1.0,0.02166666666666665
gemini,extracted_per_run,shippedrun_02,HVAC,46,False,1.0,1.0,0.02166666666666665
gemini,extracted_per_run,shippedrun_03,HVAC,46,False,1.0,1.0,0.02166666666666665
gemini,extracted_per_run,shippedrun_04,HVAC,46,False,1.0,1.0,0.02166666666666665
gemini,extracted_per_run,shippedrun_05,HVAC,46,False,1.0,1.0,0.02166666666666665
gemini,order_control,control_01,HVAC,46,False,1.0,1.0,0.02166666666666665
gemini,order_control,control_02,HVAC,46,False,1.0,1.0,0.02166666666666665
gemini,order_control,control_03,HVAC,46,False,1.0,1.0,0.02166666666666665
gemini,order_reversed,reversed_01,HVAC,46,False,1.0,1.0,0.02166666666666665
gemini,order_reversed,reversed_02,HVAC,46,False,1.0,1.0,0.02166666666666665
gemini,order_reversed,reversed_03,HVAC,46,False,1.0,1.0,0.02166666666666665
gemini,order_reversed,reversed_04,HVAC,46,False,1.0,1.0,0.02166666666666665
gemini,order_reversed,reversed_05,HVAC,46,False,1.0,1.0,0.02166666666666665
gemini,extracted,,HVAC,47,False,1.0,1.0,0.01666666666666668
gemini,default_params,,HVAC,47,False,1.0,1.0,0.059166666666666666
gemini,extracted_per_run,shippedrun_01,HVAC,47,False,1.0,1.0,0.01666666666666668
gemini,extracted_per_run,shippedrun_02,HVAC,47,False,1.0,1.0,0.01666666666666668
gemini,extracted_per_run,shippedrun_03,HVAC,47,False,1.0,1.0,0.01666666666666668
gemini,extracted_per_run,shippedrun_04,HVAC,47,False,1.0,1.0,0.01666666666666668
gemini,extracted_per_run,shippedrun_05,HVAC,47,False,1.0,1.0,0.01666666666666668
gemini,order_control,control_01,HVAC,47,False,1.0,1.0,0.01666666666666668
gemini,order_control,control_02,HVAC,47,False,1.0,1.0,0.01666666666666668
gemini,order_control,control_03,HVAC,47,False,1.0,1.0,0.01666666666666668
gemini,order_reversed,reversed_01,HVAC,47,False,1.0,1.0,0.01666666666666668
gemini,order_reversed,reversed_02,HVAC,47,False,1.0,1.0,0.01666666666666668
gemini,order_reversed,reversed_03,HVAC,47,False,1.0,1.0,0.01666666666666668
gemini,order_reversed,reversed_04,HVAC,47,False,1.0,1.0,0.01666666666666668
gemini,order_reversed,reversed_05,HVAC,47,False,1.0,1.0,0.01666666666666668
gemini,extracted,,HVAC,48,False,1.0,1.0,0.07916666666666668
gemini,default_params,,HVAC,48,False,1.0,1.0,0.18083333333333332
gemini,extracted_per_run,shippedrun_01,HVAC,48,False,1.0,1.0,0.07916666666666668
gemini,extracted_per_run,shippedrun_02,HVAC,48,False,1.0,1.0,0.07916666666666668
gemini,extracted_per_run,shippedrun_03,HVAC,48,False,1.0,1.0,0.07916666666666668
gemini,extracted_per_run,shippedrun_04,HVAC,48,False,1.0,1.0,0.07916666666666668
gemini,extracted_per_run,shippedrun_05,HVAC,48,False,1.0,1.0,0.07916666666666668
gemini,order_control,control_01,HVAC,48,False,1.0,1.0,0.07916666666666668
gemini,order_control,control_02,HVAC,48,False,1.0,1.0,0.07916666666666668
gemini,order_control,control_03,HVAC,48,False,1.0,1.0,0.07916666666666668
gemini,order_reversed,reversed_01,HVAC,48,False,1.0,1.0,0.07916666666666668
gemini,order_reversed,reversed_02,HVAC,48,False,1.0,1.0,0.07916666666666668
gemini,order_reversed,reversed_03,HVAC,48,False,1.0,1.0,0.07916666666666668
gemini,order_reversed,reversed_04,HVAC,48,False,1.0,1.0,0.07916666666666668
gemini,order_reversed,reversed_05,HVAC,48,False,1.0,1.0,0.07916666666666668
gemini,extracted,,HVAC,49,False,1.0,1.0,0.02583333333333332
gemini,default_params,,HVAC,49,False,1.0,1.0,0.1433333333333333
gemini,extracted_per_run,shippedrun_01,HVAC,49,False,1.0,1.0,0.02583333333333332
gemini,extracted_per_run,shippedrun_02,HVAC,49,False,1.0,1.0,0.02583333333333332
gemini,extracted_per_run,shippedrun_03,HVAC,49,False,1.0,1.0,0.02583333333333332
gemini,extracted_per_run,shippedrun_04,HVAC,49,False,1.0,1.0,0.02583333333333332
gemini,extracted_per_run,shippedrun_05,HVAC,49,False,1.0,1.0,0.02583333333333332
gemini,order_control,control_01,HVAC,49,False,1.0,1.0,0.02583333333333332
gemini,order_control,control_02,HVAC,49,False,1.0,1.0,0.02583333333333332
gemini,order_control,control_03,HVAC,49,False,1.0,1.0,0.02583333333333332
gemini,order_reversed,reversed_01,HVAC,49,False,1.0,1.0,0.02583333333333332
gemini,order_reversed,reversed_02,HVAC,49,False,1.0,1.0,0.02583333333333332
gemini,order_reversed,reversed_03,HVAC,49,False,1.0,1.0,0.02583333333333332
gemini,order_reversed,reversed_04,HVAC,49,False,1.0,1.0,0.02583333333333332
gemini,order_reversed,reversed_05,HVAC,49,False,1.0,1.0,0.02583333333333332
gemini,extracted,,HVAC,50,False,1.0,1.0,0.02499999999999998
gemini,default_params,,HVAC,50,False,1.0,1.0,0.047499999999999966
gemini,extracted_per_run,shippedrun_01,HVAC,50,False,1.0,1.0,0.034999999999999976
gemini,extracted_per_run,shippedrun_02,HVAC,50,False,1.0,1.0,0.034999999999999976
gemini,extracted_per_run,shippedrun_03,HVAC,50,False,1.0,1.0,0.004999999999999977
gemini,extracted_per_run,shippedrun_04,HVAC,50,False,1.0,1.0,0.035
gemini,extracted_per_run,shippedrun_05,HVAC,50,False,1.0,1.0,0.035
gemini,order_control,control_01,HVAC,50,False,1.0,1.0,0.034999999999999976
gemini,order_control,control_02,HVAC,50,False,1.0,1.0,0.034999999999999976
gemini,order_control,control_03,HVAC,50,False,1.0,1.0,0.035
gemini,order_reversed,reversed_01,HVAC,50,False,1.0,1.0,0.034999999999999976
gemini,order_reversed,reversed_02,HVAC,50,False,1.0,1.0,0.04749999999999998
gemini,order_reversed,reversed_03,HVAC,50,False,1.0,1.0,0.034999999999999976
gemini,order_reversed,reversed_04,HVAC,50,False,1.0,1.0,0.1125
gemini,order_reversed,reversed_05,HVAC,50,False,1.0,1.0,0.04749999999999998
gemini,extracted,,HVAC,51,False,1.0,1.0,0.03999999999999999
gemini,default_params,,HVAC,51,False,0.33333333333333337,0.0,0.17666666666666664
gemini,extracted_per_run,shippedrun_01,HVAC,51,False,1.0,1.0,0.03833333333333334
gemini,extracted_per_run,shippedrun_02,HVAC,51,False,1.0,1.0,0.03999999999999999
gemini,extracted_per_run,shippedrun_03,HVAC,51,False,1.0,1.0,0.03999999999999999
gemini,extracted_per_run,shippedrun_04,HVAC,51,False,1.0,1.0,0.03833333333333334
gemini,extracted_per_run,shippedrun_05,HVAC,51,False,1.0,1.0,0.043333333333333314
gemini,order_control,control_01,HVAC,51,False,1.0,1.0,0.03999999999999999
gemini,order_control,control_02,HVAC,51,False,1.0,1.0,0.03999999999999999
gemini,order_control,control_03,HVAC,51,False,1.0,1.0,0.03999999999999999
gemini,order_reversed,reversed_01,HVAC,51,False,1.0,1.0,0.03833333333333334
gemini,order_reversed,reversed_02,HVAC,51,False,1.0,1.0,0.043333333333333314
gemini,order_reversed,reversed_03,HVAC,51,False,1.0,1.0,0.03833333333333334
gemini,order_reversed,reversed_04,HVAC,51,False,1.0,1.0,0.03833333333333334
gemini,order_reversed,reversed_05,HVAC,51,False,1.0,1.0,0.03999999999999999
gemini,extracted,,HVAC,52,False,1.0,1.0,0.010000000000000009
gemini,default_params,,HVAC,52,False,1.0,1.0,0.015000000000000013
gemini,extracted_per_run,shippedrun_01,HVAC,52,False,1.0,1.0,0.010000000000000009
gemini,extracted_per_run,shippedrun_02,HVAC,52,False,1.0,1.0,0.010000000000000009
gemini,extracted_per_run,shippedrun_03,HVAC,52,False,1.0,1.0,0.010000000000000009
gemini,extracted_per_run,shippedrun_04,HVAC,52,False,1.0,1.0,0.010000000000000009
gemini,extracted_per_run,shippedrun_05,HVAC,52,False,1.0,1.0,0.010000000000000009
gemini,order_control,control_01,HVAC,52,False,1.0,1.0,0.010000000000000009
gemini,order_control,control_02,HVAC,52,False,1.0,1.0,0.010000000000000009
gemini,order_control,control_03,HVAC,52,False,1.0,1.0,0.010000000000000009
gemini,order_reversed,reversed_01,HVAC,52,False,1.0,1.0,0.010000000000000009
gemini,order_reversed,reversed_02,HVAC,52,False,1.0,1.0,0.010000000000000009
gemini,order_reversed,reversed_03,HVAC,52,False,1.0,1.0,0.010000000000000009
gemini,order_reversed,reversed_04,HVAC,52,False,1.0,1.0,0.010000000000000009
gemini,order_reversed,reversed_05,HVAC,52,False,1.0,1.0,0.010000000000000009
gemini,extracted,,HVAC,53,False,1.0,1.0,0.02999999999999998
gemini,default_params,,HVAC,53,False,1.0,1.0,0.029166666666666646
gemini,extracted_per_run,shippedrun_01,HVAC,53,False,1.0,1.0,0.02999999999999998
gemini,extracted_per_run,shippedrun_02,HVAC,53,False,1.0,1.0,0.02999999999999998
gemini,extracted_per_run,shippedrun_03,HVAC,53,False,1.0,1.0,0.02999999999999998
gemini,extracted_per_run,shippedrun_04,HVAC,53,False,1.0,1.0,0.02999999999999998
gemini,extracted_per_run,shippedrun_05,HVAC,53,False,1.0,1.0,0.02999999999999998
gemini,order_control,control_01,HVAC,53,False,1.0,1.0,0.02999999999999998
gemini,order_control,control_02,HVAC,53,False,1.0,1.0,0.02999999999999998
gemini,order_control,control_03,HVAC,53,False,1.0,1.0,0.02999999999999998
gemini,order_reversed,reversed_01,HVAC,53,False,1.0,1.0,0.02999999999999998
gemini,order_reversed,reversed_02,HVAC,53,False,1.0,1.0,0.02999999999999998
gemini,order_reversed,reversed_03,HVAC,53,False,1.0,1.0,0.02999999999999998
gemini,order_reversed,reversed_04,HVAC,53,False,1.0,1.0,0.02999999999999998
gemini,order_reversed,reversed_05,HVAC,53,False,1.0,1.0,0.02999999999999998
gemini,extracted,,HVAC,54,False,1.0,1.0,0.003333333333333336
gemini,default_params,,HVAC,54,False,1.0,1.0,0.007500000000000007
gemini,extracted_per_run,shippedrun_01,HVAC,54,False,1.0,1.0,0.003333333333333336
gemini,extracted_per_run,shippedrun_02,HVAC,54,False,1.0,1.0,0.003333333333333336
gemini,extracted_per_run,shippedrun_03,HVAC,54,False,1.0,1.0,0.003333333333333336
gemini,extracted_per_run,shippedrun_04,HVAC,54,False,1.0,1.0,0.003333333333333336
gemini,extracted_per_run,shippedrun_05,HVAC,54,False,1.0,1.0,0.003333333333333336
gemini,order_control,control_01,HVAC,54,False,1.0,1.0,0.003333333333333336
gemini,order_control,control_02,HVAC,54,False,1.0,1.0,0.003333333333333336
gemini,order_control,control_03,HVAC,54,False,1.0,1.0,0.003333333333333336
gemini,order_reversed,reversed_01,HVAC,54,False,1.0,1.0,0.003333333333333336
gemini,order_reversed,reversed_02,HVAC,54,False,1.0,1.0,0.003333333333333336
gemini,order_reversed,reversed_03,HVAC,54,False,1.0,1.0,0.003333333333333336
gemini,order_reversed,reversed_04,HVAC,54,False,1.0,1.0,0.003333333333333336
gemini,order_reversed,reversed_05,HVAC,54,False,1.0,1.0,0.003333333333333336
gemini,extracted,,HVAC,55,False,1.0,1.0,0.029166666666666664
gemini,default_params,,HVAC,55,False,1.0,1.0,0.04833333333333334
gemini,extracted_per_run,shippedrun_01,HVAC,55,False,1.0,1.0,0.029166666666666664
gemini,extracted_per_run,shippedrun_02,HVAC,55,False,1.0,1.0,0.029166666666666664
gemini,extracted_per_run,shippedrun_03,HVAC,55,False,1.0,1.0,0.029166666666666664
gemini,extracted_per_run,shippedrun_04,HVAC,55,False,1.0,1.0,0.029166666666666664
gemini,extracted_per_run,shippedrun_05,HVAC,55,False,1.0,1.0,0.029166666666666664
gemini,order_control,control_01,HVAC,55,False,1.0,1.0,0.029166666666666664
gemini,order_control,control_02,HVAC,55,False,1.0,1.0,0.027499999999999997
gemini,order_control,control_03,HVAC,55,False,1.0,1.0,0.029166666666666664
gemini,order_reversed,reversed_01,HVAC,55,False,1.0,1.0,0.029166666666666664
gemini,order_reversed,reversed_02,HVAC,55,False,1.0,1.0,0.027499999999999997
gemini,order_reversed,reversed_03,HVAC,55,False,1.0,1.0,0.029166666666666664
gemini,order_reversed,reversed_04,HVAC,55,False,1.0,1.0,0.029166666666666664
gemini,order_reversed,reversed_05,HVAC,55,False,1.0,1.0,0.029166666666666664
gemini,extracted,,HVAC,56,False,0.33333333333333337,0.0,0.026666666666666682
gemini,default_params,,HVAC,56,False,0.33333333333333337,0.0,0.03250000000000002
gemini,extracted_per_run,shippedrun_01,HVAC,56,False,0.33333333333333337,0.0,0.026666666666666682
gemini,extracted_per_run,shippedrun_02,HVAC,56,False,0.33333333333333337,0.0,0.026666666666666682
gemini,extracted_per_run,shippedrun_03,HVAC,56,False,0.33333333333333337,0.0,0.03166666666666668
gemini,extracted_per_run,shippedrun_04,HVAC,56,False,0.33333333333333337,0.0,0.026666666666666682
gemini,extracted_per_run,shippedrun_05,HVAC,56,False,0.33333333333333337,0.0,0.026666666666666682
gemini,order_control,control_01,HVAC,56,False,0.33333333333333337,0.0,0.026666666666666682
gemini,order_control,control_02,HVAC,56,False,0.33333333333333337,0.0,0.026666666666666682
gemini,order_control,control_03,HVAC,56,False,0.33333333333333337,0.0,0.026666666666666682
gemini,order_reversed,reversed_01,HVAC,56,False,0.33333333333333337,0.0,0.026666666666666682
gemini,order_reversed,reversed_02,HVAC,56,False,0.33333333333333337,0.0,0.026666666666666682
gemini,order_reversed,reversed_03,HVAC,56,False,0.33333333333333337,0.0,0.026666666666666682
gemini,order_reversed,reversed_04,HVAC,56,False,0.33333333333333337,0.0,0.026666666666666682
gemini,order_reversed,reversed_05,HVAC,56,False,0.33333333333333337,0.0,0.026666666666666682
gemini,extracted,,HVAC,57,False,1.0,1.0,0.056666666666666664
gemini,default_params,,HVAC,57,False,1.0,1.0,0.11083333333333334
gemini,extracted_per_run,shippedrun_01,HVAC,57,False,1.0,1.0,0.056666666666666664
gemini,extracted_per_run,shippedrun_02,HVAC,57,False,1.0,1.0,0.056666666666666664
gemini,extracted_per_run,shippedrun_03,HVAC,57,False,1.0,1.0,0.056666666666666664
gemini,extracted_per_run,shippedrun_04,HVAC,57,False,1.0,1.0,0.056666666666666664
gemini,extracted_per_run,shippedrun_05,HVAC,57,False,1.0,1.0,0.056666666666666664
gemini,order_control,control_01,HVAC,57,False,1.0,1.0,0.056666666666666664
gemini,order_control,control_02,HVAC,57,False,1.0,1.0,0.056666666666666664
gemini,order_control,control_03,HVAC,57,False,1.0,1.0,0.056666666666666664
gemini,order_reversed,reversed_01,HVAC,57,False,1.0,1.0,0.056666666666666664
gemini,order_reversed,reversed_02,HVAC,57,False,1.0,1.0,0.056666666666666664
gemini,order_reversed,reversed_03,HVAC,57,False,1.0,1.0,0.056666666666666664
gemini,order_reversed,reversed_04,HVAC,57,False,1.0,1.0,0.056666666666666664
gemini,order_reversed,reversed_05,HVAC,57,False,1.0,1.0,0.056666666666666664
gemini,extracted,,HVAC,58,False,1.0,1.0,0.021666666666666664
gemini,default_params,,HVAC,58,False,1.0,1.0,0.08249999999999998
gemini,extracted_per_run,shippedrun_01,HVAC,58,False,1.0,1.0,0.021666666666666664
gemini,extracted_per_run,shippedrun_02,HVAC,58,False,1.0,1.0,0.021666666666666664
gemini,extracted_per_run,shippedrun_03,HVAC,58,False,1.0,1.0,0.021666666666666664
gemini,extracted_per_run,shippedrun_04,HVAC,58,False,1.0,1.0,0.021666666666666664
gemini,extracted_per_run,shippedrun_05,HVAC,58,False,1.0,1.0,0.021666666666666664
gemini,order_control,control_01,HVAC,58,False,1.0,1.0,0.021666666666666664
gemini,order_control,control_02,HVAC,58,False,1.0,1.0,0.021666666666666664
gemini,order_control,control_03,HVAC,58,False,1.0,1.0,0.021666666666666664
gemini,order_reversed,reversed_01,HVAC,58,False,1.0,1.0,0.021666666666666664
gemini,order_reversed,reversed_02,HVAC,58,False,1.0,1.0,0.021666666666666664
gemini,order_reversed,reversed_03,HVAC,58,False,1.0,1.0,0.021666666666666664
gemini,order_reversed,reversed_04,HVAC,58,False,1.0,1.0,0.021666666666666664
gemini,order_reversed,reversed_05,HVAC,58,False,1.0,1.0,0.021666666666666664
gemini,extracted,,HVAC,59,False,1.0,1.0,0.021666666666666678
gemini,default_params,,HVAC,59,False,1.0,1.0,0.026666666666666682
gemini,extracted_per_run,shippedrun_01,HVAC,59,False,1.0,1.0,0.021666666666666678
gemini,extracted_per_run,shippedrun_02,HVAC,59,False,1.0,1.0,0.021666666666666678
gemini,extracted_per_run,shippedrun_03,HVAC,59,False,1.0,1.0,0.021666666666666678
gemini,extracted_per_run,shippedrun_04,HVAC,59,False,1.0,1.0,0.021666666666666678
gemini,extracted_per_run,shippedrun_05,HVAC,59,False,1.0,1.0,0.021666666666666678
gemini,order_control,control_01,HVAC,59,False,1.0,1.0,0.021666666666666678
gemini,order_control,control_02,HVAC,59,False,1.0,1.0,0.021666666666666678
gemini,order_control,control_03,HVAC,59,False,1.0,1.0,0.021666666666666678
gemini,order_reversed,reversed_01,HVAC,59,False,1.0,1.0,0.021666666666666678
gemini,order_reversed,reversed_02,HVAC,59,False,1.0,1.0,0.021666666666666678
gemini,order_reversed,reversed_03,HVAC,59,False,1.0,1.0,0.021666666666666678
gemini,order_reversed,reversed_04,HVAC,59,False,1.0,1.0,0.021666666666666678
gemini,order_reversed,reversed_05,HVAC,59,False,1.0,1.0,0.021666666666666678
gemini,extracted,,HVAC,60,False,1.0,1.0,0.012499999999999983
gemini,default_params,,HVAC,60,False,1.0,1.0,0.014999999999999986
gemini,extracted_per_run,shippedrun_01,HVAC,60,False,1.0,1.0,0.012499999999999983
gemini,extracted_per_run,shippedrun_02,HVAC,60,False,1.0,1.0,0.012499999999999983
gemini,extracted_per_run,shippedrun_03,HVAC,60,False,1.0,1.0,0.012499999999999983
gemini,extracted_per_run,shippedrun_04,HVAC,60,False,1.0,1.0,0.012499999999999983
gemini,extracted_per_run,shippedrun_05,HVAC,60,False,1.0,1.0,0.012499999999999983
gemini,order_control,control_01,HVAC,60,False,1.0,1.0,0.012499999999999983
gemini,order_control,control_02,HVAC,60,False,1.0,1.0,0.012499999999999983
gemini,order_control,control_03,HVAC,60,False,1.0,1.0,0.012499999999999983
gemini,order_reversed,reversed_01,HVAC,60,False,1.0,1.0,0.012499999999999983
gemini,order_reversed,reversed_02,HVAC,60,False,1.0,1.0,0.012499999999999983
gemini,order_reversed,reversed_03,HVAC,60,False,1.0,1.0,0.012499999999999983
gemini,order_reversed,reversed_04,HVAC,60,False,1.0,1.0,0.012499999999999983
gemini,order_reversed,reversed_05,HVAC,60,False,1.0,1.0,0.012499999999999983
gemini,extracted,,HVAC,61,False,1.0,1.0,0.010833333333333325
gemini,default_params,,HVAC,61,False,1.0,1.0,0.04666666666666667
gemini,extracted_per_run,shippedrun_01,HVAC,61,False,1.0,1.0,0.013333333333333327
gemini,extracted_per_run,shippedrun_02,HVAC,61,False,1.0,1.0,0.010833333333333325
gemini,extracted_per_run,shippedrun_03,HVAC,61,False,1.0,1.0,0.010833333333333325
gemini,extracted_per_run,shippedrun_04,HVAC,61,False,1.0,1.0,0.013333333333333327
gemini,extracted_per_run,shippedrun_05,HVAC,61,False,1.0,1.0,0.010833333333333325
gemini,order_control,control_01,HVAC,61,False,1.0,1.0,0.013333333333333327
gemini,order_control,control_02,HVAC,61,False,1.0,1.0,0.013333333333333327
gemini,order_control,control_03,HVAC,61,False,1.0,1.0,0.013333333333333327
gemini,order_reversed,reversed_01,HVAC,61,False,1.0,1.0,0.010833333333333325
gemini,order_reversed,reversed_02,HVAC,61,False,1.0,1.0,0.010833333333333325
gemini,order_reversed,reversed_03,HVAC,61,False,1.0,1.0,0.010833333333333325
gemini,order_reversed,reversed_04,HVAC,61,False,1.0,1.0,0.010833333333333325
gemini,order_reversed,reversed_05,HVAC,61,False,1.0,1.0,0.010833333333333325
gemini,extracted,,HVAC,62,False,1.0,1.0,0.03916666666666666
gemini,default_params,,HVAC,62,False,1.0,1.0,0.03666666666666666
gemini,extracted_per_run,shippedrun_01,HVAC,62,False,1.0,1.0,0.03916666666666666
gemini,extracted_per_run,shippedrun_02,HVAC,62,False,1.0,1.0,0.03916666666666666
gemini,extracted_per_run,shippedrun_03,HVAC,62,False,1.0,1.0,0.03916666666666666
gemini,extracted_per_run,shippedrun_04,HVAC,62,False,1.0,1.0,0.03916666666666666
gemini,extracted_per_run,shippedrun_05,HVAC,62,False,1.0,1.0,0.03916666666666666
gemini,order_control,control_01,HVAC,62,False,1.0,1.0,0.03916666666666666
gemini,order_control,control_02,HVAC,62,False,1.0,1.0,0.03916666666666666
gemini,order_control,control_03,HVAC,62,False,1.0,1.0,0.03916666666666666
gemini,order_reversed,reversed_01,HVAC,62,False,1.0,1.0,0.03916666666666666
gemini,order_reversed,reversed_02,HVAC,62,False,1.0,1.0,0.03916666666666666
gemini,order_reversed,reversed_03,HVAC,62,False,1.0,1.0,0.03916666666666666
gemini,order_reversed,reversed_04,HVAC,62,False,1.0,1.0,0.03916666666666666
gemini,order_reversed,reversed_05,HVAC,62,False,1.0,1.0,0.03916666666666666
gemini,extracted,,HVAC,63,False,1.0,1.0,0.03500000000000002
gemini,default_params,,HVAC,63,False,1.0,1.0,0.061666666666666675
gemini,extracted_per_run,shippedrun_01,HVAC,63,False,1.0,1.0,0.03500000000000002
gemini,extracted_per_run,shippedrun_02,HVAC,63,False,1.0,1.0,0.03500000000000002
gemini,extracted_per_run,shippedrun_03,HVAC,63,False,1.0,1.0,0.03500000000000002
gemini,extracted_per_run,shippedrun_04,HVAC,63,False,1.0,1.0,0.03500000000000002
gemini,extracted_per_run,shippedrun_05,HVAC,63,False,1.0,1.0,0.03333333333333335
gemini,order_control,control_01,HVAC,63,False,1.0,1.0,0.03500000000000002
gemini,order_control,control_02,HVAC,63,False,1.0,1.0,0.03333333333333335
gemini,order_control,control_03,HVAC,63,False,1.0,1.0,0.03500000000000002
gemini,order_reversed,reversed_01,HVAC,63,False,1.0,1.0,0.03500000000000002
gemini,order_reversed,reversed_02,HVAC,63,False,1.0,1.0,0.03333333333333335
gemini,order_reversed,reversed_03,HVAC,63,False,1.0,1.0,0.03500000000000002
gemini,order_reversed,reversed_04,HVAC,63,False,1.0,1.0,0.03333333333333335
gemini,order_reversed,reversed_05,HVAC,63,False,1.0,1.0,0.03500000000000002
gemini,extracted,,HVAC,64,False,1.0,1.0,0.01833333333333333
gemini,default_params,,HVAC,64,False,1.0,1.0,0.01833333333333333
gemini,extracted_per_run,shippedrun_01,HVAC,64,False,1.0,1.0,0.01833333333333333
gemini,extracted_per_run,shippedrun_02,HVAC,64,False,1.0,1.0,0.01833333333333333
gemini,extracted_per_run,shippedrun_03,HVAC,64,False,1.0,1.0,0.01833333333333333
gemini,extracted_per_run,shippedrun_04,HVAC,64,False,1.0,1.0,0.01833333333333333
gemini,extracted_per_run,shippedrun_05,HVAC,64,False,1.0,1.0,0.01833333333333333
gemini,order_control,control_01,HVAC,64,False,1.0,1.0,0.01833333333333333
gemini,order_control,control_02,HVAC,64,False,1.0,1.0,0.01833333333333333
gemini,order_control,control_03,HVAC,64,False,1.0,1.0,0.01833333333333333
gemini,order_reversed,reversed_01,HVAC,64,False,1.0,1.0,0.01833333333333333
gemini,order_reversed,reversed_02,HVAC,64,False,1.0,1.0,0.01833333333333333
gemini,order_reversed,reversed_03,HVAC,64,False,1.0,1.0,0.01833333333333333
gemini,order_reversed,reversed_04,HVAC,64,False,1.0,1.0,0.01833333333333333
gemini,order_reversed,reversed_05,HVAC,64,False,1.0,1.0,0.01833333333333333
gemini,extracted,,HVAC,65,False,1.0,1.0,0.02999999999999998
gemini,default_params,,HVAC,65,False,1.0,1.0,0.14583333333333331
gemini,extracted_per_run,shippedrun_01,HVAC,65,False,1.0,1.0,0.02999999999999998
gemini,extracted_per_run,shippedrun_02,HVAC,65,False,1.0,1.0,0.02999999999999998
gemini,extracted_per_run,shippedrun_03,HVAC,65,False,1.0,1.0,0.02999999999999998
gemini,extracted_per_run,shippedrun_04,HVAC,65,False,1.0,1.0,0.02999999999999998
gemini,extracted_per_run,shippedrun_05,HVAC,65,False,1.0,1.0,0.02999999999999998
gemini,order_control,control_01,HVAC,65,False,1.0,1.0,0.02999999999999998
gemini,order_control,control_02,HVAC,65,False,1.0,1.0,0.02999999999999998
gemini,order_control,control_03,HVAC,65,False,1.0,1.0,0.02999999999999998
gemini,order_reversed,reversed_01,HVAC,65,False,1.0,1.0,0.02999999999999998
gemini,order_reversed,reversed_02,HVAC,65,False,1.0,1.0,0.02999999999999998
gemini,order_reversed,reversed_03,HVAC,65,False,1.0,1.0,0.02999999999999998
gemini,order_reversed,reversed_04,HVAC,65,False,1.0,1.0,0.02999999999999998
gemini,order_reversed,reversed_05,HVAC,65,False,1.0,1.0,0.02999999999999998
gemini,extracted,,HVAC,66,False,1.0,1.0,0.01416666666666668
gemini,default_params,,HVAC,66,False,1.0,1.0,0.2866666666666666
gemini,extracted_per_run,shippedrun_01,HVAC,66,False,1.0,1.0,0.01416666666666668
gemini,extracted_per_run,shippedrun_02,HVAC,66,False,1.0,1.0,0.01416666666666668
gemini,extracted_per_run,shippedrun_03,HVAC,66,False,1.0,1.0,0.01416666666666668
gemini,extracted_per_run,shippedrun_04,HVAC,66,False,1.0,1.0,0.01416666666666668
gemini,extracted_per_run,shippedrun_05,HVAC,66,False,1.0,1.0,0.01416666666666668
gemini,order_control,control_01,HVAC,66,False,1.0,1.0,0.01416666666666668
gemini,order_control,control_02,HVAC,66,False,1.0,1.0,0.01416666666666668
gemini,order_control,control_03,HVAC,66,False,1.0,1.0,0.01416666666666668
gemini,order_reversed,reversed_01,HVAC,66,False,1.0,1.0,0.011666666666666678
gemini,order_reversed,reversed_02,HVAC,66,False,1.0,1.0,0.01416666666666668
gemini,order_reversed,reversed_03,HVAC,66,False,1.0,1.0,0.01416666666666668
gemini,order_reversed,reversed_04,HVAC,66,False,1.0,1.0,0.011666666666666678
gemini,order_reversed,reversed_05,HVAC,66,False,1.0,1.0,0.01416666666666668
gemini,extracted,,HVAC,67,False,1.0,1.0,0.02416666666666667
gemini,default_params,,HVAC,67,False,1.0,1.0,0.012500000000000011
gemini,extracted_per_run,shippedrun_01,HVAC,67,False,1.0,1.0,0.02416666666666667
gemini,extracted_per_run,shippedrun_02,HVAC,67,False,1.0,1.0,0.02416666666666667
gemini,extracted_per_run,shippedrun_03,HVAC,67,False,1.0,1.0,0.022500000000000003
gemini,extracted_per_run,shippedrun_04,HVAC,67,False,1.0,1.0,0.02416666666666667
gemini,extracted_per_run,shippedrun_05,HVAC,67,False,1.0,1.0,0.02416666666666667
gemini,order_control,control_01,HVAC,67,False,1.0,1.0,0.02416666666666667
gemini,order_control,control_02,HVAC,67,False,1.0,1.0,0.02416666666666667
gemini,order_control,control_03,HVAC,67,False,1.0,1.0,0.02416666666666667
gemini,order_reversed,reversed_01,HVAC,67,False,1.0,1.0,0.02416666666666667
gemini,order_reversed,reversed_02,HVAC,67,False,1.0,1.0,0.017499999999999998
gemini,order_reversed,reversed_03,HVAC,67,False,1.0,1.0,0.017499999999999998
gemini,order_reversed,reversed_04,HVAC,67,False,1.0,1.0,0.017499999999999998
gemini,order_reversed,reversed_05,HVAC,67,False,1.0,1.0,0.02416666666666667
gemini,extracted,,HVAC,68,False,1.0,1.0,0.02416666666666667
gemini,default_params,,HVAC,68,False,1.0,1.0,0.22583333333333333
gemini,extracted_per_run,shippedrun_01,HVAC,68,False,1.0,1.0,0.01166666666666667
gemini,extracted_per_run,shippedrun_02,HVAC,68,False,1.0,1.0,0.0050000000000000044
gemini,extracted_per_run,shippedrun_03,HVAC,68,False,1.0,1.0,0.08750000000000001
gemini,extracted_per_run,shippedrun_04,HVAC,68,False,1.0,1.0,0.1775
gemini,extracted_per_run,shippedrun_05,HVAC,68,False,1.0,1.0,0.0050000000000000044
gemini,order_control,control_01,HVAC,68,False,1.0,1.0,0.01166666666666667
gemini,order_control,control_02,HVAC,68,False,1.0,1.0,0.01166666666666667
gemini,order_control,control_03,HVAC,68,False,1.0,1.0,0.01166666666666667
gemini,order_reversed,reversed_01,HVAC,68,False,1.0,1.0,0.01166666666666667
gemini,order_reversed,reversed_02,HVAC,68,False,1.0,1.0,0.0050000000000000044
gemini,order_reversed,reversed_03,HVAC,68,False,1.0,1.0,0.01166666666666667
gemini,order_reversed,reversed_04,HVAC,68,False,1.0,1.0,0.01166666666666667
gemini,order_reversed,reversed_05,HVAC,68,False,1.0,1.0,0.01166666666666667
gemini,extracted,,HVAC,69,False,1.0,1.0,0.006666666666666664
gemini,default_params,,HVAC,69,False,1.0,1.0,0.033333333333333326
gemini,extracted_per_run,shippedrun_01,HVAC,69,False,1.0,1.0,0.006666666666666664
gemini,extracted_per_run,shippedrun_02,HVAC,69,False,1.0,1.0,0.006666666666666664
gemini,extracted_per_run,shippedrun_03,HVAC,69,False,1.0,1.0,0.006666666666666664
gemini,extracted_per_run,shippedrun_04,HVAC,69,False,1.0,1.0,0.006666666666666664
gemini,extracted_per_run,shippedrun_05,HVAC,69,False,1.0,1.0,0.006666666666666664
gemini,order_control,control_01,HVAC,69,False,1.0,1.0,0.006666666666666664
gemini,order_control,control_02,HVAC,69,False,1.0,1.0,0.006666666666666664
gemini,order_control,control_03,HVAC,69,False,1.0,1.0,0.006666666666666664
gemini,order_reversed,reversed_01,HVAC,69,False,1.0,1.0,0.006666666666666664
gemini,order_reversed,reversed_02,HVAC,69,False,1.0,1.0,0.006666666666666664
gemini,order_reversed,reversed_03,HVAC,69,False,1.0,1.0,0.006666666666666664
gemini,order_reversed,reversed_04,HVAC,69,False,1.0,1.0,0.006666666666666664
gemini,order_reversed,reversed_05,HVAC,69,False,1.0,1.0,0.006666666666666664
gemini,extracted,,HVAC,70,False,1.0,1.0,0.025833333333333337
gemini,default_params,,HVAC,70,False,1.0,1.0,0.0625
gemini,extracted_per_run,shippedrun_01,HVAC,70,False,1.0,1.0,0.02250000000000001
gemini,extracted_per_run,shippedrun_02,HVAC,70,False,1.0,1.0,0.037499999999999985
gemini,extracted_per_run,shippedrun_03,HVAC,70,False,1.0,1.0,0.029166666666666674
gemini,extracted_per_run,shippedrun_04,HVAC,70,False,1.0,1.0,0.029166666666666674
gemini,extracted_per_run,shippedrun_05,HVAC,70,False,1.0,1.0,0.029166666666666674
gemini,order_control,control_01,HVAC,70,False,1.0,1.0,0.020000000000000007
gemini,order_control,control_02,HVAC,70,False,1.0,1.0,0.020000000000000007
gemini,order_control,control_03,HVAC,70,False,1.0,1.0,0.029166666666666674
gemini,order_reversed,reversed_01,HVAC,70,False,1.0,1.0,0.029166666666666674
gemini,order_reversed,reversed_02,HVAC,70,False,1.0,1.0,0.029166666666666674
gemini,order_reversed,reversed_03,HVAC,70,False,1.0,1.0,0.029166666666666674
gemini,order_reversed,reversed_04,HVAC,70,False,1.0,1.0,0.029166666666666674
gemini,order_reversed,reversed_05,HVAC,70,False,1.0,1.0,0.029166666666666674
gemini,extracted,,Appliance,71,False,1.0,1.0,0.125
gemini,default_params,,Appliance,71,False,1.0,1.0,0.08416666666666665
gemini,extracted_per_run,shippedrun_01,Appliance,71,False,1.0,1.0,0.13333333333333333
gemini,extracted_per_run,shippedrun_02,Appliance,71,False,1.0,1.0,0.13333333333333333
gemini,extracted_per_run,shippedrun_03,Appliance,71,False,1.0,1.0,0.125
gemini,extracted_per_run,shippedrun_04,Appliance,71,False,1.0,1.0,0.125
gemini,extracted_per_run,shippedrun_05,Appliance,71,False,1.0,1.0,0.125
gemini,order_control,control_01,Appliance,71,False,1.0,1.0,0.13333333333333333
gemini,order_control,control_02,Appliance,71,False,1.0,1.0,0.125
gemini,order_control,control_03,Appliance,71,False,1.0,1.0,0.125
gemini,order_reversed,reversed_01,Appliance,71,False,1.0,1.0,0.13333333333333333
gemini,order_reversed,reversed_02,Appliance,71,False,1.0,1.0,0.125
gemini,order_reversed,reversed_03,Appliance,71,False,1.0,1.0,0.125
gemini,order_reversed,reversed_04,Appliance,71,False,1.0,1.0,0.125
gemini,order_reversed,reversed_05,Appliance,71,False,1.0,1.0,0.13333333333333333
gemini,extracted,,Appliance,72,False,1.0,1.0,0.01166666666666667
gemini,default_params,,Appliance,72,False,-0.33333333333333337,0.0,0.42750000000000005
gemini,extracted_per_run,shippedrun_01,Appliance,72,False,1.0,1.0,0.01166666666666667
gemini,extracted_per_run,shippedrun_02,Appliance,72,False,1.0,1.0,0.01166666666666667
gemini,extracted_per_run,shippedrun_03,Appliance,72,False,1.0,1.0,0.01166666666666667
gemini,extracted_per_run,shippedrun_04,Appliance,72,False,1.0,1.0,0.01166666666666667
gemini,extracted_per_run,shippedrun_05,Appliance,72,False,1.0,1.0,0.01166666666666667
gemini,order_control,control_01,Appliance,72,False,1.0,1.0,0.01166666666666667
gemini,order_control,control_02,Appliance,72,False,1.0,1.0,0.01166666666666667
gemini,order_control,control_03,Appliance,72,False,1.0,1.0,0.01166666666666667
gemini,order_reversed,reversed_01,Appliance,72,False,1.0,1.0,0.01166666666666667
gemini,order_reversed,reversed_02,Appliance,72,False,1.0,1.0,0.01166666666666667
gemini,order_reversed,reversed_03,Appliance,72,False,1.0,1.0,0.01166666666666667
gemini,order_reversed,reversed_04,Appliance,72,False,1.0,1.0,0.025000000000000005
gemini,order_reversed,reversed_05,Appliance,72,False,1.0,1.0,0.01166666666666667
gemini,extracted,,Appliance,73,False,1.0,1.0,0.017499999999999998
gemini,default_params,,Appliance,73,False,-1.0,0.0,0.2283333333333333
gemini,extracted_per_run,shippedrun_01,Appliance,73,False,1.0,1.0,0.017499999999999998
gemini,extracted_per_run,shippedrun_02,Appliance,73,False,1.0,1.0,0.017499999999999998
gemini,extracted_per_run,shippedrun_03,Appliance,73,False,1.0,1.0,0.017499999999999998
gemini,extracted_per_run,shippedrun_04,Appliance,73,False,1.0,1.0,0.017499999999999998
gemini,extracted_per_run,shippedrun_05,Appliance,73,False,1.0,1.0,0.017499999999999998
gemini,order_control,control_01,Appliance,73,False,1.0,1.0,0.017499999999999998
gemini,order_control,control_02,Appliance,73,False,1.0,1.0,0.017499999999999998
gemini,order_control,control_03,Appliance,73,False,1.0,1.0,0.017499999999999998
gemini,order_reversed,reversed_01,Appliance,73,False,1.0,1.0,0.017499999999999998
gemini,order_reversed,reversed_02,Appliance,73,False,1.0,1.0,0.017499999999999998
gemini,order_reversed,reversed_03,Appliance,73,False,1.0,1.0,0.017499999999999998
gemini,order_reversed,reversed_04,Appliance,73,False,1.0,1.0,0.017499999999999998
gemini,order_reversed,reversed_05,Appliance,73,False,1.0,1.0,0.017499999999999998
gemini,extracted,,Appliance,74,False,1.0,1.0,0.0783333333333333
gemini,default_params,,Appliance,74,False,0.33333333333333337,0.0,0.2241666666666667
gemini,extracted_per_run,shippedrun_01,Appliance,74,False,1.0,1.0,0.00833333333333334
gemini,extracted_per_run,shippedrun_02,Appliance,74,False,1.0,1.0,0.11333333333333333
gemini,extracted_per_run,shippedrun_03,Appliance,74,False,1.0,1.0,0.00833333333333334
gemini,extracted_per_run,shippedrun_04,Appliance,74,False,1.0,1.0,0.11333333333333333
gemini,extracted_per_run,shippedrun_05,Appliance,74,False,1.0,1.0,0.14916666666666667
gemini,order_control,control_01,Appliance,74,False,1.0,1.0,0.11333333333333333
gemini,order_control,control_02,Appliance,74,False,1.0,1.0,0.00833333333333334
gemini,order_control,control_03,Appliance,74,False,1.0,1.0,0.00833333333333334
gemini,order_reversed,reversed_01,Appliance,74,False,1.0,1.0,0.14916666666666667
gemini,order_reversed,reversed_02,Appliance,74,False,1.0,1.0,0.00833333333333334
gemini,order_reversed,reversed_03,Appliance,74,False,1.0,1.0,0.11333333333333333
gemini,order_reversed,reversed_04,Appliance,74,False,1.0,1.0,0.11333333333333333
gemini,order_reversed,reversed_05,Appliance,74,False,1.0,1.0,0.00833333333333334
gemini,extracted,,Appliance,75,False,1.0,1.0,0.024999999999999998
gemini,default_params,,Appliance,75,False,-0.33333333333333337,0.0,0.38666666666666655
gemini,extracted_per_run,shippedrun_01,Appliance,75,False,1.0,1.0,0.024999999999999998
gemini,extracted_per_run,shippedrun_02,Appliance,75,False,1.0,1.0,0.024999999999999998
gemini,extracted_per_run,shippedrun_03,Appliance,75,False,1.0,1.0,0.024999999999999998
gemini,extracted_per_run,shippedrun_04,Appliance,75,False,1.0,1.0,0.024999999999999998
gemini,extracted_per_run,shippedrun_05,Appliance,75,False,1.0,1.0,0.024999999999999998
gemini,order_control,control_01,Appliance,75,False,1.0,1.0,0.024999999999999998
gemini,order_control,control_02,Appliance,75,False,1.0,1.0,0.024999999999999998
gemini,order_control,control_03,Appliance,75,False,1.0,1.0,0.024999999999999998
gemini,order_reversed,reversed_01,Appliance,75,False,1.0,1.0,0.024999999999999998
gemini,order_reversed,reversed_02,Appliance,75,False,1.0,1.0,0.024999999999999998
gemini,order_reversed,reversed_03,Appliance,75,False,1.0,1.0,0.024999999999999998
gemini,order_reversed,reversed_04,Appliance,75,False,1.0,1.0,0.024999999999999998
gemini,order_reversed,reversed_05,Appliance,75,False,1.0,1.0,0.024999999999999998
gemini,extracted,,Appliance,76,False,1.0,1.0,0.09999999999999999
gemini,default_params,,Appliance,76,False,-1.0,0.0,0.3283333333333333
gemini,extracted_per_run,shippedrun_01,Appliance,76,False,1.0,1.0,0.09999999999999999
gemini,extracted_per_run,shippedrun_02,Appliance,76,False,1.0,1.0,0.09999999999999999
gemini,extracted_per_run,shippedrun_03,Appliance,76,False,1.0,1.0,0.09999999999999999
gemini,extracted_per_run,shippedrun_04,Appliance,76,False,1.0,1.0,0.09999999999999999
gemini,extracted_per_run,shippedrun_05,Appliance,76,False,1.0,1.0,0.09999999999999999
gemini,order_control,control_01,Appliance,76,False,1.0,1.0,0.09999999999999999
gemini,order_control,control_02,Appliance,76,False,1.0,1.0,0.09999999999999999
gemini,order_control,control_03,Appliance,76,False,1.0,1.0,0.09999999999999999
gemini,order_reversed,reversed_01,Appliance,76,False,1.0,1.0,0.11249999999999999
gemini,order_reversed,reversed_02,Appliance,76,False,1.0,1.0,0.09999999999999999
gemini,order_reversed,reversed_03,Appliance,76,False,1.0,1.0,0.09999999999999999
gemini,order_reversed,reversed_04,Appliance,76,False,1.0,1.0,0.11249999999999999
gemini,order_reversed,reversed_05,Appliance,76,False,1.0,1.0,0.09999999999999999
gemini,extracted,,Appliance,77,False,1.0,1.0,0.06416666666666668
gemini,default_params,,Appliance,77,False,0.33333333333333337,1.0,0.24249999999999994
gemini,extracted_per_run,shippedrun_01,Appliance,77,False,1.0,1.0,0.06416666666666668
gemini,extracted_per_run,shippedrun_02,Appliance,77,False,1.0,1.0,0.06416666666666668
gemini,extracted_per_run,shippedrun_03,Appliance,77,False,1.0,1.0,0.06416666666666668
gemini,extracted_per_run,shippedrun_04,Appliance,77,False,1.0,1.0,0.06416666666666668
gemini,extracted_per_run,shippedrun_05,Appliance,77,False,1.0,1.0,0.06416666666666668
gemini,order_control,control_01,Appliance,77,False,1.0,1.0,0.06416666666666668
gemini,order_control,control_02,Appliance,77,False,1.0,1.0,0.06416666666666668
gemini,order_control,control_03,Appliance,77,False,1.0,1.0,0.06416666666666668
gemini,order_reversed,reversed_01,Appliance,77,False,1.0,1.0,0.06416666666666668
gemini,order_reversed,reversed_02,Appliance,77,False,1.0,1.0,0.06416666666666668
gemini,order_reversed,reversed_03,Appliance,77,False,1.0,1.0,0.06416666666666668
gemini,order_reversed,reversed_04,Appliance,77,False,1.0,1.0,0.06416666666666668
gemini,order_reversed,reversed_05,Appliance,77,False,1.0,1.0,0.06416666666666668
gemini,extracted,,Appliance,78,False,1.0,1.0,0.013333333333333345
gemini,default_params,,Appliance,78,False,1.0,1.0,0.06249999999999998
gemini,extracted_per_run,shippedrun_01,Appliance,78,False,1.0,1.0,0.013333333333333345
gemini,extracted_per_run,shippedrun_02,Appliance,78,False,1.0,1.0,0.013333333333333345
gemini,extracted_per_run,shippedrun_03,Appliance,78,False,1.0,1.0,0.013333333333333345
gemini,extracted_per_run,shippedrun_04,Appliance,78,False,1.0,1.0,0.013333333333333345
gemini,extracted_per_run,shippedrun_05,Appliance,78,False,1.0,1.0,0.013333333333333345
gemini,order_control,control_01,Appliance,78,False,1.0,1.0,0.013333333333333345
gemini,order_control,control_02,Appliance,78,False,1.0,1.0,0.013333333333333345
gemini,order_control,control_03,Appliance,78,False,1.0,1.0,0.013333333333333345
gemini,order_reversed,reversed_01,Appliance,78,False,1.0,1.0,0.013333333333333345
gemini,order_reversed,reversed_02,Appliance,78,False,1.0,1.0,0.013333333333333345
gemini,order_reversed,reversed_03,Appliance,78,False,1.0,1.0,0.013333333333333345
gemini,order_reversed,reversed_04,Appliance,78,False,1.0,1.0,0.013333333333333345
gemini,order_reversed,reversed_05,Appliance,78,False,1.0,1.0,0.013333333333333345
gemini,extracted,,Appliance,79,False,1.0,1.0,0.026666666666666655
gemini,default_params,,Appliance,79,False,1.0,1.0,0.21833333333333335
gemini,extracted_per_run,shippedrun_01,Appliance,79,False,1.0,1.0,0.026666666666666655
gemini,extracted_per_run,shippedrun_02,Appliance,79,False,1.0,1.0,0.026666666666666655
gemini,extracted_per_run,shippedrun_03,Appliance,79,False,1.0,1.0,0.026666666666666655
gemini,extracted_per_run,shippedrun_04,Appliance,79,False,1.0,1.0,0.026666666666666655
gemini,extracted_per_run,shippedrun_05,Appliance,79,False,1.0,1.0,0.026666666666666655
gemini,order_control,control_01,Appliance,79,False,1.0,1.0,0.026666666666666655
gemini,order_control,control_02,Appliance,79,False,1.0,1.0,0.026666666666666655
gemini,order_control,control_03,Appliance,79,False,1.0,1.0,0.026666666666666655
gemini,order_reversed,reversed_01,Appliance,79,False,1.0,1.0,0.026666666666666655
gemini,order_reversed,reversed_02,Appliance,79,False,1.0,1.0,0.026666666666666655
gemini,order_reversed,reversed_03,Appliance,79,False,1.0,1.0,0.026666666666666655
gemini,order_reversed,reversed_04,Appliance,79,False,1.0,1.0,0.026666666666666655
gemini,order_reversed,reversed_05,Appliance,79,False,1.0,1.0,0.026666666666666655
gemini,extracted,,Appliance,80,False,1.0,1.0,0.04083333333333335
gemini,default_params,,Appliance,80,False,0.33333333333333337,1.0,0.10833333333333335
gemini,extracted_per_run,shippedrun_01,Appliance,80,False,1.0,1.0,0.04083333333333335
gemini,extracted_per_run,shippedrun_02,Appliance,80,False,1.0,1.0,0.04083333333333335
gemini,extracted_per_run,shippedrun_03,Appliance,80,False,1.0,1.0,0.04083333333333335
gemini,extracted_per_run,shippedrun_04,Appliance,80,False,1.0,1.0,0.04083333333333335
gemini,extracted_per_run,shippedrun_05,Appliance,80,False,1.0,1.0,0.04083333333333335
gemini,order_control,control_01,Appliance,80,False,1.0,1.0,0.04083333333333335
gemini,order_control,control_02,Appliance,80,False,1.0,1.0,0.04083333333333335
gemini,order_control,control_03,Appliance,80,False,1.0,1.0,0.04083333333333335
gemini,order_reversed,reversed_01,Appliance,80,False,1.0,1.0,0.04083333333333335
gemini,order_reversed,reversed_02,Appliance,80,False,1.0,1.0,0.04083333333333335
gemini,order_reversed,reversed_03,Appliance,80,False,1.0,1.0,0.04083333333333335
gemini,order_reversed,reversed_04,Appliance,80,False,1.0,1.0,0.04083333333333335
gemini,order_reversed,reversed_05,Appliance,80,False,1.0,1.0,0.04083333333333335
gemini,extracted,,Appliance,81,False,1.0,1.0,0.03166666666666667
gemini,default_params,,Appliance,81,False,0.33333333333333337,0.0,0.15583333333333335
gemini,extracted_per_run,shippedrun_01,Appliance,81,False,1.0,1.0,0.03166666666666667
gemini,extracted_per_run,shippedrun_02,Appliance,81,False,1.0,1.0,0.03166666666666667
gemini,extracted_per_run,shippedrun_03,Appliance,81,False,1.0,1.0,0.03166666666666667
gemini,extracted_per_run,shippedrun_04,Appliance,81,False,1.0,1.0,0.03166666666666667
gemini,extracted_per_run,shippedrun_05,Appliance,81,False,1.0,1.0,0.03166666666666667
gemini,order_control,control_01,Appliance,81,False,1.0,1.0,0.03166666666666667
gemini,order_control,control_02,Appliance,81,False,1.0,1.0,0.03166666666666667
gemini,order_control,control_03,Appliance,81,False,1.0,1.0,0.03166666666666667
gemini,order_reversed,reversed_01,Appliance,81,False,1.0,1.0,0.03166666666666667
gemini,order_reversed,reversed_02,Appliance,81,False,1.0,1.0,0.03166666666666667
gemini,order_reversed,reversed_03,Appliance,81,False,1.0,1.0,0.03166666666666667
gemini,order_reversed,reversed_04,Appliance,81,False,1.0,1.0,0.03166666666666667
gemini,order_reversed,reversed_05,Appliance,81,False,1.0,1.0,0.03166666666666667
gemini,extracted,,Appliance,82,False,1.0,1.0,0.14916666666666667
gemini,default_params,,Appliance,82,False,1.0,1.0,0.1025
gemini,extracted_per_run,shippedrun_01,Appliance,82,False,1.0,1.0,0.14916666666666667
gemini,extracted_per_run,shippedrun_02,Appliance,82,False,1.0,1.0,0.14916666666666667
gemini,extracted_per_run,shippedrun_03,Appliance,82,False,1.0,1.0,0.14916666666666667
gemini,extracted_per_run,shippedrun_04,Appliance,82,False,1.0,1.0,0.14916666666666667
gemini,extracted_per_run,shippedrun_05,Appliance,82,False,1.0,1.0,0.14916666666666667
gemini,order_control,control_01,Appliance,82,False,1.0,1.0,0.14916666666666667
gemini,order_control,control_02,Appliance,82,False,1.0,1.0,0.14916666666666667
gemini,order_control,control_03,Appliance,82,False,1.0,1.0,0.14916666666666667
gemini,order_reversed,reversed_01,Appliance,82,False,1.0,1.0,0.14916666666666667
gemini,order_reversed,reversed_02,Appliance,82,False,1.0,1.0,0.155
gemini,order_reversed,reversed_03,Appliance,82,False,1.0,1.0,0.11583333333333334
gemini,order_reversed,reversed_04,Appliance,82,False,1.0,1.0,0.14916666666666667
gemini,order_reversed,reversed_05,Appliance,82,False,1.0,1.0,0.14916666666666667
gemini,extracted,,Appliance,83,False,1.0,1.0,0.018333333333333337
gemini,default_params,,Appliance,83,False,-1.0,0.0,0.5299999999999999
gemini,extracted_per_run,shippedrun_01,Appliance,83,False,1.0,1.0,0.018333333333333337
gemini,extracted_per_run,shippedrun_02,Appliance,83,False,1.0,1.0,0.018333333333333337
gemini,extracted_per_run,shippedrun_03,Appliance,83,False,1.0,1.0,0.018333333333333337
gemini,extracted_per_run,shippedrun_04,Appliance,83,False,1.0,1.0,0.018333333333333337
gemini,extracted_per_run,shippedrun_05,Appliance,83,False,1.0,1.0,0.018333333333333337
gemini,order_control,control_01,Appliance,83,False,1.0,1.0,0.018333333333333337
gemini,order_control,control_02,Appliance,83,False,1.0,1.0,0.018333333333333337
gemini,order_control,control_03,Appliance,83,False,1.0,1.0,0.018333333333333337
gemini,order_reversed,reversed_01,Appliance,83,False,1.0,1.0,0.018333333333333337
gemini,order_reversed,reversed_02,Appliance,83,False,1.0,1.0,0.018333333333333337
gemini,order_reversed,reversed_03,Appliance,83,False,1.0,1.0,0.018333333333333337
gemini,order_reversed,reversed_04,Appliance,83,False,1.0,1.0,0.018333333333333337
gemini,order_reversed,reversed_05,Appliance,83,False,1.0,1.0,0.018333333333333337
gemini,extracted,,Appliance,84,False,1.0,1.0,0.009166666666666668
gemini,default_params,,Appliance,84,False,1.0,1.0,0.26833333333333337
gemini,extracted_per_run,shippedrun_01,Appliance,84,False,1.0,1.0,0.009166666666666668
gemini,extracted_per_run,shippedrun_02,Appliance,84,False,1.0,1.0,0.009166666666666668
gemini,extracted_per_run,shippedrun_03,Appliance,84,False,1.0,1.0,0.009166666666666668
gemini,extracted_per_run,shippedrun_04,Appliance,84,False,1.0,1.0,0.009166666666666668
gemini,extracted_per_run,shippedrun_05,Appliance,84,False,1.0,1.0,0.009166666666666668
gemini,order_control,control_01,Appliance,84,False,1.0,1.0,0.009166666666666668
gemini,order_control,control_02,Appliance,84,False,1.0,1.0,0.009166666666666668
gemini,order_control,control_03,Appliance,84,False,1.0,1.0,0.009166666666666668
gemini,order_reversed,reversed_01,Appliance,84,False,1.0,1.0,0.009166666666666668
gemini,order_reversed,reversed_02,Appliance,84,False,1.0,1.0,0.009166666666666668
gemini,order_reversed,reversed_03,Appliance,84,False,1.0,1.0,0.009166666666666668
gemini,order_reversed,reversed_04,Appliance,84,False,1.0,1.0,0.009166666666666668
gemini,order_reversed,reversed_05,Appliance,84,False,1.0,1.0,0.009166666666666668
gemini,extracted,,Appliance,85,False,0.33333333333333337,1.0,0.07416666666666669
gemini,default_params,,Appliance,85,False,0.33333333333333337,0.0,0.165
gemini,extracted_per_run,shippedrun_01,Appliance,85,False,0.33333333333333337,1.0,0.07416666666666669
gemini,extracted_per_run,shippedrun_02,Appliance,85,False,0.33333333333333337,1.0,0.07416666666666669
gemini,extracted_per_run,shippedrun_03,Appliance,85,False,0.33333333333333337,1.0,0.07416666666666669
gemini,extracted_per_run,shippedrun_04,Appliance,85,False,0.33333333333333337,1.0,0.07416666666666669
gemini,extracted_per_run,shippedrun_05,Appliance,85,False,0.33333333333333337,1.0,0.07416666666666669
gemini,order_control,control_01,Appliance,85,False,0.33333333333333337,1.0,0.07416666666666669
gemini,order_control,control_02,Appliance,85,False,0.33333333333333337,1.0,0.07416666666666669
gemini,order_control,control_03,Appliance,85,False,0.33333333333333337,1.0,0.07416666666666669
gemini,order_reversed,reversed_01,Appliance,85,False,0.33333333333333337,1.0,0.07416666666666669
gemini,order_reversed,reversed_02,Appliance,85,False,0.33333333333333337,1.0,0.07416666666666669
gemini,order_reversed,reversed_03,Appliance,85,False,0.33333333333333337,1.0,0.07416666666666669
gemini,order_reversed,reversed_04,Appliance,85,False,0.33333333333333337,1.0,0.07416666666666669
gemini,order_reversed,reversed_05,Appliance,85,False,0.33333333333333337,1.0,0.07416666666666669
gemini,extracted,,Appliance,86,False,1.0,1.0,0.155
gemini,default_params,,Appliance,86,False,-1.0,0.0,0.33499999999999996
gemini,extracted_per_run,shippedrun_01,Appliance,86,False,1.0,1.0,0.155
gemini,extracted_per_run,shippedrun_02,Appliance,86,False,1.0,1.0,0.155
gemini,extracted_per_run,shippedrun_03,Appliance,86,False,1.0,1.0,0.155
gemini,extracted_per_run,shippedrun_04,Appliance,86,False,1.0,1.0,0.155
gemini,extracted_per_run,shippedrun_05,Appliance,86,False,1.0,1.0,0.155
gemini,order_control,control_01,Appliance,86,False,1.0,1.0,0.155
gemini,order_control,control_02,Appliance,86,False,1.0,1.0,0.155
gemini,order_control,control_03,Appliance,86,False,1.0,1.0,0.17
gemini,order_reversed,reversed_01,Appliance,86,False,1.0,1.0,0.17
gemini,order_reversed,reversed_02,Appliance,86,False,1.0,1.0,0.155
gemini,order_reversed,reversed_03,Appliance,86,False,1.0,1.0,0.155
gemini,order_reversed,reversed_04,Appliance,86,False,1.0,1.0,0.155
gemini,order_reversed,reversed_05,Appliance,86,False,1.0,1.0,0.155
gemini,extracted,,Appliance,87,False,0.33333333333333337,1.0,0.15000000000000002
gemini,default_params,,Appliance,87,False,0.33333333333333337,0.0,0.1991666666666667
gemini,extracted_per_run,shippedrun_01,Appliance,87,False,0.33333333333333337,1.0,0.15000000000000002
gemini,extracted_per_run,shippedrun_02,Appliance,87,False,0.33333333333333337,1.0,0.15000000000000002
gemini,extracted_per_run,shippedrun_03,Appliance,87,False,0.33333333333333337,1.0,0.15000000000000002
gemini,extracted_per_run,shippedrun_04,Appliance,87,False,0.33333333333333337,1.0,0.15000000000000002
gemini,extracted_per_run,shippedrun_05,Appliance,87,False,0.33333333333333337,1.0,0.15000000000000002
gemini,order_control,control_01,Appliance,87,False,0.33333333333333337,1.0,0.15000000000000002
gemini,order_control,control_02,Appliance,87,False,0.33333333333333337,1.0,0.1525
gemini,order_control,control_03,Appliance,87,False,0.33333333333333337,1.0,0.1525
gemini,order_reversed,reversed_01,Appliance,87,False,0.33333333333333337,1.0,0.15000000000000002
gemini,order_reversed,reversed_02,Appliance,87,False,0.33333333333333337,1.0,0.1525
gemini,order_reversed,reversed_03,Appliance,87,False,0.33333333333333337,1.0,0.15000000000000002
gemini,order_reversed,reversed_04,Appliance,87,False,0.33333333333333337,1.0,0.15000000000000002
gemini,order_reversed,reversed_05,Appliance,87,False,0.33333333333333337,1.0,0.15000000000000002
gemini,extracted,,Appliance,88,False,1.0,1.0,0.024999999999999984
gemini,default_params,,Appliance,88,False,1.0,1.0,0.33416666666666667
gemini,extracted_per_run,shippedrun_01,Appliance,88,False,1.0,1.0,0.024999999999999984
gemini,extracted_per_run,shippedrun_02,Appliance,88,False,1.0,1.0,0.024999999999999984
gemini,extracted_per_run,shippedrun_03,Appliance,88,False,1.0,1.0,0.024999999999999984
gemini,extracted_per_run,shippedrun_04,Appliance,88,False,1.0,1.0,0.024999999999999984
gemini,extracted_per_run,shippedrun_05,Appliance,88,False,1.0,1.0,0.024999999999999984
gemini,order_control,control_01,Appliance,88,False,1.0,1.0,0.024999999999999984
gemini,order_control,control_02,Appliance,88,False,1.0,1.0,0.024999999999999984
gemini,order_control,control_03,Appliance,88,False,1.0,1.0,0.024999999999999984
gemini,order_reversed,reversed_01,Appliance,88,False,1.0,1.0,0.024999999999999984
gemini,order_reversed,reversed_02,Appliance,88,False,1.0,1.0,0.024999999999999984
gemini,order_reversed,reversed_03,Appliance,88,False,1.0,1.0,0.024999999999999984
gemini,order_reversed,reversed_04,Appliance,88,False,1.0,1.0,0.024999999999999984
gemini,order_reversed,reversed_05,Appliance,88,False,1.0,1.0,0.024999999999999984
gemini,extracted,,Appliance,89,False,1.0,1.0,0.15083333333333335
gemini,default_params,,Appliance,89,False,0.33333333333333337,0.0,0.1708333333333333
gemini,extracted_per_run,shippedrun_01,Appliance,89,False,1.0,1.0,0.15083333333333335
gemini,extracted_per_run,shippedrun_02,Appliance,89,False,1.0,1.0,0.15083333333333335
gemini,extracted_per_run,shippedrun_03,Appliance,89,False,1.0,1.0,0.15083333333333335
gemini,extracted_per_run,shippedrun_04,Appliance,89,False,1.0,1.0,0.15083333333333335
gemini,extracted_per_run,shippedrun_05,Appliance,89,False,1.0,1.0,0.15083333333333335
gemini,order_control,control_01,Appliance,89,False,1.0,1.0,0.15083333333333335
gemini,order_control,control_02,Appliance,89,False,1.0,1.0,0.15083333333333335
gemini,order_control,control_03,Appliance,89,False,1.0,1.0,0.15083333333333335
gemini,order_reversed,reversed_01,Appliance,89,False,1.0,1.0,0.1558333333333333
gemini,order_reversed,reversed_02,Appliance,89,False,1.0,1.0,0.15083333333333335
gemini,order_reversed,reversed_03,Appliance,89,False,1.0,1.0,0.1558333333333333
gemini,order_reversed,reversed_04,Appliance,89,False,1.0,1.0,0.15083333333333335
gemini,order_reversed,reversed_05,Appliance,89,False,1.0,1.0,0.15083333333333335
gemini,extracted,,Appliance,90,False,1.0,1.0,0.11666666666666668
gemini,default_params,,Appliance,90,False,1.0,1.0,0.12500000000000003
gemini,extracted_per_run,shippedrun_01,Appliance,90,False,1.0,1.0,0.11666666666666668
gemini,extracted_per_run,shippedrun_02,Appliance,90,False,1.0,1.0,0.11666666666666668
gemini,extracted_per_run,shippedrun_03,Appliance,90,False,1.0,1.0,0.11666666666666668
gemini,extracted_per_run,shippedrun_04,Appliance,90,False,1.0,1.0,0.11666666666666668
gemini,extracted_per_run,shippedrun_05,Appliance,90,False,1.0,1.0,0.11666666666666668
gemini,order_control,control_01,Appliance,90,False,1.0,1.0,0.11666666666666668
gemini,order_control,control_02,Appliance,90,False,1.0,1.0,0.11666666666666668
gemini,order_control,control_03,Appliance,90,False,1.0,1.0,0.11666666666666668
gemini,order_reversed,reversed_01,Appliance,90,False,1.0,1.0,0.11666666666666668
gemini,order_reversed,reversed_02,Appliance,90,False,1.0,1.0,0.07500000000000002
gemini,order_reversed,reversed_03,Appliance,90,False,1.0,1.0,0.11666666666666668
gemini,order_reversed,reversed_04,Appliance,90,False,1.0,1.0,0.11666666666666668
gemini,order_reversed,reversed_05,Appliance,90,False,1.0,1.0,0.11666666666666668
gemini,extracted,,Appliance,91,False,1.0,1.0,0.00416666666666667
gemini,default_params,,Appliance,91,False,0.33333333333333337,0.0,0.25083333333333335
gemini,extracted_per_run,shippedrun_01,Appliance,91,False,1.0,1.0,0.00416666666666667
gemini,extracted_per_run,shippedrun_02,Appliance,91,False,1.0,1.0,0.00416666666666667
gemini,extracted_per_run,shippedrun_03,Appliance,91,False,1.0,1.0,0.00416666666666667
gemini,extracted_per_run,shippedrun_04,Appliance,91,False,1.0,1.0,0.00416666666666667
gemini,extracted_per_run,shippedrun_05,Appliance,91,False,1.0,1.0,0.00416666666666667
gemini,order_control,control_01,Appliance,91,False,1.0,1.0,0.00416666666666667
gemini,order_control,control_02,Appliance,91,False,1.0,1.0,0.00416666666666667
gemini,order_control,control_03,Appliance,91,False,1.0,1.0,0.00416666666666667
gemini,order_reversed,reversed_01,Appliance,91,False,1.0,1.0,0.00416666666666667
gemini,order_reversed,reversed_02,Appliance,91,False,1.0,1.0,0.010833333333333325
gemini,order_reversed,reversed_03,Appliance,91,False,1.0,1.0,0.00416666666666667
gemini,order_reversed,reversed_04,Appliance,91,False,1.0,1.0,0.00416666666666667
gemini,order_reversed,reversed_05,Appliance,91,False,1.0,1.0,0.00416666666666667
gemini,extracted,,Appliance,92,False,1.0,1.0,0.023333333333333334
gemini,default_params,,Appliance,92,False,1.0,1.0,0.3816666666666666
gemini,extracted_per_run,shippedrun_01,Appliance,92,False,1.0,1.0,0.023333333333333334
gemini,extracted_per_run,shippedrun_02,Appliance,92,False,1.0,1.0,0.023333333333333334
gemini,extracted_per_run,shippedrun_03,Appliance,92,False,1.0,1.0,0.023333333333333334
gemini,extracted_per_run,shippedrun_04,Appliance,92,False,1.0,1.0,0.023333333333333334
gemini,extracted_per_run,shippedrun_05,Appliance,92,False,1.0,1.0,0.023333333333333334
gemini,order_control,control_01,Appliance,92,False,1.0,1.0,0.023333333333333334
gemini,order_control,control_02,Appliance,92,False,1.0,1.0,0.06083333333333332
gemini,order_control,control_03,Appliance,92,False,1.0,1.0,0.023333333333333334
gemini,order_reversed,reversed_01,Appliance,92,False,1.0,1.0,0.023333333333333334
gemini,order_reversed,reversed_02,Appliance,92,False,1.0,1.0,0.023333333333333334
gemini,order_reversed,reversed_03,Appliance,92,False,1.0,1.0,0.023333333333333334
gemini,order_reversed,reversed_04,Appliance,92,False,1.0,1.0,0.023333333333333334
gemini,order_reversed,reversed_05,Appliance,92,False,1.0,1.0,0.023333333333333334
gemini,extracted,,Appliance,93,False,1.0,1.0,0.018333333333333337
gemini,default_params,,Appliance,93,False,1.0,1.0,0.32249999999999995
gemini,extracted_per_run,shippedrun_01,Appliance,93,False,1.0,1.0,0.018333333333333337
gemini,extracted_per_run,shippedrun_02,Appliance,93,False,1.0,1.0,0.018333333333333337
gemini,extracted_per_run,shippedrun_03,Appliance,93,False,1.0,1.0,0.018333333333333337
gemini,extracted_per_run,shippedrun_04,Appliance,93,False,1.0,1.0,0.018333333333333337
gemini,extracted_per_run,shippedrun_05,Appliance,93,False,1.0,1.0,0.018333333333333337
gemini,order_control,control_01,Appliance,93,False,1.0,1.0,0.018333333333333337
gemini,order_control,control_02,Appliance,93,False,1.0,1.0,0.018333333333333337
gemini,order_control,control_03,Appliance,93,False,1.0,1.0,0.018333333333333337
gemini,order_reversed,reversed_01,Appliance,93,False,1.0,1.0,0.018333333333333337
gemini,order_reversed,reversed_02,Appliance,93,False,1.0,1.0,0.018333333333333337
gemini,order_reversed,reversed_03,Appliance,93,False,1.0,1.0,0.018333333333333337
gemini,order_reversed,reversed_04,Appliance,93,False,1.0,1.0,0.018333333333333337
gemini,order_reversed,reversed_05,Appliance,93,False,1.0,1.0,0.018333333333333337
gemini,extracted,,Appliance,94,False,1.0,1.0,0.06083333333333333
gemini,default_params,,Appliance,94,False,1.0,1.0,0.08916666666666667
gemini,extracted_per_run,shippedrun_01,Appliance,94,False,1.0,1.0,0.06833333333333334
gemini,extracted_per_run,shippedrun_02,Appliance,94,False,1.0,1.0,0.06833333333333334
gemini,extracted_per_run,shippedrun_03,Appliance,94,False,1.0,1.0,0.06833333333333334
gemini,extracted_per_run,shippedrun_04,Appliance,94,False,1.0,1.0,0.06833333333333334
gemini,extracted_per_run,shippedrun_05,Appliance,94,False,1.0,1.0,0.030833333333333334
gemini,order_control,control_01,Appliance,94,False,1.0,1.0,0.06833333333333334
gemini,order_control,control_02,Appliance,94,False,1.0,1.0,0.06833333333333334
gemini,order_control,control_03,Appliance,94,False,1.0,1.0,0.030833333333333334
gemini,order_reversed,reversed_01,Appliance,94,False,1.0,1.0,0.06833333333333334
gemini,order_reversed,reversed_02,Appliance,94,False,1.0,1.0,0.06833333333333334
gemini,order_reversed,reversed_03,Appliance,94,False,1.0,1.0,0.06833333333333334
gemini,order_reversed,reversed_04,Appliance,94,False,1.0,1.0,0.030833333333333334
gemini,order_reversed,reversed_05,Appliance,94,False,1.0,1.0,0.030833333333333334
gemini,extracted,,Appliance,95,False,1.0,1.0,0.26666666666666666
gemini,default_params,,Appliance,95,False,-1.0,0.0,0.23166666666666666
gemini,extracted_per_run,shippedrun_01,Appliance,95,False,1.0,1.0,0.26666666666666666
gemini,extracted_per_run,shippedrun_02,Appliance,95,False,1.0,1.0,0.26666666666666666
gemini,extracted_per_run,shippedrun_03,Appliance,95,False,1.0,1.0,0.26666666666666666
gemini,extracted_per_run,shippedrun_04,Appliance,95,False,1.0,1.0,0.26666666666666666
gemini,extracted_per_run,shippedrun_05,Appliance,95,False,1.0,1.0,0.26666666666666666
gemini,order_control,control_01,Appliance,95,False,1.0,1.0,0.26666666666666666
gemini,order_control,control_02,Appliance,95,False,1.0,1.0,0.26666666666666666
gemini,order_control,control_03,Appliance,95,False,1.0,1.0,0.26666666666666666
gemini,order_reversed,reversed_01,Appliance,95,False,1.0,1.0,0.26666666666666666
gemini,order_reversed,reversed_02,Appliance,95,False,1.0,1.0,0.26666666666666666
gemini,order_reversed,reversed_03,Appliance,95,False,1.0,1.0,0.26666666666666666
gemini,order_reversed,reversed_04,Appliance,95,False,1.0,1.0,0.26666666666666666
gemini,order_reversed,reversed_05,Appliance,95,False,1.0,1.0,0.26666666666666666
gemini,extracted,,Appliance,96,False,1.0,1.0,0.1425
gemini,default_params,,Appliance,96,False,-0.33333333333333337,0.0,0.2333333333333333
gemini,extracted_per_run,shippedrun_01,Appliance,96,False,1.0,1.0,0.1425
gemini,extracted_per_run,shippedrun_02,Appliance,96,False,1.0,1.0,0.1425
gemini,extracted_per_run,shippedrun_03,Appliance,96,False,1.0,1.0,0.14749999999999996
gemini,extracted_per_run,shippedrun_04,Appliance,96,False,1.0,1.0,0.1425
gemini,extracted_per_run,shippedrun_05,Appliance,96,False,1.0,1.0,0.1425
gemini,order_control,control_01,Appliance,96,False,1.0,1.0,0.14749999999999996
gemini,order_control,control_02,Appliance,96,False,1.0,1.0,0.14749999999999996
gemini,order_control,control_03,Appliance,96,False,1.0,1.0,0.1425
gemini,order_reversed,reversed_01,Appliance,96,False,1.0,1.0,0.1425
gemini,order_reversed,reversed_02,Appliance,96,False,1.0,1.0,0.1425
gemini,order_reversed,reversed_03,Appliance,96,False,1.0,1.0,0.1425
gemini,order_reversed,reversed_04,Appliance,96,False,1.0,1.0,0.1425
gemini,order_reversed,reversed_05,Appliance,96,False,1.0,1.0,0.1425
gemini,extracted,,Appliance,97,False,1.0,1.0,0.018333333333333337
gemini,default_params,,Appliance,97,False,-0.33333333333333337,0.0,0.46749999999999997
gemini,extracted_per_run,shippedrun_01,Appliance,97,False,1.0,1.0,0.018333333333333337
gemini,extracted_per_run,shippedrun_02,Appliance,97,False,1.0,1.0,0.018333333333333337
gemini,extracted_per_run,shippedrun_03,Appliance,97,False,1.0,1.0,0.018333333333333337
gemini,extracted_per_run,shippedrun_04,Appliance,97,False,1.0,1.0,0.018333333333333337
gemini,extracted_per_run,shippedrun_05,Appliance,97,False,1.0,1.0,0.018333333333333337
gemini,order_control,control_01,Appliance,97,False,1.0,1.0,0.018333333333333337
gemini,order_control,control_02,Appliance,97,False,1.0,1.0,0.018333333333333337
gemini,order_control,control_03,Appliance,97,False,1.0,1.0,0.018333333333333337
gemini,order_reversed,reversed_01,Appliance,97,False,1.0,1.0,0.018333333333333337
gemini,order_reversed,reversed_02,Appliance,97,False,1.0,1.0,0.018333333333333337
gemini,order_reversed,reversed_03,Appliance,97,False,1.0,1.0,0.018333333333333337
gemini,order_reversed,reversed_04,Appliance,97,False,1.0,1.0,0.018333333333333337
gemini,order_reversed,reversed_05,Appliance,97,False,1.0,1.0,0.018333333333333337
gemini,extracted,,Appliance,98,False,1.0,1.0,0.1325
gemini,default_params,,Appliance,98,False,-1.0,0.0,0.4991666666666667
gemini,extracted_per_run,shippedrun_01,Appliance,98,False,1.0,1.0,0.1325
gemini,extracted_per_run,shippedrun_02,Appliance,98,False,1.0,1.0,0.1325
gemini,extracted_per_run,shippedrun_03,Appliance,98,False,1.0,1.0,0.1325
gemini,extracted_per_run,shippedrun_04,Appliance,98,False,1.0,1.0,0.1325
gemini,extracted_per_run,shippedrun_05,Appliance,98,False,1.0,1.0,0.1325
gemini,order_control,control_01,Appliance,98,False,1.0,1.0,0.1325
gemini,order_control,control_02,Appliance,98,False,1.0,1.0,0.1325
gemini,order_control,control_03,Appliance,98,False,1.0,1.0,0.1325
gemini,order_reversed,reversed_01,Appliance,98,False,1.0,1.0,0.1325
gemini,order_reversed,reversed_02,Appliance,98,False,1.0,1.0,0.1325
gemini,order_reversed,reversed_03,Appliance,98,False,1.0,1.0,0.1325
gemini,order_reversed,reversed_04,Appliance,98,False,1.0,1.0,0.1325
gemini,order_reversed,reversed_05,Appliance,98,False,1.0,1.0,0.1325
gemini,extracted,,Appliance,99,False,1.0,1.0,0.10500000000000002
gemini,default_params,,Appliance,99,False,-1.0,0.0,0.2525
gemini,extracted_per_run,shippedrun_01,Appliance,99,False,1.0,1.0,0.11166666666666668
gemini,extracted_per_run,shippedrun_02,Appliance,99,False,1.0,1.0,0.11166666666666668
gemini,extracted_per_run,shippedrun_03,Appliance,99,False,1.0,1.0,0.07250000000000002
gemini,extracted_per_run,shippedrun_04,Appliance,99,False,1.0,1.0,0.11166666666666668
gemini,extracted_per_run,shippedrun_05,Appliance,99,False,1.0,1.0,0.11166666666666668
gemini,order_control,control_01,Appliance,99,False,1.0,1.0,0.11166666666666668
gemini,order_control,control_02,Appliance,99,False,1.0,1.0,0.11166666666666668
gemini,order_control,control_03,Appliance,99,False,1.0,1.0,0.07250000000000002
gemini,order_reversed,reversed_01,Appliance,99,False,1.0,1.0,0.07250000000000002
gemini,order_reversed,reversed_02,Appliance,99,False,1.0,1.0,0.07250000000000002
gemini,order_reversed,reversed_03,Appliance,99,False,1.0,1.0,0.07250000000000002
gemini,order_reversed,reversed_04,Appliance,99,False,1.0,1.0,0.07250000000000002
gemini,order_reversed,reversed_05,Appliance,99,False,1.0,1.0,0.07250000000000002
gemini,extracted,,Appliance,100,False,1.0,1.0,0.13583333333333333
gemini,default_params,,Appliance,100,False,0.33333333333333337,1.0,0.14250000000000004
gemini,extracted_per_run,shippedrun_01,Appliance,100,False,1.0,1.0,0.13583333333333333
gemini,extracted_per_run,shippedrun_02,Appliance,100,False,1.0,1.0,0.13583333333333333
gemini,extracted_per_run,shippedrun_03,Appliance,100,False,1.0,1.0,0.13583333333333333
gemini,extracted_per_run,shippedrun_04,Appliance,100,False,1.0,1.0,0.13583333333333333
gemini,extracted_per_run,shippedrun_05,Appliance,100,False,1.0,1.0,0.13583333333333333
gemini,order_control,control_01,Appliance,100,False,1.0,1.0,0.13583333333333333
gemini,order_control,control_02,Appliance,100,False,1.0,1.0,0.13583333333333333
gemini,order_control,control_03,Appliance,100,False,1.0,1.0,0.13583333333333333
gemini,order_reversed,reversed_01,Appliance,100,False,1.0,1.0,0.13583333333333333
gemini,order_reversed,reversed_02,Appliance,100,False,1.0,1.0,0.13583333333333333
gemini,order_reversed,reversed_03,Appliance,100,False,1.0,1.0,0.13583333333333333
gemini,order_reversed,reversed_04,Appliance,100,False,1.0,1.0,0.13583333333333333
gemini,order_reversed,reversed_05,Appliance,100,False,1.0,1.0,0.13583333333333333
gemini,extracted,,Appliance,101,False,1.0,1.0,0.12250000000000001
gemini,default_params,,Appliance,101,False,1.0,1.0,0.31416666666666665
gemini,extracted_per_run,shippedrun_01,Appliance,101,False,1.0,1.0,0.12250000000000001
gemini,extracted_per_run,shippedrun_02,Appliance,101,False,1.0,1.0,0.12250000000000001
gemini,extracted_per_run,shippedrun_03,Appliance,101,False,1.0,1.0,0.12250000000000001
gemini,extracted_per_run,shippedrun_04,Appliance,101,False,1.0,1.0,0.12250000000000001
gemini,extracted_per_run,shippedrun_05,Appliance,101,False,1.0,1.0,0.12250000000000001
gemini,order_control,control_01,Appliance,101,False,1.0,1.0,0.12250000000000001
gemini,order_control,control_02,Appliance,101,False,1.0,1.0,0.12250000000000001
gemini,order_control,control_03,Appliance,101,False,1.0,1.0,0.12250000000000001
gemini,order_reversed,reversed_01,Appliance,101,False,1.0,1.0,0.023333333333333334
gemini,order_reversed,reversed_02,Appliance,101,False,1.0,1.0,0.12250000000000001
gemini,order_reversed,reversed_03,Appliance,101,False,1.0,1.0,0.12250000000000001
gemini,order_reversed,reversed_04,Appliance,101,False,1.0,1.0,0.12250000000000001
gemini,order_reversed,reversed_05,Appliance,101,False,1.0,1.0,0.12250000000000001
gemini,extracted,,Appliance,102,False,0.33333333333333337,0.0,0.06333333333333334
gemini,default_params,,Appliance,102,False,1.0,1.0,0.16916666666666666
gemini,extracted_per_run,shippedrun_01,Appliance,102,False,0.33333333333333337,0.0,0.06333333333333334
gemini,extracted_per_run,shippedrun_02,Appliance,102,False,0.33333333333333337,0.0,0.06333333333333334
gemini,extracted_per_run,shippedrun_03,Appliance,102,False,0.33333333333333337,0.0,0.06333333333333334
gemini,extracted_per_run,shippedrun_04,Appliance,102,False,0.33333333333333337,0.0,0.06333333333333334
gemini,extracted_per_run,shippedrun_05,Appliance,102,False,0.33333333333333337,0.0,0.06333333333333334
gemini,order_control,control_01,Appliance,102,False,1.0,1.0,0.0
gemini,order_control,control_02,Appliance,102,False,0.33333333333333337,0.0,0.06333333333333334
gemini,order_control,control_03,Appliance,102,False,1.0,1.0,0.0
gemini,order_reversed,reversed_01,Appliance,102,False,0.33333333333333337,0.0,0.06333333333333334
gemini,order_reversed,reversed_02,Appliance,102,False,1.0,1.0,0.0
gemini,order_reversed,reversed_03,Appliance,102,False,1.0,1.0,0.0
gemini,order_reversed,reversed_04,Appliance,102,False,1.0,1.0,0.0
gemini,order_reversed,reversed_05,Appliance,102,False,1.0,1.0,0.0
gemini,extracted,,Appliance,103,False,1.0,1.0,0.007499999999999997
gemini,default_params,,Appliance,103,False,1.0,1.0,0.19000000000000003
gemini,extracted_per_run,shippedrun_01,Appliance,103,False,1.0,1.0,0.007499999999999997
gemini,extracted_per_run,shippedrun_02,Appliance,103,False,1.0,1.0,0.007499999999999997
gemini,extracted_per_run,shippedrun_03,Appliance,103,False,1.0,1.0,0.007499999999999997
gemini,extracted_per_run,shippedrun_04,Appliance,103,False,1.0,1.0,0.007499999999999997
gemini,extracted_per_run,shippedrun_05,Appliance,103,False,1.0,1.0,0.007499999999999997
gemini,order_control,control_01,Appliance,103,False,1.0,1.0,0.007499999999999997
gemini,order_control,control_02,Appliance,103,False,1.0,1.0,0.007499999999999997
gemini,order_control,control_03,Appliance,103,False,1.0,1.0,0.007499999999999997
gemini,order_reversed,reversed_01,Appliance,103,False,1.0,1.0,0.007499999999999997
gemini,order_reversed,reversed_02,Appliance,103,False,1.0,1.0,0.007499999999999997
gemini,order_reversed,reversed_03,Appliance,103,False,1.0,1.0,0.007499999999999997
gemini,order_reversed,reversed_04,Appliance,103,False,1.0,1.0,0.007499999999999997
gemini,order_reversed,reversed_05,Appliance,103,False,1.0,1.0,0.007499999999999997
gemini,extracted,,Appliance,104,False,1.0,1.0,0.025833333333333357
gemini,default_params,,Appliance,104,False,1.0,1.0,0.21666666666666667
gemini,extracted_per_run,shippedrun_01,Appliance,104,False,1.0,1.0,0.025833333333333357
gemini,extracted_per_run,shippedrun_02,Appliance,104,False,1.0,1.0,0.025833333333333357
gemini,extracted_per_run,shippedrun_03,Appliance,104,False,1.0,1.0,0.025833333333333357
gemini,extracted_per_run,shippedrun_04,Appliance,104,False,1.0,1.0,0.025833333333333357
gemini,extracted_per_run,shippedrun_05,Appliance,104,False,1.0,1.0,0.025833333333333357
gemini,order_control,control_01,Appliance,104,False,1.0,1.0,0.025833333333333357
gemini,order_control,control_02,Appliance,104,False,1.0,1.0,0.025833333333333357
gemini,order_control,control_03,Appliance,104,False,1.0,1.0,0.025833333333333357
gemini,order_reversed,reversed_01,Appliance,104,False,1.0,1.0,0.025833333333333357
gemini,order_reversed,reversed_02,Appliance,104,False,1.0,1.0,0.025833333333333357
gemini,order_reversed,reversed_03,Appliance,104,False,1.0,1.0,0.025833333333333357
gemini,order_reversed,reversed_04,Appliance,104,False,1.0,1.0,0.025833333333333357
gemini,order_reversed,reversed_05,Appliance,104,False,1.0,1.0,0.025833333333333357
gemini,extracted,,Appliance,105,False,1.0,1.0,0.0025000000000000022
gemini,default_params,,Appliance,105,False,-1.0,0.0,0.17750000000000002
gemini,extracted_per_run,shippedrun_01,Appliance,105,False,1.0,1.0,0.02999999999999997
gemini,extracted_per_run,shippedrun_02,Appliance,105,False,1.0,1.0,0.007500000000000007
gemini,extracted_per_run,shippedrun_03,Appliance,105,False,1.0,1.0,0.007500000000000007
gemini,extracted_per_run,shippedrun_04,Appliance,105,False,1.0,1.0,0.007500000000000007
gemini,extracted_per_run,shippedrun_05,Appliance,105,False,1.0,1.0,0.007500000000000007
gemini,order_control,control_01,Appliance,105,False,1.0,1.0,0.007500000000000007
gemini,order_control,control_02,Appliance,105,False,1.0,1.0,0.007500000000000007
gemini,order_control,control_03,Appliance,105,False,1.0,1.0,0.007500000000000007
gemini,order_reversed,reversed_01,Appliance,105,False,1.0,1.0,0.007500000000000007
gemini,order_reversed,reversed_02,Appliance,105,False,1.0,1.0,0.007500000000000007
gemini,order_reversed,reversed_03,Appliance,105,False,1.0,1.0,0.007500000000000007
gemini,order_reversed,reversed_04,Appliance,105,False,1.0,1.0,0.007500000000000007
gemini,order_reversed,reversed_05,Appliance,105,False,1.0,1.0,0.007500000000000007
gemini,extracted,,Appliance,106,False,1.0,1.0,0.007500000000000007
gemini,default_params,,Appliance,106,False,-1.0,0.0,0.2041666666666667
gemini,extracted_per_run,shippedrun_01,Appliance,106,False,1.0,1.0,0.007500000000000007
gemini,extracted_per_run,shippedrun_02,Appliance,106,False,1.0,1.0,0.007500000000000007
gemini,extracted_per_run,shippedrun_03,Appliance,106,False,1.0,1.0,0.007500000000000007
gemini,extracted_per_run,shippedrun_04,Appliance,106,False,1.0,1.0,0.007500000000000007
gemini,extracted_per_run,shippedrun_05,Appliance,106,False,1.0,1.0,0.007500000000000007
gemini,order_control,control_01,Appliance,106,False,1.0,1.0,0.007500000000000007
gemini,order_control,control_02,Appliance,106,False,1.0,1.0,0.007500000000000007
gemini,order_control,control_03,Appliance,106,False,1.0,1.0,0.007500000000000007
gemini,order_reversed,reversed_01,Appliance,106,False,1.0,1.0,0.007500000000000007
gemini,order_reversed,reversed_02,Appliance,106,False,1.0,1.0,0.0025000000000000022
gemini,order_reversed,reversed_03,Appliance,106,False,1.0,1.0,0.007500000000000007
gemini,order_reversed,reversed_04,Appliance,106,False,1.0,1.0,0.13749999999999998
gemini,order_reversed,reversed_05,Appliance,106,False,1.0,1.0,0.007500000000000007
gemini,extracted,,Appliance,107,False,1.0,1.0,0.03416666666666666
gemini,default_params,,Appliance,107,False,-0.33333333333333337,0.0,0.3233333333333333
gemini,extracted_per_run,shippedrun_01,Appliance,107,False,1.0,1.0,0.03416666666666666
gemini,extracted_per_run,shippedrun_02,Appliance,107,False,1.0,1.0,0.03416666666666666
gemini,extracted_per_run,shippedrun_03,Appliance,107,False,1.0,1.0,0.03416666666666666
gemini,extracted_per_run,shippedrun_04,Appliance,107,False,1.0,1.0,0.03416666666666666
gemini,extracted_per_run,shippedrun_05,Appliance,107,False,1.0,1.0,0.03416666666666666
gemini,order_control,control_01,Appliance,107,False,1.0,1.0,0.03416666666666666
gemini,order_control,control_02,Appliance,107,False,1.0,1.0,0.03416666666666666
gemini,order_control,control_03,Appliance,107,False,1.0,1.0,0.03416666666666666
gemini,order_reversed,reversed_01,Appliance,107,False,1.0,1.0,0.03416666666666666
gemini,order_reversed,reversed_02,Appliance,107,False,1.0,1.0,0.03416666666666666
gemini,order_reversed,reversed_03,Appliance,107,False,1.0,1.0,0.03416666666666666
gemini,order_reversed,reversed_04,Appliance,107,False,1.0,1.0,0.03416666666666666
gemini,order_reversed,reversed_05,Appliance,107,False,1.0,1.0,0.03416666666666666
gemini,extracted,,Appliance,108,False,1.0,1.0,0.13333333333333333
gemini,default_params,,Appliance,108,False,-1.0,0.0,0.23583333333333334
gemini,extracted_per_run,shippedrun_01,Appliance,108,False,1.0,1.0,0.13333333333333333
gemini,extracted_per_run,shippedrun_02,Appliance,108,False,1.0,1.0,0.13333333333333333
gemini,extracted_per_run,shippedrun_03,Appliance,108,False,1.0,1.0,0.13333333333333333
gemini,extracted_per_run,shippedrun_04,Appliance,108,False,1.0,1.0,0.13333333333333333
gemini,extracted_per_run,shippedrun_05,Appliance,108,False,1.0,1.0,0.13333333333333333
gemini,order_control,control_01,Appliance,108,False,1.0,1.0,0.13333333333333333
gemini,order_control,control_02,Appliance,108,False,1.0,1.0,0.13333333333333333
gemini,order_control,control_03,Appliance,108,False,1.0,1.0,0.13333333333333333
gemini,order_reversed,reversed_01,Appliance,108,False,1.0,1.0,0.13333333333333333
gemini,order_reversed,reversed_02,Appliance,108,False,1.0,1.0,0.13333333333333333
gemini,order_reversed,reversed_03,Appliance,108,False,1.0,1.0,0.13333333333333333
gemini,order_reversed,reversed_04,Appliance,108,False,1.0,1.0,0.13333333333333333
gemini,order_reversed,reversed_05,Appliance,108,False,1.0,1.0,0.13333333333333333
gemini,extracted,,Appliance,109,False,1.0,1.0,0.1625
gemini,default_params,,Appliance,109,False,0.33333333333333337,0.0,0.2333333333333333
gemini,extracted_per_run,shippedrun_01,Appliance,109,False,1.0,1.0,0.1625
gemini,extracted_per_run,shippedrun_02,Appliance,109,False,1.0,1.0,0.1625
gemini,extracted_per_run,shippedrun_03,Appliance,109,False,1.0,1.0,0.1625
gemini,extracted_per_run,shippedrun_04,Appliance,109,False,1.0,1.0,0.15083333333333335
gemini,extracted_per_run,shippedrun_05,Appliance,109,False,1.0,1.0,0.15083333333333335
gemini,order_control,control_01,Appliance,109,False,1.0,1.0,0.1625
gemini,order_control,control_02,Appliance,109,False,1.0,1.0,0.15083333333333335
gemini,order_control,control_03,Appliance,109,False,1.0,1.0,0.15083333333333335
gemini,order_reversed,reversed_01,Appliance,109,False,1.0,1.0,0.15083333333333335
gemini,order_reversed,reversed_02,Appliance,109,False,1.0,1.0,0.15083333333333335
gemini,order_reversed,reversed_03,Appliance,109,False,1.0,1.0,0.15083333333333335
gemini,order_reversed,reversed_04,Appliance,109,False,1.0,1.0,0.15083333333333335
gemini,order_reversed,reversed_05,Appliance,109,False,1.0,1.0,0.15083333333333335
gemini,extracted,,Appliance,110,False,1.0,1.0,0.02999999999999999
gemini,default_params,,Appliance,110,False,-0.33333333333333337,0.0,0.36833333333333335
gemini,extracted_per_run,shippedrun_01,Appliance,110,False,1.0,1.0,0.022499999999999982
gemini,extracted_per_run,shippedrun_02,Appliance,110,False,1.0,1.0,0.022499999999999982
gemini,extracted_per_run,shippedrun_03,Appliance,110,False,1.0,1.0,0.022499999999999982
gemini,extracted_per_run,shippedrun_04,Appliance,110,False,1.0,1.0,0.055833333333333325
gemini,extracted_per_run,shippedrun_05,Appliance,110,False,1.0,1.0,0.022499999999999982
gemini,order_control,control_01,Appliance,110,False,1.0,1.0,0.022499999999999982
gemini,order_control,control_02,Appliance,110,False,1.0,1.0,0.022499999999999982
gemini,order_control,control_03,Appliance,110,False,1.0,1.0,0.022499999999999982
gemini,order_reversed,reversed_01,Appliance,110,False,1.0,1.0,0.022499999999999982
gemini,order_reversed,reversed_02,Appliance,110,False,1.0,1.0,0.022499999999999982
gemini,order_reversed,reversed_03,Appliance,110,False,1.0,1.0,0.022499999999999982
gemini,order_reversed,reversed_04,Appliance,110,False,1.0,1.0,0.022499999999999982
gemini,order_reversed,reversed_05,Appliance,110,False,1.0,1.0,0.022499999999999982
gemini,extracted,,Appliance,111,False,1.0,1.0,0.005833333333333334
gemini,default_params,,Appliance,111,False,0.33333333333333337,1.0,0.12083333333333333
gemini,extracted_per_run,shippedrun_01,Appliance,111,False,1.0,1.0,0.005833333333333334
gemini,extracted_per_run,shippedrun_02,Appliance,111,False,1.0,1.0,0.005833333333333334
gemini,extracted_per_run,shippedrun_03,Appliance,111,False,1.0,1.0,0.005833333333333334
gemini,extracted_per_run,shippedrun_04,Appliance,111,False,1.0,1.0,0.005833333333333334
gemini,extracted_per_run,shippedrun_05,Appliance,111,False,1.0,1.0,0.005833333333333334
gemini,order_control,control_01,Appliance,111,False,1.0,1.0,0.005833333333333334
gemini,order_control,control_02,Appliance,111,False,1.0,1.0,0.005833333333333334
gemini,order_control,control_03,Appliance,111,False,1.0,1.0,0.005833333333333334
gemini,order_reversed,reversed_01,Appliance,111,False,1.0,1.0,0.005833333333333334
gemini,order_reversed,reversed_02,Appliance,111,False,1.0,1.0,0.005833333333333334
gemini,order_reversed,reversed_03,Appliance,111,False,1.0,1.0,0.005833333333333334
gemini,order_reversed,reversed_04,Appliance,111,False,1.0,1.0,0.005833333333333334
gemini,order_reversed,reversed_05,Appliance,111,False,1.0,1.0,0.005833333333333334
gemini,extracted,,Appliance,112,False,1.0,1.0,0.08083333333333335
gemini,default_params,,Appliance,112,False,0.33333333333333337,0.0,0.26333333333333336
gemini,extracted_per_run,shippedrun_01,Appliance,112,False,1.0,1.0,0.08083333333333335
gemini,extracted_per_run,shippedrun_02,Appliance,112,False,1.0,1.0,0.08083333333333335
gemini,extracted_per_run,shippedrun_03,Appliance,112,False,1.0,1.0,0.08083333333333335
gemini,extracted_per_run,shippedrun_04,Appliance,112,False,1.0,1.0,0.08083333333333335
gemini,extracted_per_run,shippedrun_05,Appliance,112,False,1.0,1.0,0.08083333333333335
gemini,order_control,control_01,Appliance,112,False,1.0,1.0,0.08083333333333335
gemini,order_control,control_02,Appliance,112,False,1.0,1.0,0.08083333333333335
gemini,order_control,control_03,Appliance,112,False,1.0,1.0,0.08083333333333335
gemini,order_reversed,reversed_01,Appliance,112,False,1.0,1.0,0.08083333333333335
gemini,order_reversed,reversed_02,Appliance,112,False,1.0,1.0,0.08083333333333335
gemini,order_reversed,reversed_03,Appliance,112,False,1.0,1.0,0.08083333333333335
gemini,order_reversed,reversed_04,Appliance,112,False,1.0,1.0,0.08083333333333335
gemini,order_reversed,reversed_05,Appliance,112,False,1.0,1.0,0.08083333333333335
gemini,extracted,,Appliance,113,False,1.0,1.0,0.005833333333333339
gemini,default_params,,Appliance,113,False,0.33333333333333337,0.0,0.11499999999999999
gemini,extracted_per_run,shippedrun_01,Appliance,113,False,1.0,1.0,0.005833333333333339
gemini,extracted_per_run,shippedrun_02,Appliance,113,False,1.0,1.0,0.005833333333333339
gemini,extracted_per_run,shippedrun_03,Appliance,113,False,1.0,1.0,0.005833333333333339
gemini,extracted_per_run,shippedrun_04,Appliance,113,False,1.0,1.0,0.005833333333333339
gemini,extracted_per_run,shippedrun_05,Appliance,113,False,1.0,1.0,0.005833333333333339
gemini,order_control,control_01,Appliance,113,False,1.0,1.0,0.005833333333333339
gemini,order_control,control_02,Appliance,113,False,1.0,1.0,0.005833333333333339
gemini,order_control,control_03,Appliance,113,False,1.0,1.0,0.005833333333333339
gemini,order_reversed,reversed_01,Appliance,113,False,1.0,1.0,0.005833333333333339
gemini,order_reversed,reversed_02,Appliance,113,False,1.0,1.0,0.005833333333333339
gemini,order_reversed,reversed_03,Appliance,113,False,1.0,1.0,0.005833333333333339
gemini,order_reversed,reversed_04,Appliance,113,False,1.0,1.0,0.005833333333333339
gemini,order_reversed,reversed_05,Appliance,113,False,1.0,1.0,0.005833333333333339
gemini,extracted,,Appliance,114,False,1.0,1.0,0.14083333333333334
gemini,default_params,,Appliance,114,False,1.0,1.0,0.12333333333333334
gemini,extracted_per_run,shippedrun_01,Appliance,114,False,1.0,1.0,0.14083333333333334
gemini,extracted_per_run,shippedrun_02,Appliance,114,False,1.0,1.0,0.14083333333333334
gemini,extracted_per_run,shippedrun_03,Appliance,114,False,1.0,1.0,0.14083333333333334
gemini,extracted_per_run,shippedrun_04,Appliance,114,False,1.0,1.0,0.14083333333333334
gemini,extracted_per_run,shippedrun_05,Appliance,114,False,1.0,1.0,0.14083333333333334
gemini,order_control,control_01,Appliance,114,False,1.0,1.0,0.14083333333333334
gemini,order_control,control_02,Appliance,114,False,1.0,1.0,0.14083333333333334
gemini,order_control,control_03,Appliance,114,False,1.0,1.0,0.14083333333333334
gemini,order_reversed,reversed_01,Appliance,114,False,1.0,1.0,0.14083333333333334
gemini,order_reversed,reversed_02,Appliance,114,False,1.0,1.0,0.14083333333333334
gemini,order_reversed,reversed_03,Appliance,114,False,1.0,1.0,0.10333333333333332
gemini,order_reversed,reversed_04,Appliance,114,False,1.0,1.0,0.14083333333333334
gemini,order_reversed,reversed_05,Appliance,114,False,1.0,1.0,0.14083333333333334
gemini,extracted,,Appliance,115,False,1.0,1.0,0.06916666666666667
gemini,default_params,,Appliance,115,False,1.0,1.0,0.23416666666666663
gemini,extracted_per_run,shippedrun_01,Appliance,115,False,1.0,1.0,0.06916666666666667
gemini,extracted_per_run,shippedrun_02,Appliance,115,False,1.0,1.0,0.06916666666666667
gemini,extracted_per_run,shippedrun_03,Appliance,115,False,1.0,1.0,0.06916666666666667
gemini,extracted_per_run,shippedrun_04,Appliance,115,False,1.0,1.0,0.06916666666666667
gemini,extracted_per_run,shippedrun_05,Appliance,115,False,1.0,1.0,0.06916666666666667
gemini,order_control,control_01,Appliance,115,False,1.0,1.0,0.06916666666666667
gemini,order_control,control_02,Appliance,115,False,1.0,1.0,0.06916666666666667
gemini,order_control,control_03,Appliance,115,False,1.0,1.0,0.06916666666666667
gemini,order_reversed,reversed_01,Appliance,115,False,1.0,1.0,0.06916666666666667
gemini,order_reversed,reversed_02,Appliance,115,False,1.0,1.0,0.06916666666666667
gemini,order_reversed,reversed_03,Appliance,115,False,1.0,1.0,0.06916666666666667
gemini,order_reversed,reversed_04,Appliance,115,False,1.0,1.0,0.06916666666666667
gemini,order_reversed,reversed_05,Appliance,115,False,1.0,1.0,0.06916666666666667
gemini,extracted,,Appliance,116,False,1.0,1.0,0.012500000000000011
gemini,default_params,,Appliance,116,False,1.0,1.0,0.10999999999999999
gemini,extracted_per_run,shippedrun_01,Appliance,116,False,1.0,1.0,0.015000000000000013
gemini,extracted_per_run,shippedrun_02,Appliance,116,False,1.0,1.0,0.020000000000000018
gemini,extracted_per_run,shippedrun_03,Appliance,116,False,1.0,1.0,0.020000000000000018
gemini,extracted_per_run,shippedrun_04,Appliance,116,False,1.0,1.0,0.0025000000000000022
gemini,extracted_per_run,shippedrun_05,Appliance,116,False,1.0,1.0,0.0025000000000000022
gemini,order_control,control_01,Appliance,116,False,1.0,1.0,0.007500000000000007
gemini,order_control,control_02,Appliance,116,False,1.0,1.0,0.0025000000000000022
gemini,order_control,control_03,Appliance,116,False,1.0,1.0,0.007500000000000007
gemini,order_reversed,reversed_01,Appliance,116,False,1.0,1.0,0.007500000000000007
gemini,order_reversed,reversed_02,Appliance,116,False,1.0,1.0,0.007500000000000007
gemini,order_reversed,reversed_03,Appliance,116,False,1.0,1.0,0.007500000000000007
gemini,order_reversed,reversed_04,Appliance,116,False,1.0,1.0,0.007500000000000007
gemini,order_reversed,reversed_05,Appliance,116,False,1.0,1.0,0.155
gemini,extracted,,Appliance,117,False,1.0,1.0,0.008333333333333333
gemini,default_params,,Appliance,117,False,0.33333333333333337,1.0,0.26416666666666666
gemini,extracted_per_run,shippedrun_01,Appliance,117,False,1.0,1.0,0.008333333333333333
gemini,extracted_per_run,shippedrun_02,Appliance,117,False,1.0,1.0,0.008333333333333333
gemini,extracted_per_run,shippedrun_03,Appliance,117,False,1.0,1.0,0.008333333333333333
gemini,extracted_per_run,shippedrun_04,Appliance,117,False,1.0,1.0,0.008333333333333333
gemini,extracted_per_run,shippedrun_05,Appliance,117,False,1.0,1.0,0.008333333333333333
gemini,order_control,control_01,Appliance,117,False,1.0,1.0,0.008333333333333333
gemini,order_control,control_02,Appliance,117,False,1.0,1.0,0.008333333333333333
gemini,order_control,control_03,Appliance,117,False,1.0,1.0,0.026666666666666672
gemini,order_reversed,reversed_01,Appliance,117,False,1.0,1.0,0.008333333333333333
gemini,order_reversed,reversed_02,Appliance,117,False,1.0,1.0,0.008333333333333333
gemini,order_reversed,reversed_03,Appliance,117,False,1.0,1.0,0.008333333333333333
gemini,order_reversed,reversed_04,Appliance,117,False,1.0,1.0,0.008333333333333333
gemini,order_reversed,reversed_05,Appliance,117,False,1.0,1.0,0.008333333333333333
gemini,extracted,,Appliance,118,False,1.0,1.0,0.11333333333333333
gemini,default_params,,Appliance,118,False,-1.0,0.0,0.3016666666666667
gemini,extracted_per_run,shippedrun_01,Appliance,118,False,1.0,1.0,0.13416666666666666
gemini,extracted_per_run,shippedrun_02,Appliance,118,False,1.0,1.0,0.12749999999999997
gemini,extracted_per_run,shippedrun_03,Appliance,118,False,1.0,1.0,0.06
gemini,extracted_per_run,shippedrun_04,Appliance,118,False,1.0,1.0,0.12749999999999997
gemini,extracted_per_run,shippedrun_05,Appliance,118,False,1.0,1.0,0.13416666666666666
gemini,order_control,control_01,Appliance,118,False,1.0,1.0,0.12749999999999997
gemini,order_control,control_02,Appliance,118,False,1.0,1.0,0.006666666666666672
gemini,order_control,control_03,Appliance,118,False,1.0,1.0,0.001666666666666668
gemini,order_reversed,reversed_01,Appliance,118,False,1.0,1.0,0.12749999999999997
gemini,order_reversed,reversed_02,Appliance,118,False,1.0,1.0,0.06
gemini,order_reversed,reversed_03,Appliance,118,False,1.0,1.0,0.12749999999999997
gemini,order_reversed,reversed_04,Appliance,118,False,1.0,1.0,0.12749999999999997
gemini,order_reversed,reversed_05,Appliance,118,False,1.0,1.0,0.12749999999999997
gemini,extracted,,Appliance,119,False,1.0,1.0,0.09666666666666668
gemini,default_params,,Appliance,119,False,-1.0,0.0,0.30583333333333335
gemini,extracted_per_run,shippedrun_01,Appliance,119,False,1.0,1.0,0.013333333333333345
gemini,extracted_per_run,shippedrun_02,Appliance,119,False,1.0,1.0,0.06833333333333332
gemini,extracted_per_run,shippedrun_03,Appliance,119,False,1.0,1.0,0.14416666666666667
gemini,extracted_per_run,shippedrun_04,Appliance,119,False,1.0,1.0,0.1075
gemini,extracted_per_run,shippedrun_05,Appliance,119,False,1.0,1.0,0.14416666666666667
gemini,order_control,control_01,Appliance,119,False,1.0,1.0,0.013333333333333345
gemini,order_control,control_02,Appliance,119,False,1.0,1.0,0.013333333333333345
gemini,order_control,control_03,Appliance,119,False,1.0,1.0,0.013333333333333345
gemini,order_reversed,reversed_01,Appliance,119,False,1.0,1.0,0.14416666666666667
gemini,order_reversed,reversed_02,Appliance,119,False,1.0,1.0,0.14416666666666667
gemini,order_reversed,reversed_03,Appliance,119,False,1.0,1.0,0.14416666666666667
gemini,order_reversed,reversed_04,Appliance,119,False,1.0,1.0,0.14416666666666667
gemini,order_reversed,reversed_05,Appliance,119,False,1.0,1.0,0.14416666666666667
gemini,extracted,,Appliance,120,False,1.0,1.0,0.035
gemini,default_params,,Appliance,120,False,-1.0,0.0,0.44083333333333335
gemini,extracted_per_run,shippedrun_01,Appliance,120,False,1.0,1.0,0.035
gemini,extracted_per_run,shippedrun_02,Appliance,120,False,1.0,1.0,0.035
gemini,extracted_per_run,shippedrun_03,Appliance,120,False,1.0,1.0,0.035
gemini,extracted_per_run,shippedrun_04,Appliance,120,False,1.0,1.0,0.035
gemini,extracted_per_run,shippedrun_05,Appliance,120,False,1.0,1.0,0.035
gemini,order_control,control_01,Appliance,120,False,1.0,1.0,0.035
gemini,order_control,control_02,Appliance,120,False,1.0,1.0,0.035
gemini,order_control,control_03,Appliance,120,False,1.0,1.0,0.035
gemini,order_reversed,reversed_01,Appliance,120,False,1.0,1.0,0.0
gemini,order_reversed,reversed_02,Appliance,120,False,1.0,1.0,0.035
gemini,order_reversed,reversed_03,Appliance,120,False,1.0,1.0,0.035
gemini,order_reversed,reversed_04,Appliance,120,False,1.0,1.0,0.035
gemini,order_reversed,reversed_05,Appliance,120,False,1.0,1.0,0.035
gemini,extracted,,Appliance,121,False,1.0,1.0,0.0025000000000000022
gemini,default_params,,Appliance,121,False,-0.33333333333333337,0.0,0.15583333333333335
gemini,extracted_per_run,shippedrun_01,Appliance,121,False,1.0,1.0,0.0025000000000000022
gemini,extracted_per_run,shippedrun_02,Appliance,121,False,1.0,1.0,0.0025000000000000022
gemini,extracted_per_run,shippedrun_03,Appliance,121,False,1.0,1.0,0.0025000000000000022
gemini,extracted_per_run,shippedrun_04,Appliance,121,False,1.0,1.0,0.0025000000000000022
gemini,extracted_per_run,shippedrun_05,Appliance,121,False,1.0,1.0,0.0025000000000000022
gemini,order_control,control_01,Appliance,121,False,1.0,1.0,0.0025000000000000022
gemini,order_control,control_02,Appliance,121,False,1.0,1.0,0.0025000000000000022
gemini,order_control,control_03,Appliance,121,False,1.0,1.0,0.0025000000000000022
gemini,order_reversed,reversed_01,Appliance,121,False,1.0,1.0,0.0025000000000000022
gemini,order_reversed,reversed_02,Appliance,121,False,1.0,1.0,0.0025000000000000022
gemini,order_reversed,reversed_03,Appliance,121,False,1.0,1.0,0.0025000000000000022
gemini,order_reversed,reversed_04,Appliance,121,False,1.0,1.0,0.0025000000000000022
gemini,order_reversed,reversed_05,Appliance,121,False,1.0,1.0,0.0025000000000000022
gemini,extracted,,Appliance,122,False,1.0,1.0,0.03083333333333334
gemini,default_params,,Appliance,122,False,-0.33333333333333337,0.0,0.465
gemini,extracted_per_run,shippedrun_01,Appliance,122,False,1.0,1.0,0.021666666666666678
gemini,extracted_per_run,shippedrun_02,Appliance,122,False,1.0,1.0,0.021666666666666678
gemini,extracted_per_run,shippedrun_03,Appliance,122,False,1.0,1.0,0.04833333333333333
gemini,extracted_per_run,shippedrun_04,Appliance,122,False,1.0,1.0,0.021666666666666678
gemini,extracted_per_run,shippedrun_05,Appliance,122,False,1.0,1.0,0.04833333333333333
gemini,order_control,control_01,Appliance,122,False,1.0,1.0,0.04833333333333333
gemini,order_control,control_02,Appliance,122,False,1.0,1.0,0.04833333333333333
gemini,order_control,control_03,Appliance,122,False,1.0,1.0,0.04833333333333333
gemini,order_reversed,reversed_01,Appliance,122,False,1.0,1.0,0.04833333333333333
gemini,order_reversed,reversed_02,Appliance,122,False,1.0,1.0,0.04833333333333333
gemini,order_reversed,reversed_03,Appliance,122,False,1.0,1.0,0.04833333333333333
gemini,order_reversed,reversed_04,Appliance,122,False,1.0,1.0,0.04833333333333333
gemini,order_reversed,reversed_05,Appliance,122,False,1.0,1.0,0.04833333333333333
gemini,extracted,,Appliance,123,False,1.0,1.0,0.012499999999999983
gemini,default_params,,Appliance,123,False,-0.33333333333333337,0.0,0.21833333333333335
gemini,extracted_per_run,shippedrun_01,Appliance,123,False,1.0,1.0,0.012499999999999983
gemini,extracted_per_run,shippedrun_02,Appliance,123,False,1.0,1.0,0.012499999999999983
gemini,extracted_per_run,shippedrun_03,Appliance,123,False,1.0,1.0,0.012499999999999983
gemini,extracted_per_run,shippedrun_04,Appliance,123,False,1.0,1.0,0.012499999999999983
gemini,extracted_per_run,shippedrun_05,Appliance,123,False,1.0,1.0,0.012499999999999983
gemini,order_control,control_01,Appliance,123,False,1.0,1.0,0.012499999999999983
gemini,order_control,control_02,Appliance,123,False,1.0,1.0,0.012499999999999983
gemini,order_control,control_03,Appliance,123,False,1.0,1.0,0.012499999999999983
gemini,order_reversed,reversed_01,Appliance,123,False,1.0,1.0,0.012499999999999983
gemini,order_reversed,reversed_02,Appliance,123,False,1.0,1.0,0.012499999999999983
gemini,order_reversed,reversed_03,Appliance,123,False,1.0,1.0,0.012499999999999983
gemini,order_reversed,reversed_04,Appliance,123,False,1.0,1.0,0.012499999999999983
gemini,order_reversed,reversed_05,Appliance,123,False,1.0,1.0,0.012499999999999983
gemini,extracted,,Appliance,124,False,1.0,1.0,0.057500000000000016
gemini,default_params,,Appliance,124,False,1.0,1.0,0.2525
gemini,extracted_per_run,shippedrun_01,Appliance,124,False,1.0,1.0,0.057500000000000016
gemini,extracted_per_run,shippedrun_02,Appliance,124,False,1.0,1.0,0.057500000000000016
gemini,extracted_per_run,shippedrun_03,Appliance,124,False,1.0,1.0,0.057500000000000016
gemini,extracted_per_run,shippedrun_04,Appliance,124,False,1.0,1.0,0.057500000000000016
gemini,extracted_per_run,shippedrun_05,Appliance,124,False,1.0,1.0,0.057500000000000016
gemini,order_control,control_01,Appliance,124,False,1.0,1.0,0.057500000000000016
gemini,order_control,control_02,Appliance,124,False,1.0,1.0,0.057500000000000016
gemini,order_control,control_03,Appliance,124,False,1.0,1.0,0.057500000000000016
gemini,order_reversed,reversed_01,Appliance,124,False,1.0,1.0,0.057500000000000016
gemini,order_reversed,reversed_02,Appliance,124,False,1.0,1.0,0.057500000000000016
gemini,order_reversed,reversed_03,Appliance,124,False,1.0,1.0,0.057500000000000016
gemini,order_reversed,reversed_04,Appliance,124,False,1.0,1.0,0.057500000000000016
gemini,order_reversed,reversed_05,Appliance,124,False,1.0,1.0,0.057500000000000016
gemini,extracted,,Appliance,125,False,1.0,1.0,0.16416666666666663
gemini,default_params,,Appliance,125,False,0.33333333333333337,1.0,0.11249999999999998
gemini,extracted_per_run,shippedrun_01,Appliance,125,False,1.0,1.0,0.1608333333333333
gemini,extracted_per_run,shippedrun_02,Appliance,125,False,1.0,1.0,0.14
gemini,extracted_per_run,shippedrun_03,Appliance,125,False,1.0,1.0,0.18333333333333332
gemini,extracted_per_run,shippedrun_04,Appliance,125,False,1.0,1.0,0.18333333333333332
gemini,extracted_per_run,shippedrun_05,Appliance,125,False,1.0,1.0,0.1608333333333333
gemini,order_control,control_01,Appliance,125,False,1.0,1.0,0.1608333333333333
gemini,order_control,control_02,Appliance,125,False,1.0,1.0,0.1608333333333333
gemini,order_control,control_03,Appliance,125,False,1.0,1.0,0.1608333333333333
gemini,order_reversed,reversed_01,Appliance,125,False,1.0,1.0,0.1608333333333333
gemini,order_reversed,reversed_02,Appliance,125,False,1.0,1.0,0.1608333333333333
gemini,order_reversed,reversed_03,Appliance,125,False,1.0,1.0,0.1608333333333333
gemini,order_reversed,reversed_04,Appliance,125,False,1.0,1.0,0.1608333333333333
gemini,order_reversed,reversed_05,Appliance,125,False,1.0,1.0,0.1608333333333333
gemini,extracted,,Appliance,126,False,1.0,1.0,0.020833333333333353
gemini,default_params,,Appliance,126,False,0.33333333333333337,1.0,0.13000000000000003
gemini,extracted_per_run,shippedrun_01,Appliance,126,False,1.0,1.0,0.020833333333333353
gemini,extracted_per_run,shippedrun_02,Appliance,126,False,1.0,1.0,0.020833333333333353
gemini,extracted_per_run,shippedrun_03,Appliance,126,False,1.0,1.0,0.020833333333333353
gemini,extracted_per_run,shippedrun_04,Appliance,126,False,1.0,1.0,0.020833333333333353
gemini,extracted_per_run,shippedrun_05,Appliance,126,False,1.0,1.0,0.020833333333333353
gemini,order_control,control_01,Appliance,126,False,1.0,1.0,0.020833333333333353
gemini,order_control,control_02,Appliance,126,False,1.0,1.0,0.020833333333333353
gemini,order_control,control_03,Appliance,126,False,1.0,1.0,0.020833333333333353
gemini,order_reversed,reversed_01,Appliance,126,False,1.0,1.0,0.020833333333333353
gemini,order_reversed,reversed_02,Appliance,126,False,1.0,1.0,0.020833333333333353
gemini,order_reversed,reversed_03,Appliance,126,False,1.0,1.0,0.020833333333333353
gemini,order_reversed,reversed_04,Appliance,126,False,1.0,1.0,0.020833333333333353
gemini,order_reversed,reversed_05,Appliance,126,False,1.0,1.0,0.020833333333333353
gemini,extracted,,Appliance,127,False,1.0,1.0,0.12
gemini,default_params,,Appliance,127,False,0.33333333333333337,1.0,0.18333333333333335
gemini,extracted_per_run,shippedrun_01,Appliance,127,False,1.0,1.0,0.12
gemini,extracted_per_run,shippedrun_02,Appliance,127,False,1.0,1.0,0.12
gemini,extracted_per_run,shippedrun_03,Appliance,127,False,1.0,1.0,0.12
gemini,extracted_per_run,shippedrun_04,Appliance,127,False,1.0,1.0,0.12
gemini,extracted_per_run,shippedrun_05,Appliance,127,False,1.0,1.0,0.12
gemini,order_control,control_01,Appliance,127,False,1.0,1.0,0.05666666666666667
gemini,order_control,control_02,Appliance,127,False,1.0,1.0,0.12
gemini,order_control,control_03,Appliance,127,False,1.0,1.0,0.12
gemini,order_reversed,reversed_01,Appliance,127,False,1.0,1.0,0.12
gemini,order_reversed,reversed_02,Appliance,127,False,1.0,1.0,0.12
gemini,order_reversed,reversed_03,Appliance,127,False,1.0,1.0,0.12
gemini,order_reversed,reversed_04,Appliance,127,False,1.0,1.0,0.12
gemini,order_reversed,reversed_05,Appliance,127,False,1.0,1.0,0.09000000000000001
gemini,extracted,,Appliance,128,False,1.0,1.0,0.037499999999999985
gemini,default_params,,Appliance,128,False,0.33333333333333337,1.0,0.2983333333333334
gemini,extracted_per_run,shippedrun_01,Appliance,128,False,1.0,1.0,0.037499999999999985
gemini,extracted_per_run,shippedrun_02,Appliance,128,False,1.0,1.0,0.037499999999999985
gemini,extracted_per_run,shippedrun_03,Appliance,128,False,1.0,1.0,0.037499999999999985
gemini,extracted_per_run,shippedrun_04,Appliance,128,False,1.0,1.0,0.037499999999999985
gemini,extracted_per_run,shippedrun_05,Appliance,128,False,1.0,1.0,0.037499999999999985
gemini,order_control,control_01,Appliance,128,False,1.0,1.0,0.010833333333333335
gemini,order_control,control_02,Appliance,128,False,1.0,1.0,0.037499999999999985
gemini,order_control,control_03,Appliance,128,False,1.0,1.0,0.037499999999999985
gemini,order_reversed,reversed_01,Appliance,128,False,1.0,1.0,0.037499999999999985
gemini,order_reversed,reversed_02,Appliance,128,False,1.0,1.0,0.037499999999999985
gemini,order_reversed,reversed_03,Appliance,128,False,1.0,1.0,0.037499999999999985
gemini,order_reversed,reversed_04,Appliance,128,False,1.0,1.0,0.037499999999999985
gemini,order_reversed,reversed_05,Appliance,128,False,1.0,1.0,0.037499999999999985
gemini,extracted,,Appliance,129,False,1.0,1.0,0.029166666666666664
gemini,default_params,,Appliance,129,False,0.33333333333333337,0.0,0.15916666666666668
gemini,extracted_per_run,shippedrun_01,Appliance,129,False,1.0,1.0,0.029166666666666664
gemini,extracted_per_run,shippedrun_02,Appliance,129,False,1.0,1.0,0.029166666666666664
gemini,extracted_per_run,shippedrun_03,Appliance,129,False,1.0,1.0,0.029166666666666664
gemini,extracted_per_run,shippedrun_04,Appliance,129,False,1.0,1.0,0.029166666666666664
gemini,extracted_per_run,shippedrun_05,Appliance,129,False,1.0,1.0,0.029166666666666664
gemini,order_control,control_01,Appliance,129,False,1.0,1.0,0.029166666666666664
gemini,order_control,control_02,Appliance,129,False,1.0,1.0,0.029166666666666664
gemini,order_control,control_03,Appliance,129,False,1.0,1.0,0.029166666666666664
gemini,order_reversed,reversed_01,Appliance,129,False,1.0,1.0,0.029166666666666664
gemini,order_reversed,reversed_02,Appliance,129,False,1.0,1.0,0.029166666666666664
gemini,order_reversed,reversed_03,Appliance,129,False,1.0,1.0,0.029166666666666664
gemini,order_reversed,reversed_04,Appliance,129,False,1.0,1.0,0.029166666666666664
gemini,order_reversed,reversed_05,Appliance,129,False,1.0,1.0,0.029166666666666664
gemini,extracted,,Appliance,130,False,1.0,1.0,0.11416666666666664
gemini,default_params,,Appliance,130,False,1.0,1.0,0.10333333333333332
gemini,extracted_per_run,shippedrun_01,Appliance,130,False,1.0,1.0,0.12166666666666666
gemini,extracted_per_run,shippedrun_02,Appliance,130,False,1.0,1.0,0.08833333333333332
gemini,extracted_per_run,shippedrun_03,Appliance,130,False,1.0,1.0,0.12166666666666666
gemini,extracted_per_run,shippedrun_04,Appliance,130,False,1.0,1.0,0.12166666666666666
gemini,extracted_per_run,shippedrun_05,Appliance,130,False,1.0,1.0,0.12166666666666666
gemini,order_control,control_01,Appliance,130,False,1.0,1.0,0.12166666666666666
gemini,order_control,control_02,Appliance,130,False,1.0,1.0,0.12166666666666666
gemini,order_control,control_03,Appliance,130,False,1.0,1.0,0.12166666666666666
gemini,order_reversed,reversed_01,Appliance,130,False,1.0,1.0,0.12166666666666666
gemini,order_reversed,reversed_02,Appliance,130,False,1.0,1.0,0.12166666666666666
gemini,order_reversed,reversed_03,Appliance,130,False,1.0,1.0,0.12166666666666666
gemini,order_reversed,reversed_04,Appliance,130,False,1.0,1.0,0.12166666666666666
gemini,order_reversed,reversed_05,Appliance,130,False,1.0,1.0,0.12166666666666666
gemini,extracted,,Appliance,131,False,1.0,1.0,0.01916666666666667
gemini,default_params,,Appliance,131,False,0.33333333333333337,1.0,0.3408333333333333
gemini,extracted_per_run,shippedrun_01,Appliance,131,False,1.0,1.0,0.01916666666666667
gemini,extracted_per_run,shippedrun_02,Appliance,131,False,1.0,1.0,0.01916666666666667
gemini,extracted_per_run,shippedrun_03,Appliance,131,False,1.0,1.0,0.01916666666666667
gemini,extracted_per_run,shippedrun_04,Appliance,131,False,1.0,1.0,0.01916666666666667
gemini,extracted_per_run,shippedrun_05,Appliance,131,False,1.0,1.0,0.01916666666666667
gemini,order_control,control_01,Appliance,131,False,1.0,1.0,0.01916666666666667
gemini,order_control,control_02,Appliance,131,False,1.0,1.0,0.01916666666666667
gemini,order_control,control_03,Appliance,131,False,1.0,1.0,0.01916666666666667
gemini,order_reversed,reversed_01,Appliance,131,False,1.0,1.0,0.01916666666666667
gemini,order_reversed,reversed_02,Appliance,131,False,1.0,1.0,0.01916666666666667
gemini,order_reversed,reversed_03,Appliance,131,False,1.0,1.0,0.01916666666666667
gemini,order_reversed,reversed_04,Appliance,131,False,1.0,1.0,0.01916666666666667
gemini,order_reversed,reversed_05,Appliance,131,False,1.0,1.0,0.01916666666666667
gemini,extracted,,Appliance,132,False,1.0,1.0,0.046666666666666655
gemini,default_params,,Appliance,132,False,0.33333333333333337,1.0,0.17249999999999996
gemini,extracted_per_run,shippedrun_01,Appliance,132,False,1.0,1.0,0.046666666666666655
gemini,extracted_per_run,shippedrun_02,Appliance,132,False,1.0,1.0,0.046666666666666655
gemini,extracted_per_run,shippedrun_03,Appliance,132,False,1.0,1.0,0.046666666666666655
gemini,extracted_per_run,shippedrun_04,Appliance,132,False,1.0,1.0,0.046666666666666655
gemini,extracted_per_run,shippedrun_05,Appliance,132,False,1.0,1.0,0.046666666666666655
gemini,order_control,control_01,Appliance,132,False,1.0,1.0,0.046666666666666655
gemini,order_control,control_02,Appliance,132,False,1.0,1.0,0.046666666666666655
gemini,order_control,control_03,Appliance,132,False,1.0,1.0,0.046666666666666655
gemini,order_reversed,reversed_01,Appliance,132,False,1.0,1.0,0.046666666666666655
gemini,order_reversed,reversed_02,Appliance,132,False,1.0,1.0,0.046666666666666655
gemini,order_reversed,reversed_03,Appliance,132,False,1.0,1.0,0.046666666666666655
gemini,order_reversed,reversed_04,Appliance,132,False,1.0,1.0,0.046666666666666655
gemini,order_reversed,reversed_05,Appliance,132,False,1.0,1.0,0.046666666666666655
gemini,extracted,,Appliance,133,False,0.33333333333333337,0.0,0.15916666666666668
gemini,default_params,,Appliance,133,False,0.33333333333333337,0.0,0.13583333333333333
gemini,extracted_per_run,shippedrun_01,Appliance,133,False,0.33333333333333337,0.0,0.15916666666666668
gemini,extracted_per_run,shippedrun_02,Appliance,133,False,0.33333333333333337,0.0,0.15916666666666668
gemini,extracted_per_run,shippedrun_03,Appliance,133,False,0.33333333333333337,0.0,0.15916666666666668
gemini,extracted_per_run,shippedrun_04,Appliance,133,False,0.33333333333333337,0.0,0.15916666666666668
gemini,extracted_per_run,shippedrun_05,Appliance,133,False,0.33333333333333337,0.0,0.15916666666666668
gemini,order_control,control_01,Appliance,133,False,0.33333333333333337,0.0,0.15916666666666668
gemini,order_control,control_02,Appliance,133,False,0.33333333333333337,0.0,0.15916666666666668
gemini,order_control,control_03,Appliance,133,False,1.0,1.0,0.01833333333333335
gemini,order_reversed,reversed_01,Appliance,133,False,0.33333333333333337,0.0,0.15916666666666668
gemini,order_reversed,reversed_02,Appliance,133,False,0.33333333333333337,0.0,0.15916666666666668
gemini,order_reversed,reversed_03,Appliance,133,False,0.33333333333333337,0.0,0.15916666666666668
gemini,order_reversed,reversed_04,Appliance,133,False,0.33333333333333337,0.0,0.15916666666666668
gemini,order_reversed,reversed_05,Appliance,133,False,0.33333333333333337,0.0,0.15916666666666668
gemini,extracted,,Appliance,134,False,1.0,1.0,0.00416666666666667
gemini,default_params,,Appliance,134,False,0.33333333333333337,1.0,0.29250000000000004
gemini,extracted_per_run,shippedrun_01,Appliance,134,False,1.0,1.0,0.03
gemini,extracted_per_run,shippedrun_02,Appliance,134,False,1.0,1.0,0.03
gemini,extracted_per_run,shippedrun_03,Appliance,134,False,1.0,1.0,0.03
gemini,extracted_per_run,shippedrun_04,Appliance,134,False,1.0,1.0,0.05333333333333332
gemini,extracted_per_run,shippedrun_05,Appliance,134,False,1.0,1.0,0.05333333333333332
gemini,order_control,control_01,Appliance,134,False,1.0,1.0,0.03
gemini,order_control,control_02,Appliance,134,False,1.0,1.0,0.03
gemini,order_control,control_03,Appliance,134,False,1.0,1.0,0.03
gemini,order_reversed,reversed_01,Appliance,134,False,1.0,1.0,0.03
gemini,order_reversed,reversed_02,Appliance,134,False,1.0,1.0,0.02416666666666668
gemini,order_reversed,reversed_03,Appliance,134,False,1.0,1.0,0.03
gemini,order_reversed,reversed_04,Appliance,134,False,1.0,1.0,0.02416666666666668
gemini,order_reversed,reversed_05,Appliance,134,False,1.0,1.0,0.02416666666666668
gemini,extracted,,Appliance,135,False,1.0,1.0,0.010833333333333342
gemini,default_params,,Appliance,135,False,1.0,1.0,0.09000000000000001
gemini,extracted_per_run,shippedrun_01,Appliance,135,False,1.0,1.0,0.010833333333333342
gemini,extracted_per_run,shippedrun_02,Appliance,135,False,1.0,1.0,0.010833333333333342
gemini,extracted_per_run,shippedrun_03,Appliance,135,False,1.0,1.0,0.010833333333333342
gemini,extracted_per_run,shippedrun_04,Appliance,135,False,1.0,1.0,0.010833333333333342
gemini,extracted_per_run,shippedrun_05,Appliance,135,False,1.0,1.0,0.010833333333333342
gemini,order_control,control_01,Appliance,135,False,1.0,1.0,0.010833333333333342
gemini,order_control,control_02,Appliance,135,False,1.0,1.0,0.010833333333333342
gemini,order_control,control_03,Appliance,135,False,1.0,1.0,0.010833333333333342
gemini,order_reversed,reversed_01,Appliance,135,False,1.0,1.0,0.010833333333333342
gemini,order_reversed,reversed_02,Appliance,135,False,1.0,1.0,0.010833333333333342
gemini,order_reversed,reversed_03,Appliance,135,False,1.0,1.0,0.010833333333333342
gemini,order_reversed,reversed_04,Appliance,135,False,1.0,1.0,0.010833333333333342
gemini,order_reversed,reversed_05,Appliance,135,False,1.0,1.0,0.010833333333333342
gemini,extracted,,Shower,136,False,1.0,1.0,0.04750000000000001
gemini,default_params,,Shower,136,False,-1.0,0.0,0.12
gemini,extracted_per_run,shippedrun_01,Shower,136,False,1.0,1.0,0.04750000000000001
gemini,extracted_per_run,shippedrun_02,Shower,136,False,1.0,1.0,0.04750000000000001
gemini,extracted_per_run,shippedrun_03,Shower,136,False,1.0,1.0,0.04750000000000001
gemini,extracted_per_run,shippedrun_04,Shower,136,False,1.0,1.0,0.04750000000000001
gemini,extracted_per_run,shippedrun_05,Shower,136,False,1.0,1.0,0.04750000000000001
gemini,order_control,control_01,Shower,136,False,1.0,1.0,0.04750000000000001
gemini,order_control,control_02,Shower,136,False,1.0,1.0,0.04750000000000001
gemini,order_control,control_03,Shower,136,False,1.0,1.0,0.04750000000000001
gemini,order_reversed,reversed_01,Shower,136,False,1.0,1.0,0.04750000000000001
gemini,order_reversed,reversed_02,Shower,136,False,1.0,1.0,0.04750000000000001
gemini,order_reversed,reversed_03,Shower,136,False,1.0,1.0,0.04750000000000001
gemini,order_reversed,reversed_04,Shower,136,False,1.0,1.0,0.04750000000000001
gemini,order_reversed,reversed_05,Shower,136,False,1.0,1.0,0.04750000000000001
gemini,extracted,,Shower,137,False,0.33333333333333337,1.0,0.065
gemini,default_params,,Shower,137,False,0.33333333333333337,1.0,0.1425
gemini,extracted_per_run,shippedrun_01,Shower,137,False,0.33333333333333337,1.0,0.065
gemini,extracted_per_run,shippedrun_02,Shower,137,False,0.33333333333333337,1.0,0.065
gemini,extracted_per_run,shippedrun_03,Shower,137,False,0.33333333333333337,1.0,0.065
gemini,extracted_per_run,shippedrun_04,Shower,137,False,0.33333333333333337,1.0,0.065
gemini,extracted_per_run,shippedrun_05,Shower,137,False,0.33333333333333337,1.0,0.065
gemini,order_control,control_01,Shower,137,False,0.33333333333333337,1.0,0.065
gemini,order_control,control_02,Shower,137,False,1.0,1.0,0.041666666666666664
gemini,order_control,control_03,Shower,137,False,0.33333333333333337,1.0,0.065
gemini,order_reversed,reversed_01,Shower,137,False,0.33333333333333337,1.0,0.065
gemini,order_reversed,reversed_02,Shower,137,False,1.0,1.0,0.041666666666666664
gemini,order_reversed,reversed_03,Shower,137,False,0.33333333333333337,1.0,0.065
gemini,order_reversed,reversed_04,Shower,137,False,0.33333333333333337,1.0,0.065
gemini,order_reversed,reversed_05,Shower,137,False,1.0,1.0,0.041666666666666664
gemini,extracted,,Shower,138,False,1.0,1.0,0.0
gemini,default_params,,Shower,138,False,0.33333333333333337,0.0,0.11833333333333333
gemini,extracted_per_run,shippedrun_01,Shower,138,False,1.0,1.0,0.0
gemini,extracted_per_run,shippedrun_02,Shower,138,False,1.0,1.0,0.0
gemini,extracted_per_run,shippedrun_03,Shower,138,False,1.0,1.0,0.0
gemini,extracted_per_run,shippedrun_04,Shower,138,False,1.0,1.0,0.0
gemini,extracted_per_run,shippedrun_05,Shower,138,False,1.0,1.0,0.0
gemini,order_control,control_01,Shower,138,False,1.0,1.0,0.0
gemini,order_control,control_02,Shower,138,False,1.0,1.0,0.0
gemini,order_control,control_03,Shower,138,False,1.0,1.0,0.0
gemini,order_reversed,reversed_01,Shower,138,False,1.0,1.0,0.0
gemini,order_reversed,reversed_02,Shower,138,False,1.0,1.0,0.0
gemini,order_reversed,reversed_03,Shower,138,False,1.0,1.0,0.0
gemini,order_reversed,reversed_04,Shower,138,False,1.0,1.0,0.0
gemini,order_reversed,reversed_05,Shower,138,False,1.0,1.0,0.0
gemini,extracted,,Shower,139,False,1.0,1.0,0.0
gemini,default_params,,Shower,139,False,1.0,1.0,0.023333333333333334
gemini,extracted_per_run,shippedrun_01,Shower,139,False,1.0,1.0,0.0
gemini,extracted_per_run,shippedrun_02,Shower,139,False,1.0,1.0,0.0
gemini,extracted_per_run,shippedrun_03,Shower,139,False,1.0,1.0,0.023333333333333334
gemini,extracted_per_run,shippedrun_04,Shower,139,False,1.0,1.0,0.0
gemini,extracted_per_run,shippedrun_05,Shower,139,False,1.0,1.0,0.0
gemini,order_control,control_01,Shower,139,False,1.0,1.0,0.0
gemini,order_control,control_02,Shower,139,False,1.0,1.0,0.0
gemini,order_control,control_03,Shower,139,False,1.0,1.0,0.0
gemini,order_reversed,reversed_01,Shower,139,False,1.0,1.0,0.0
gemini,order_reversed,reversed_02,Shower,139,False,1.0,1.0,0.0
gemini,order_reversed,reversed_03,Shower,139,False,1.0,1.0,0.0
gemini,order_reversed,reversed_04,Shower,139,False,1.0,1.0,0.0
gemini,order_reversed,reversed_05,Shower,139,False,1.0,1.0,0.0
gemini,extracted,,Shower,140,False,1.0,1.0,0.023333333333333334
gemini,default_params,,Shower,140,False,0.33333333333333337,0.0,0.13416666666666668
gemini,extracted_per_run,shippedrun_01,Shower,140,False,1.0,1.0,0.023333333333333334
gemini,extracted_per_run,shippedrun_02,Shower,140,False,1.0,1.0,0.023333333333333334
gemini,extracted_per_run,shippedrun_03,Shower,140,False,1.0,1.0,0.023333333333333334
gemini,extracted_per_run,shippedrun_04,Shower,140,False,1.0,1.0,0.023333333333333334
gemini,extracted_per_run,shippedrun_05,Shower,140,False,1.0,1.0,0.023333333333333334
gemini,order_control,control_01,Shower,140,False,1.0,1.0,0.023333333333333334
gemini,order_control,control_02,Shower,140,False,1.0,1.0,0.023333333333333334
gemini,order_control,control_03,Shower,140,False,1.0,1.0,0.023333333333333334
gemini,order_reversed,reversed_01,Shower,140,False,1.0,1.0,0.023333333333333334
gemini,order_reversed,reversed_02,Shower,140,False,1.0,1.0,0.023333333333333334
gemini,order_reversed,reversed_03,Shower,140,False,1.0,1.0,0.023333333333333334
gemini,order_reversed,reversed_04,Shower,140,False,1.0,1.0,0.023333333333333334
gemini,order_reversed,reversed_05,Shower,140,False,1.0,1.0,0.023333333333333334
gemini,extracted,,Shower,141,False,1.0,1.0,0.029166666666666664
gemini,default_params,,Shower,141,False,1.0,1.0,0.029166666666666664
gemini,extracted_per_run,shippedrun_01,Shower,141,False,1.0,1.0,0.029166666666666664
gemini,extracted_per_run,shippedrun_02,Shower,141,False,1.0,1.0,0.029166666666666664
gemini,extracted_per_run,shippedrun_03,Shower,141,False,1.0,1.0,0.029166666666666664
gemini,extracted_per_run,shippedrun_04,Shower,141,False,1.0,1.0,0.029166666666666664
gemini,extracted_per_run,shippedrun_05,Shower,141,False,1.0,1.0,0.029166666666666664
gemini,order_control,control_01,Shower,141,False,1.0,1.0,0.029166666666666664
gemini,order_control,control_02,Shower,141,False,1.0,1.0,0.029166666666666664
gemini,order_control,control_03,Shower,141,False,1.0,1.0,0.029166666666666664
gemini,order_reversed,reversed_01,Shower,141,False,1.0,1.0,0.029166666666666664
gemini,order_reversed,reversed_02,Shower,141,False,1.0,1.0,0.029166666666666664
gemini,order_reversed,reversed_03,Shower,141,False,1.0,1.0,0.029166666666666664
gemini,order_reversed,reversed_04,Shower,141,False,1.0,1.0,0.029166666666666664
gemini,order_reversed,reversed_05,Shower,141,False,1.0,1.0,0.029166666666666664
gemini,extracted,,Shower,142,False,1.0,1.0,0.0
gemini,default_params,,Shower,142,False,-0.33333333333333337,0.0,0.1025
gemini,extracted_per_run,shippedrun_01,Shower,142,False,1.0,1.0,0.0
gemini,extracted_per_run,shippedrun_02,Shower,142,False,1.0,1.0,0.0
gemini,extracted_per_run,shippedrun_03,Shower,142,False,1.0,1.0,0.0
gemini,extracted_per_run,shippedrun_04,Shower,142,False,1.0,1.0,0.0
gemini,extracted_per_run,shippedrun_05,Shower,142,False,1.0,1.0,0.0
gemini,order_control,control_01,Shower,142,False,1.0,1.0,0.0
gemini,order_control,control_02,Shower,142,False,1.0,1.0,0.0
gemini,order_control,control_03,Shower,142,False,1.0,1.0,0.0
gemini,order_reversed,reversed_01,Shower,142,False,1.0,1.0,0.0
gemini,order_reversed,reversed_02,Shower,142,False,1.0,1.0,0.0
gemini,order_reversed,reversed_03,Shower,142,False,1.0,1.0,0.0
gemini,order_reversed,reversed_04,Shower,142,False,1.0,1.0,0.0
gemini,order_reversed,reversed_05,Shower,142,False,1.0,1.0,0.0
gemini,extracted,,Shower,143,False,1.0,1.0,0.0
gemini,default_params,,Shower,143,False,0.33333333333333337,0.0,0.10916666666666668
gemini,extracted_per_run,shippedrun_01,Shower,143,False,1.0,1.0,0.0
gemini,extracted_per_run,shippedrun_02,Shower,143,False,1.0,1.0,0.0
gemini,extracted_per_run,shippedrun_03,Shower,143,False,1.0,1.0,0.0
gemini,extracted_per_run,shippedrun_04,Shower,143,False,1.0,1.0,0.0
gemini,extracted_per_run,shippedrun_05,Shower,143,False,1.0,1.0,0.0
gemini,order_control,control_01,Shower,143,False,1.0,1.0,0.0
gemini,order_control,control_02,Shower,143,False,1.0,1.0,0.0
gemini,order_control,control_03,Shower,143,False,1.0,1.0,0.0
gemini,order_reversed,reversed_01,Shower,143,False,1.0,1.0,0.0
gemini,order_reversed,reversed_02,Shower,143,False,1.0,1.0,0.0
gemini,order_reversed,reversed_03,Shower,143,False,1.0,1.0,0.0
gemini,order_reversed,reversed_04,Shower,143,False,1.0,1.0,0.0
gemini,order_reversed,reversed_05,Shower,143,False,1.0,1.0,0.0
gemini,extracted,,Shower,144,False,1.0,1.0,0.016666666666666666
gemini,default_params,,Shower,144,False,1.0,1.0,0.016666666666666666
gemini,extracted_per_run,shippedrun_01,Shower,144,False,1.0,1.0,0.016666666666666666
gemini,extracted_per_run,shippedrun_02,Shower,144,False,1.0,1.0,0.016666666666666666
gemini,extracted_per_run,shippedrun_03,Shower,144,False,1.0,1.0,0.016666666666666666
gemini,extracted_per_run,shippedrun_04,Shower,144,False,1.0,1.0,0.016666666666666666
gemini,extracted_per_run,shippedrun_05,Shower,144,False,1.0,1.0,0.016666666666666666
gemini,order_control,control_01,Shower,144,False,1.0,1.0,0.016666666666666666
gemini,order_control,control_02,Shower,144,False,1.0,1.0,0.016666666666666666
gemini,order_control,control_03,Shower,144,False,1.0,1.0,0.016666666666666666
gemini,order_reversed,reversed_01,Shower,144,False,1.0,1.0,0.016666666666666666
gemini,order_reversed,reversed_02,Shower,144,False,1.0,1.0,0.016666666666666666
gemini,order_reversed,reversed_03,Shower,144,False,1.0,1.0,0.016666666666666666
gemini,order_reversed,reversed_04,Shower,144,False,1.0,1.0,0.016666666666666666
gemini,order_reversed,reversed_05,Shower,144,False,1.0,1.0,0.016666666666666666
gemini,extracted,,Shower,145,False,1.0,1.0,0.09166666666666667
gemini,default_params,,Shower,145,False,1.0,1.0,0.09166666666666667
gemini,extracted_per_run,shippedrun_01,Shower,145,False,1.0,1.0,0.09166666666666667
gemini,extracted_per_run,shippedrun_02,Shower,145,False,1.0,1.0,0.09166666666666667
gemini,extracted_per_run,shippedrun_03,Shower,145,False,1.0,1.0,0.09166666666666667
gemini,extracted_per_run,shippedrun_04,Shower,145,False,1.0,1.0,0.09166666666666667
gemini,extracted_per_run,shippedrun_05,Shower,145,False,1.0,1.0,0.09166666666666667
gemini,order_control,control_01,Shower,145,False,1.0,1.0,0.09166666666666667
gemini,order_control,control_02,Shower,145,False,1.0,1.0,0.09166666666666667
gemini,order_control,control_03,Shower,145,False,1.0,1.0,0.09166666666666667
gemini,order_reversed,reversed_01,Shower,145,False,1.0,1.0,0.09166666666666667
gemini,order_reversed,reversed_02,Shower,145,False,1.0,1.0,0.09166666666666667
gemini,order_reversed,reversed_03,Shower,145,False,1.0,1.0,0.09166666666666667
gemini,order_reversed,reversed_04,Shower,145,False,1.0,1.0,0.09166666666666667
gemini,order_reversed,reversed_05,Shower,145,False,1.0,1.0,0.09166666666666667
gemini,extracted,,Shower,146,False,1.0,1.0,0.09833333333333333
gemini,default_params,,Shower,146,False,1.0,1.0,0.09833333333333333
gemini,extracted_per_run,shippedrun_01,Shower,146,False,1.0,1.0,0.09833333333333333
gemini,extracted_per_run,shippedrun_02,Shower,146,False,1.0,1.0,0.09833333333333333
gemini,extracted_per_run,shippedrun_03,Shower,146,False,1.0,1.0,0.09833333333333333
gemini,extracted_per_run,shippedrun_04,Shower,146,False,1.0,1.0,0.09833333333333333
gemini,extracted_per_run,shippedrun_05,Shower,146,False,1.0,1.0,0.09833333333333333
gemini,order_control,control_01,Shower,146,False,1.0,1.0,0.09833333333333333
gemini,order_control,control_02,Shower,146,False,1.0,1.0,0.09833333333333333
gemini,order_control,control_03,Shower,146,False,1.0,1.0,0.09833333333333333
gemini,order_reversed,reversed_01,Shower,146,False,1.0,1.0,0.09833333333333333
gemini,order_reversed,reversed_02,Shower,146,False,1.0,1.0,0.09833333333333333
gemini,order_reversed,reversed_03,Shower,146,False,1.0,1.0,0.09833333333333333
gemini,order_reversed,reversed_04,Shower,146,False,1.0,1.0,0.09833333333333333
gemini,order_reversed,reversed_05,Shower,146,False,1.0,1.0,0.09833333333333333
gemini,extracted,,Shower,147,False,1.0,1.0,0.029166666666666664
gemini,default_params,,Shower,147,False,1.0,1.0,0.029166666666666664
gemini,extracted_per_run,shippedrun_01,Shower,147,False,1.0,1.0,0.029166666666666664
gemini,extracted_per_run,shippedrun_02,Shower,147,False,1.0,1.0,0.029166666666666664
gemini,extracted_per_run,shippedrun_03,Shower,147,False,1.0,1.0,0.029166666666666664
gemini,extracted_per_run,shippedrun_04,Shower,147,False,1.0,1.0,0.029166666666666664
gemini,extracted_per_run,shippedrun_05,Shower,147,False,1.0,1.0,0.029166666666666664
gemini,order_control,control_01,Shower,147,False,1.0,1.0,0.029166666666666664
gemini,order_control,control_02,Shower,147,False,1.0,1.0,0.029166666666666664
gemini,order_control,control_03,Shower,147,False,1.0,1.0,0.029166666666666664
gemini,order_reversed,reversed_01,Shower,147,False,1.0,1.0,0.029166666666666664
gemini,order_reversed,reversed_02,Shower,147,False,1.0,1.0,0.029166666666666664
gemini,order_reversed,reversed_03,Shower,147,False,1.0,1.0,0.029166666666666664
gemini,order_reversed,reversed_04,Shower,147,False,1.0,1.0,0.029166666666666664
gemini,order_reversed,reversed_05,Shower,147,False,1.0,1.0,0.029166666666666664
gemini,extracted,,Shower,148,False,1.0,1.0,0.0
gemini,default_params,,Shower,148,False,1.0,1.0,0.0
gemini,extracted_per_run,shippedrun_01,Shower,148,False,1.0,1.0,0.0
gemini,extracted_per_run,shippedrun_02,Shower,148,False,1.0,1.0,0.0
gemini,extracted_per_run,shippedrun_03,Shower,148,False,1.0,1.0,0.0
gemini,extracted_per_run,shippedrun_04,Shower,148,False,1.0,1.0,0.0
gemini,extracted_per_run,shippedrun_05,Shower,148,False,1.0,1.0,0.0
gemini,order_control,control_01,Shower,148,False,1.0,1.0,0.0
gemini,order_control,control_02,Shower,148,False,1.0,1.0,0.0
gemini,order_control,control_03,Shower,148,False,1.0,1.0,0.0
gemini,order_reversed,reversed_01,Shower,148,False,1.0,1.0,0.0
gemini,order_reversed,reversed_02,Shower,148,False,1.0,1.0,0.0
gemini,order_reversed,reversed_03,Shower,148,False,1.0,1.0,0.0
gemini,order_reversed,reversed_04,Shower,148,False,1.0,1.0,0.0
gemini,order_reversed,reversed_05,Shower,148,False,1.0,1.0,0.0
gemini,extracted,,Shower,149,False,1.0,1.0,0.09083333333333334
gemini,default_params,,Shower,149,False,1.0,1.0,0.09083333333333334
gemini,extracted_per_run,shippedrun_01,Shower,149,False,1.0,1.0,0.09083333333333334
gemini,extracted_per_run,shippedrun_02,Shower,149,False,1.0,1.0,0.09083333333333334
gemini,extracted_per_run,shippedrun_03,Shower,149,False,1.0,1.0,0.09083333333333334
gemini,extracted_per_run,shippedrun_04,Shower,149,False,1.0,1.0,0.09083333333333334
gemini,extracted_per_run,shippedrun_05,Shower,149,False,1.0,1.0,0.09083333333333334
gemini,order_control,control_01,Shower,149,False,1.0,1.0,0.09083333333333334
gemini,order_control,control_02,Shower,149,False,1.0,1.0,0.09083333333333334
gemini,order_control,control_03,Shower,149,False,1.0,1.0,0.09083333333333334
gemini,order_reversed,reversed_01,Shower,149,False,1.0,1.0,0.09083333333333334
gemini,order_reversed,reversed_02,Shower,149,False,1.0,1.0,0.09083333333333334
gemini,order_reversed,reversed_03,Shower,149,False,1.0,1.0,0.09083333333333334
gemini,order_reversed,reversed_04,Shower,149,False,1.0,1.0,0.09083333333333334
gemini,order_reversed,reversed_05,Shower,149,False,1.0,1.0,0.09083333333333334
gemini,extracted,,Shower,150,False,1.0,1.0,0.10916666666666668
gemini,default_params,,Shower,150,False,1.0,1.0,0.1366666666666667
gemini,extracted_per_run,shippedrun_01,Shower,150,False,1.0,1.0,0.10916666666666668
gemini,extracted_per_run,shippedrun_02,Shower,150,False,1.0,1.0,0.10916666666666668
gemini,extracted_per_run,shippedrun_03,Shower,150,False,1.0,1.0,0.10916666666666668
gemini,extracted_per_run,shippedrun_04,Shower,150,False,1.0,1.0,0.10916666666666668
gemini,extracted_per_run,shippedrun_05,Shower,150,False,1.0,1.0,0.10916666666666668
gemini,order_control,control_01,Shower,150,False,1.0,1.0,0.10916666666666668
gemini,order_control,control_02,Shower,150,False,1.0,1.0,0.10916666666666668
gemini,order_control,control_03,Shower,150,False,1.0,1.0,0.10916666666666668
gemini,order_reversed,reversed_01,Shower,150,False,1.0,1.0,0.10916666666666668
gemini,order_reversed,reversed_02,Shower,150,False,1.0,1.0,0.10916666666666668
gemini,order_reversed,reversed_03,Shower,150,False,1.0,1.0,0.10916666666666668
gemini,order_reversed,reversed_04,Shower,150,False,1.0,1.0,0.10916666666666668
gemini,order_reversed,reversed_05,Shower,150,False,1.0,1.0,0.10916666666666668
gemini,extracted,,Shower,151,False,1.0,1.0,0.0675
gemini,default_params,,Shower,151,False,1.0,1.0,0.0675
gemini,extracted_per_run,shippedrun_01,Shower,151,False,1.0,1.0,0.0675
gemini,extracted_per_run,shippedrun_02,Shower,151,False,1.0,1.0,0.0675
gemini,extracted_per_run,shippedrun_03,Shower,151,False,1.0,1.0,0.0675
gemini,extracted_per_run,shippedrun_04,Shower,151,False,1.0,1.0,0.0675
gemini,extracted_per_run,shippedrun_05,Shower,151,False,1.0,1.0,0.0675
gemini,order_control,control_01,Shower,151,False,1.0,1.0,0.0675
gemini,order_control,control_02,Shower,151,False,1.0,1.0,0.0675
gemini,order_control,control_03,Shower,151,False,1.0,1.0,0.0675
gemini,order_reversed,reversed_01,Shower,151,False,1.0,1.0,0.0675
gemini,order_reversed,reversed_02,Shower,151,False,1.0,1.0,0.0675
gemini,order_reversed,reversed_03,Shower,151,False,1.0,1.0,0.0675
gemini,order_reversed,reversed_04,Shower,151,False,1.0,1.0,0.0675
gemini,order_reversed,reversed_05,Shower,151,False,1.0,1.0,0.0675
gemini,extracted,,Shower,152,False,1.0,1.0,0.06916666666666667
gemini,default_params,,Shower,152,False,1.0,1.0,0.049166666666666664
gemini,extracted_per_run,shippedrun_01,Shower,152,False,1.0,1.0,0.06916666666666667
gemini,extracted_per_run,shippedrun_02,Shower,152,False,1.0,1.0,0.06916666666666667
gemini,extracted_per_run,shippedrun_03,Shower,152,False,1.0,1.0,0.06916666666666667
gemini,extracted_per_run,shippedrun_04,Shower,152,False,1.0,1.0,0.06916666666666667
gemini,extracted_per_run,shippedrun_05,Shower,152,False,1.0,1.0,0.06916666666666667
gemini,order_control,control_01,Shower,152,False,1.0,1.0,0.06916666666666667
gemini,order_control,control_02,Shower,152,False,1.0,1.0,0.06916666666666667
gemini,order_control,control_03,Shower,152,False,1.0,1.0,0.06916666666666667
gemini,order_reversed,reversed_01,Shower,152,False,1.0,1.0,0.06916666666666667
gemini,order_reversed,reversed_02,Shower,152,False,1.0,1.0,0.06916666666666667
gemini,order_reversed,reversed_03,Shower,152,False,1.0,1.0,0.06916666666666667
gemini,order_reversed,reversed_04,Shower,152,False,1.0,1.0,0.06916666666666667
gemini,order_reversed,reversed_05,Shower,152,False,1.0,1.0,0.06916666666666667
gemini,extracted,,Shower,153,False,1.0,1.0,0.13333333333333333
gemini,default_params,,Shower,153,False,1.0,1.0,0.13333333333333333
gemini,extracted_per_run,shippedrun_01,Shower,153,False,1.0,1.0,0.13333333333333333
gemini,extracted_per_run,shippedrun_02,Shower,153,False,1.0,1.0,0.13333333333333333
gemini,extracted_per_run,shippedrun_03,Shower,153,False,1.0,1.0,0.13333333333333333
gemini,extracted_per_run,shippedrun_04,Shower,153,False,1.0,1.0,0.13333333333333333
gemini,extracted_per_run,shippedrun_05,Shower,153,False,1.0,1.0,0.13333333333333333
gemini,order_control,control_01,Shower,153,False,1.0,1.0,0.13333333333333333
gemini,order_control,control_02,Shower,153,False,1.0,1.0,0.13333333333333333
gemini,order_control,control_03,Shower,153,False,1.0,1.0,0.13333333333333333
gemini,order_reversed,reversed_01,Shower,153,False,1.0,1.0,0.13333333333333333
gemini,order_reversed,reversed_02,Shower,153,False,1.0,1.0,0.13333333333333333
gemini,order_reversed,reversed_03,Shower,153,False,1.0,1.0,0.13333333333333333
gemini,order_reversed,reversed_04,Shower,153,False,1.0,1.0,0.13333333333333333
gemini,order_reversed,reversed_05,Shower,153,False,1.0,1.0,0.13333333333333333
gemini,extracted,,Shower,154,False,0.33333333333333337,0.0,0.08
gemini,default_params,,Shower,154,False,0.33333333333333337,1.0,0.08666666666666667
gemini,extracted_per_run,shippedrun_01,Shower,154,False,0.33333333333333337,0.0,0.08
gemini,extracted_per_run,shippedrun_02,Shower,154,False,0.33333333333333337,0.0,0.08
gemini,extracted_per_run,shippedrun_03,Shower,154,False,0.33333333333333337,0.0,0.08
gemini,extracted_per_run,shippedrun_04,Shower,154,False,0.33333333333333337,0.0,0.08
gemini,extracted_per_run,shippedrun_05,Shower,154,False,0.33333333333333337,0.0,0.08
gemini,order_control,control_01,Shower,154,False,0.33333333333333337,0.0,0.08
gemini,order_control,control_02,Shower,154,False,0.33333333333333337,0.0,0.08
gemini,order_control,control_03,Shower,154,False,0.33333333333333337,0.0,0.08
gemini,order_reversed,reversed_01,Shower,154,False,0.33333333333333337,0.0,0.08
gemini,order_reversed,reversed_02,Shower,154,False,0.33333333333333337,0.0,0.08
gemini,order_reversed,reversed_03,Shower,154,False,0.33333333333333337,0.0,0.08
gemini,order_reversed,reversed_04,Shower,154,False,0.33333333333333337,0.0,0.08
gemini,order_reversed,reversed_05,Shower,154,False,0.33333333333333337,0.0,0.08
gemini,extracted,,Shower,155,False,1.0,1.0,0.050833333333333335
gemini,default_params,,Shower,155,False,1.0,1.0,0.050833333333333335
gemini,extracted_per_run,shippedrun_01,Shower,155,False,1.0,1.0,0.050833333333333335
gemini,extracted_per_run,shippedrun_02,Shower,155,False,1.0,1.0,0.050833333333333335
gemini,extracted_per_run,shippedrun_03,Shower,155,False,1.0,1.0,0.050833333333333335
gemini,extracted_per_run,shippedrun_04,Shower,155,False,1.0,1.0,0.050833333333333335
gemini,extracted_per_run,shippedrun_05,Shower,155,False,1.0,1.0,0.050833333333333335
gemini,order_control,control_01,Shower,155,False,1.0,1.0,0.050833333333333335
gemini,order_control,control_02,Shower,155,False,1.0,1.0,0.050833333333333335
gemini,order_control,control_03,Shower,155,False,1.0,1.0,0.050833333333333335
gemini,order_reversed,reversed_01,Shower,155,False,1.0,1.0,0.050833333333333335
gemini,order_reversed,reversed_02,Shower,155,False,1.0,1.0,0.050833333333333335
gemini,order_reversed,reversed_03,Shower,155,False,1.0,1.0,0.050833333333333335
gemini,order_reversed,reversed_04,Shower,155,False,1.0,1.0,0.050833333333333335
gemini,order_reversed,reversed_05,Shower,155,False,1.0,1.0,0.050833333333333335
gemini,extracted,,Shower,156,False,1.0,1.0,0.0625
gemini,default_params,,Shower,156,False,1.0,1.0,0.0625
gemini,extracted_per_run,shippedrun_01,Shower,156,False,1.0,1.0,0.0625
gemini,extracted_per_run,shippedrun_02,Shower,156,False,1.0,1.0,0.0625
gemini,extracted_per_run,shippedrun_03,Shower,156,False,1.0,1.0,0.0625
gemini,extracted_per_run,shippedrun_04,Shower,156,False,1.0,1.0,0.0625
gemini,extracted_per_run,shippedrun_05,Shower,156,False,1.0,1.0,0.0625
gemini,order_control,control_01,Shower,156,False,1.0,1.0,0.0625
gemini,order_control,control_02,Shower,156,False,1.0,1.0,0.0625
gemini,order_control,control_03,Shower,156,False,1.0,1.0,0.0625
gemini,order_reversed,reversed_01,Shower,156,False,1.0,1.0,0.0625
gemini,order_reversed,reversed_02,Shower,156,False,1.0,1.0,0.0625
gemini,order_reversed,reversed_03,Shower,156,False,1.0,1.0,0.0625
gemini,order_reversed,reversed_04,Shower,156,False,1.0,1.0,0.0625
gemini,order_reversed,reversed_05,Shower,156,False,1.0,1.0,0.0625
gemini,extracted,,Shower,157,False,1.0,1.0,0.047499999999999994
gemini,default_params,,Shower,157,False,1.0,1.0,0.07083333333333333
gemini,extracted_per_run,shippedrun_01,Shower,157,False,1.0,1.0,0.047499999999999994
gemini,extracted_per_run,shippedrun_02,Shower,157,False,1.0,1.0,0.047499999999999994
gemini,extracted_per_run,shippedrun_03,Shower,157,False,1.0,1.0,0.047499999999999994
gemini,extracted_per_run,shippedrun_04,Shower,157,False,1.0,1.0,0.047499999999999994
gemini,extracted_per_run,shippedrun_05,Shower,157,False,1.0,1.0,0.047499999999999994
gemini,order_control,control_01,Shower,157,False,1.0,1.0,0.047499999999999994
gemini,order_control,control_02,Shower,157,False,1.0,1.0,0.047499999999999994
gemini,order_control,control_03,Shower,157,False,1.0,1.0,0.047499999999999994
gemini,order_reversed,reversed_01,Shower,157,False,1.0,1.0,0.047499999999999994
gemini,order_reversed,reversed_02,Shower,157,False,1.0,1.0,0.047499999999999994
gemini,order_reversed,reversed_03,Shower,157,False,1.0,1.0,0.047499999999999994
gemini,order_reversed,reversed_04,Shower,157,False,1.0,1.0,0.047499999999999994
gemini,order_reversed,reversed_05,Shower,157,False,1.0,1.0,0.047499999999999994
gemini,extracted,,Shower,158,False,1.0,1.0,0.12000000000000001
gemini,default_params,,Shower,158,False,1.0,1.0,0.12000000000000001
gemini,extracted_per_run,shippedrun_01,Shower,158,False,1.0,1.0,0.12000000000000001
gemini,extracted_per_run,shippedrun_02,Shower,158,False,1.0,1.0,0.12000000000000001
gemini,extracted_per_run,shippedrun_03,Shower,158,False,1.0,1.0,0.12000000000000001
gemini,extracted_per_run,shippedrun_04,Shower,158,False,1.0,1.0,0.12000000000000001
gemini,extracted_per_run,shippedrun_05,Shower,158,False,1.0,1.0,0.12000000000000001
gemini,order_control,control_01,Shower,158,False,1.0,1.0,0.12000000000000001
gemini,order_control,control_02,Shower,158,False,1.0,1.0,0.12000000000000001
gemini,order_control,control_03,Shower,158,False,1.0,1.0,0.12000000000000001
gemini,order_reversed,reversed_01,Shower,158,False,1.0,1.0,0.12000000000000001
gemini,order_reversed,reversed_02,Shower,158,False,1.0,1.0,0.12000000000000001
gemini,order_reversed,reversed_03,Shower,158,False,1.0,1.0,0.12000000000000001
gemini,order_reversed,reversed_04,Shower,158,False,1.0,1.0,0.12000000000000001
gemini,order_reversed,reversed_05,Shower,158,False,1.0,1.0,0.12000000000000001
gemini,extracted,,Shower,159,False,1.0,1.0,0.11083333333333334
gemini,default_params,,Shower,159,False,1.0,1.0,0.13416666666666668
gemini,extracted_per_run,shippedrun_01,Shower,159,False,1.0,1.0,0.11083333333333334
gemini,extracted_per_run,shippedrun_02,Shower,159,False,1.0,1.0,0.11083333333333334
gemini,extracted_per_run,shippedrun_03,Shower,159,False,1.0,1.0,0.11083333333333334
gemini,extracted_per_run,shippedrun_04,Shower,159,False,1.0,1.0,0.11083333333333334
gemini,extracted_per_run,shippedrun_05,Shower,159,False,1.0,1.0,0.11083333333333334
gemini,order_control,control_01,Shower,159,False,1.0,1.0,0.11083333333333334
gemini,order_control,control_02,Shower,159,False,1.0,1.0,0.11083333333333334
gemini,order_control,control_03,Shower,159,False,1.0,1.0,0.11083333333333334
gemini,order_reversed,reversed_01,Shower,159,False,1.0,1.0,0.11083333333333334
gemini,order_reversed,reversed_02,Shower,159,False,1.0,1.0,0.11083333333333334
gemini,order_reversed,reversed_03,Shower,159,False,1.0,1.0,0.11083333333333334
gemini,order_reversed,reversed_04,Shower,159,False,1.0,1.0,0.11083333333333334
gemini,order_reversed,reversed_05,Shower,159,False,1.0,1.0,0.11083333333333334
gemini,extracted,,Shower,160,False,1.0,1.0,0.13249999999999998
gemini,default_params,,Shower,160,False,1.0,1.0,0.13249999999999998
gemini,extracted_per_run,shippedrun_01,Shower,160,False,1.0,1.0,0.13249999999999998
gemini,extracted_per_run,shippedrun_02,Shower,160,False,1.0,1.0,0.13249999999999998
gemini,extracted_per_run,shippedrun_03,Shower,160,False,1.0,1.0,0.13249999999999998
gemini,extracted_per_run,shippedrun_04,Shower,160,False,1.0,1.0,0.13249999999999998
gemini,extracted_per_run,shippedrun_05,Shower,160,False,1.0,1.0,0.13249999999999998
gemini,order_control,control_01,Shower,160,False,1.0,1.0,0.13249999999999998
gemini,order_control,control_02,Shower,160,False,1.0,1.0,0.13249999999999998
gemini,order_control,control_03,Shower,160,False,1.0,1.0,0.13249999999999998
gemini,order_reversed,reversed_01,Shower,160,False,1.0,1.0,0.13249999999999998
gemini,order_reversed,reversed_02,Shower,160,False,1.0,1.0,0.13249999999999998
gemini,order_reversed,reversed_03,Shower,160,False,1.0,1.0,0.13249999999999998
gemini,order_reversed,reversed_04,Shower,160,False,1.0,1.0,0.13249999999999998
gemini,order_reversed,reversed_05,Shower,160,False,1.0,1.0,0.13249999999999998
gemini,extracted,,Shower,161,False,0.33333333333333337,0.0,0.07416666666666666
gemini,default_params,,Shower,161,False,1.0,1.0,0.05416666666666666
gemini,extracted_per_run,shippedrun_01,Shower,161,False,0.33333333333333337,0.0,0.07416666666666666
gemini,extracted_per_run,shippedrun_02,Shower,161,False,0.33333333333333337,0.0,0.07416666666666666
gemini,extracted_per_run,shippedrun_03,Shower,161,False,0.33333333333333337,0.0,0.07416666666666666
gemini,extracted_per_run,shippedrun_04,Shower,161,False,0.33333333333333337,0.0,0.07416666666666666
gemini,extracted_per_run,shippedrun_05,Shower,161,False,0.33333333333333337,0.0,0.07416666666666666
gemini,order_control,control_01,Shower,161,False,0.33333333333333337,0.0,0.07416666666666666
gemini,order_control,control_02,Shower,161,False,0.33333333333333337,0.0,0.07416666666666666
gemini,order_control,control_03,Shower,161,False,0.33333333333333337,0.0,0.07416666666666666
gemini,order_reversed,reversed_01,Shower,161,False,0.33333333333333337,0.0,0.07416666666666666
gemini,order_reversed,reversed_02,Shower,161,False,0.33333333333333337,0.0,0.07416666666666666
gemini,order_reversed,reversed_03,Shower,161,False,0.33333333333333337,0.0,0.07416666666666666
gemini,order_reversed,reversed_04,Shower,161,False,0.33333333333333337,0.0,0.07416666666666666
gemini,order_reversed,reversed_05,Shower,161,False,0.33333333333333337,0.0,0.07416666666666666
gemini,extracted,,Shower,162,False,1.0,1.0,0.0
gemini,default_params,,Shower,162,False,1.0,1.0,0.023333333333333334
gemini,extracted_per_run,shippedrun_01,Shower,162,False,1.0,1.0,0.0
gemini,extracted_per_run,shippedrun_02,Shower,162,False,1.0,1.0,0.0
gemini,extracted_per_run,shippedrun_03,Shower,162,False,1.0,1.0,0.0
gemini,extracted_per_run,shippedrun_04,Shower,162,False,1.0,1.0,0.0
gemini,extracted_per_run,shippedrun_05,Shower,162,False,1.0,1.0,0.0
gemini,order_control,control_01,Shower,162,False,1.0,1.0,0.0
gemini,order_control,control_02,Shower,162,False,1.0,1.0,0.0
gemini,order_control,control_03,Shower,162,False,1.0,1.0,0.0
gemini,order_reversed,reversed_01,Shower,162,False,1.0,1.0,0.0
gemini,order_reversed,reversed_02,Shower,162,False,1.0,1.0,0.0
gemini,order_reversed,reversed_03,Shower,162,False,1.0,1.0,0.0
gemini,order_reversed,reversed_04,Shower,162,False,1.0,1.0,0.0
gemini,order_reversed,reversed_05,Shower,162,False,1.0,1.0,0.0
gemini,extracted,,Shower,163,False,1.0,1.0,0.07749999999999999
gemini,default_params,,Shower,163,False,1.0,1.0,0.0575
gemini,extracted_per_run,shippedrun_01,Shower,163,False,1.0,1.0,0.07749999999999999
gemini,extracted_per_run,shippedrun_02,Shower,163,False,1.0,1.0,0.07749999999999999
gemini,extracted_per_run,shippedrun_03,Shower,163,False,1.0,1.0,0.07749999999999999
gemini,extracted_per_run,shippedrun_04,Shower,163,False,1.0,1.0,0.07749999999999999
gemini,extracted_per_run,shippedrun_05,Shower,163,False,1.0,1.0,0.07749999999999999
gemini,order_control,control_01,Shower,163,False,1.0,1.0,0.07749999999999999
gemini,order_control,control_02,Shower,163,False,1.0,1.0,0.07749999999999999
gemini,order_control,control_03,Shower,163,False,1.0,1.0,0.07749999999999999
gemini,order_reversed,reversed_01,Shower,163,False,1.0,1.0,0.07749999999999999
gemini,order_reversed,reversed_02,Shower,163,False,1.0,1.0,0.07749999999999999
gemini,order_reversed,reversed_03,Shower,163,False,1.0,1.0,0.07749999999999999
gemini,order_reversed,reversed_04,Shower,163,False,1.0,1.0,0.07749999999999999
gemini,order_reversed,reversed_05,Shower,163,False,1.0,1.0,0.07749999999999999
gemini,extracted,,Shower,164,False,1.0,1.0,0.0
gemini,default_params,,Shower,164,False,1.0,1.0,0.0
gemini,extracted_per_run,shippedrun_01,Shower,164,False,1.0,1.0,0.0
gemini,extracted_per_run,shippedrun_02,Shower,164,False,1.0,1.0,0.0
gemini,extracted_per_run,shippedrun_03,Shower,164,False,1.0,1.0,0.0
gemini,extracted_per_run,shippedrun_04,Shower,164,False,1.0,1.0,0.0
gemini,extracted_per_run,shippedrun_05,Shower,164,False,1.0,1.0,0.0
gemini,order_control,control_01,Shower,164,False,1.0,1.0,0.0
gemini,order_control,control_02,Shower,164,False,1.0,1.0,0.0
gemini,order_control,control_03,Shower,164,False,1.0,1.0,0.0
gemini,order_reversed,reversed_01,Shower,164,False,1.0,1.0,0.0
gemini,order_reversed,reversed_02,Shower,164,False,1.0,1.0,0.0
gemini,order_reversed,reversed_03,Shower,164,False,1.0,1.0,0.0
gemini,order_reversed,reversed_04,Shower,164,False,1.0,1.0,0.0
gemini,order_reversed,reversed_05,Shower,164,False,1.0,1.0,0.0
gemini,extracted,,Shower,165,False,1.0,1.0,0.08583333333333333
gemini,default_params,,Shower,165,False,1.0,1.0,0.06083333333333333
gemini,extracted_per_run,shippedrun_01,Shower,165,False,1.0,1.0,0.08583333333333333
gemini,extracted_per_run,shippedrun_02,Shower,165,False,1.0,1.0,0.08583333333333333
gemini,extracted_per_run,shippedrun_03,Shower,165,False,1.0,1.0,0.08583333333333333
gemini,extracted_per_run,shippedrun_04,Shower,165,False,1.0,1.0,0.08583333333333333
gemini,extracted_per_run,shippedrun_05,Shower,165,False,1.0,1.0,0.08583333333333333
gemini,order_control,control_01,Shower,165,False,1.0,1.0,0.08583333333333333
gemini,order_control,control_02,Shower,165,False,1.0,1.0,0.08583333333333333
gemini,order_control,control_03,Shower,165,False,1.0,1.0,0.08583333333333333
gemini,order_reversed,reversed_01,Shower,165,False,1.0,1.0,0.08583333333333333
gemini,order_reversed,reversed_02,Shower,165,False,1.0,1.0,0.08583333333333333
gemini,order_reversed,reversed_03,Shower,165,False,1.0,1.0,0.08583333333333333
gemini,order_reversed,reversed_04,Shower,165,False,1.0,1.0,0.08583333333333333
gemini,order_reversed,reversed_05,Shower,165,False,1.0,1.0,0.08583333333333333
gemini,extracted,,Shower,166,False,1.0,1.0,0.11583333333333333
gemini,default_params,,Shower,166,False,0.33333333333333337,0.0,0.09500000000000001
gemini,extracted_per_run,shippedrun_01,Shower,166,False,1.0,1.0,0.11583333333333333
gemini,extracted_per_run,shippedrun_02,Shower,166,False,1.0,1.0,0.11583333333333333
gemini,extracted_per_run,shippedrun_03,Shower,166,False,1.0,1.0,0.11583333333333333
gemini,extracted_per_run,shippedrun_04,Shower,166,False,1.0,1.0,0.11583333333333333
gemini,extracted_per_run,shippedrun_05,Shower,166,False,1.0,1.0,0.11583333333333333
gemini,order_control,control_01,Shower,166,False,1.0,1.0,0.11583333333333333
gemini,order_control,control_02,Shower,166,False,1.0,1.0,0.11583333333333333
gemini,order_control,control_03,Shower,166,False,1.0,1.0,0.11583333333333333
gemini,order_reversed,reversed_01,Shower,166,False,1.0,1.0,0.11583333333333333
gemini,order_reversed,reversed_02,Shower,166,False,1.0,1.0,0.11583333333333333
gemini,order_reversed,reversed_03,Shower,166,False,1.0,1.0,0.11583333333333333
gemini,order_reversed,reversed_04,Shower,166,False,1.0,1.0,0.11583333333333333
gemini,order_reversed,reversed_05,Shower,166,False,1.0,1.0,0.11583333333333333
gemini,extracted,,Shower,167,False,1.0,1.0,0.041666666666666664
gemini,default_params,,Shower,167,False,1.0,1.0,0.041666666666666664
gemini,extracted_per_run,shippedrun_01,Shower,167,False,1.0,1.0,0.041666666666666664
gemini,extracted_per_run,shippedrun_02,Shower,167,False,1.0,1.0,0.041666666666666664
gemini,extracted_per_run,shippedrun_03,Shower,167,False,1.0,1.0,0.041666666666666664
gemini,extracted_per_run,shippedrun_04,Shower,167,False,1.0,1.0,0.041666666666666664
gemini,extracted_per_run,shippedrun_05,Shower,167,False,1.0,1.0,0.041666666666666664
gemini,order_control,control_01,Shower,167,False,1.0,1.0,0.041666666666666664
gemini,order_control,control_02,Shower,167,False,1.0,1.0,0.041666666666666664
gemini,order_control,control_03,Shower,167,False,1.0,1.0,0.041666666666666664
gemini,order_reversed,reversed_01,Shower,167,False,1.0,1.0,0.041666666666666664
gemini,order_reversed,reversed_02,Shower,167,False,1.0,1.0,0.041666666666666664
gemini,order_reversed,reversed_03,Shower,167,False,1.0,1.0,0.041666666666666664
gemini,order_reversed,reversed_04,Shower,167,False,1.0,1.0,0.041666666666666664
gemini,order_reversed,reversed_05,Shower,167,False,1.0,1.0,0.041666666666666664
gemini,extracted,,Shower,168,False,1.0,1.0,0.11416666666666665
gemini,default_params,,Shower,168,False,0.33333333333333337,0.0,0.09250000000000001
gemini,extracted_per_run,shippedrun_01,Shower,168,False,1.0,1.0,0.11416666666666665
gemini,extracted_per_run,shippedrun_02,Shower,168,False,1.0,1.0,0.11416666666666665
gemini,extracted_per_run,shippedrun_03,Shower,168,False,1.0,1.0,0.11416666666666665
gemini,extracted_per_run,shippedrun_04,Shower,168,False,1.0,1.0,0.11416666666666665
gemini,extracted_per_run,shippedrun_05,Shower,168,False,1.0,1.0,0.11416666666666665
gemini,order_control,control_01,Shower,168,False,1.0,1.0,0.11416666666666665
gemini,order_control,control_02,Shower,168,False,1.0,1.0,0.11416666666666665
gemini,order_control,control_03,Shower,168,False,1.0,1.0,0.11416666666666665
gemini,order_reversed,reversed_01,Shower,168,False,1.0,1.0,0.11416666666666665
gemini,order_reversed,reversed_02,Shower,168,False,1.0,1.0,0.11416666666666665
gemini,order_reversed,reversed_03,Shower,168,False,1.0,1.0,0.11416666666666665
gemini,order_reversed,reversed_04,Shower,168,False,1.0,1.0,0.11416666666666665
gemini,order_reversed,reversed_05,Shower,168,False,1.0,1.0,0.11416666666666665
gemini,extracted,,Shower,169,False,1.0,1.0,0.024999999999999998
gemini,default_params,,Shower,169,False,1.0,1.0,0.024999999999999998
gemini,extracted_per_run,shippedrun_01,Shower,169,False,1.0,1.0,0.024999999999999998
gemini,extracted_per_run,shippedrun_02,Shower,169,False,1.0,1.0,0.024999999999999998
gemini,extracted_per_run,shippedrun_03,Shower,169,False,1.0,1.0,0.024999999999999998
gemini,extracted_per_run,shippedrun_04,Shower,169,False,1.0,1.0,0.024999999999999998
gemini,extracted_per_run,shippedrun_05,Shower,169,False,1.0,1.0,0.024999999999999998
gemini,order_control,control_01,Shower,169,False,1.0,1.0,0.024999999999999998
gemini,order_control,control_02,Shower,169,False,1.0,1.0,0.024999999999999998
gemini,order_control,control_03,Shower,169,False,1.0,1.0,0.024999999999999998
gemini,order_reversed,reversed_01,Shower,169,False,1.0,1.0,0.024999999999999998
gemini,order_reversed,reversed_02,Shower,169,False,1.0,1.0,0.024999999999999998
gemini,order_reversed,reversed_03,Shower,169,False,1.0,1.0,0.024999999999999998
gemini,order_reversed,reversed_04,Shower,169,False,1.0,1.0,0.024999999999999998
gemini,order_reversed,reversed_05,Shower,169,False,1.0,1.0,0.024999999999999998
gemini,extracted,,Shower,170,False,1.0,1.0,0.0
gemini,default_params,,Shower,170,False,1.0,1.0,0.0
gemini,extracted_per_run,shippedrun_01,Shower,170,False,1.0,1.0,0.0
gemini,extracted_per_run,shippedrun_02,Shower,170,False,1.0,1.0,0.0
gemini,extracted_per_run,shippedrun_03,Shower,170,False,1.0,1.0,0.0
gemini,extracted_per_run,shippedrun_04,Shower,170,False,1.0,1.0,0.0
gemini,extracted_per_run,shippedrun_05,Shower,170,False,1.0,1.0,0.0
gemini,order_control,control_01,Shower,170,False,1.0,1.0,0.0
gemini,order_control,control_02,Shower,170,False,1.0,1.0,0.0
gemini,order_control,control_03,Shower,170,False,1.0,1.0,0.0
gemini,order_reversed,reversed_01,Shower,170,False,1.0,1.0,0.0
gemini,order_reversed,reversed_02,Shower,170,False,1.0,1.0,0.0
gemini,order_reversed,reversed_03,Shower,170,False,1.0,1.0,0.0
gemini,order_reversed,reversed_04,Shower,170,False,1.0,1.0,0.0
gemini,order_reversed,reversed_05,Shower,170,False,1.0,1.0,0.0
gemini,extracted,,Shower,171,False,1.0,1.0,0.0
gemini,default_params,,Shower,171,False,1.0,1.0,0.0
gemini,extracted_per_run,shippedrun_01,Shower,171,False,1.0,1.0,0.0
gemini,extracted_per_run,shippedrun_02,Shower,171,False,1.0,1.0,0.0
gemini,extracted_per_run,shippedrun_03,Shower,171,False,1.0,1.0,0.0
gemini,extracted_per_run,shippedrun_04,Shower,171,False,1.0,1.0,0.0
gemini,extracted_per_run,shippedrun_05,Shower,171,False,1.0,1.0,0.0
gemini,order_control,control_01,Shower,171,False,1.0,1.0,0.0
gemini,order_control,control_02,Shower,171,False,1.0,1.0,0.0
gemini,order_control,control_03,Shower,171,False,1.0,1.0,0.0
gemini,order_reversed,reversed_01,Shower,171,False,1.0,1.0,0.0
gemini,order_reversed,reversed_02,Shower,171,False,1.0,1.0,0.0
gemini,order_reversed,reversed_03,Shower,171,False,1.0,1.0,0.0
gemini,order_reversed,reversed_04,Shower,171,False,1.0,1.0,0.0
gemini,order_reversed,reversed_05,Shower,171,False,1.0,1.0,0.0
gemini,extracted,,Shower,172,False,1.0,1.0,0.06416666666666666
gemini,default_params,,Shower,172,False,1.0,1.0,0.06416666666666666
gemini,extracted_per_run,shippedrun_01,Shower,172,False,1.0,1.0,0.06416666666666666
gemini,extracted_per_run,shippedrun_02,Shower,172,False,1.0,1.0,0.06416666666666666
gemini,extracted_per_run,shippedrun_03,Shower,172,False,1.0,1.0,0.06416666666666666
gemini,extracted_per_run,shippedrun_04,Shower,172,False,1.0,1.0,0.06416666666666666
gemini,extracted_per_run,shippedrun_05,Shower,172,False,1.0,1.0,0.06416666666666666
gemini,order_control,control_01,Shower,172,False,1.0,1.0,0.06416666666666666
gemini,order_control,control_02,Shower,172,False,1.0,1.0,0.06416666666666666
gemini,order_control,control_03,Shower,172,False,1.0,1.0,0.06416666666666666
gemini,order_reversed,reversed_01,Shower,172,False,1.0,1.0,0.06416666666666666
gemini,order_reversed,reversed_02,Shower,172,False,1.0,1.0,0.06416666666666666
gemini,order_reversed,reversed_03,Shower,172,False,1.0,1.0,0.06416666666666666
gemini,order_reversed,reversed_04,Shower,172,False,1.0,1.0,0.06416666666666666
gemini,order_reversed,reversed_05,Shower,172,False,1.0,1.0,0.06416666666666666
gemini,extracted,,Shower,173,False,1.0,1.0,0.0
gemini,default_params,,Shower,173,False,1.0,1.0,0.0
gemini,extracted_per_run,shippedrun_01,Shower,173,False,1.0,1.0,0.0
gemini,extracted_per_run,shippedrun_02,Shower,173,False,1.0,1.0,0.0
gemini,extracted_per_run,shippedrun_03,Shower,173,False,1.0,1.0,0.0
gemini,extracted_per_run,shippedrun_04,Shower,173,False,1.0,1.0,0.0
gemini,extracted_per_run,shippedrun_05,Shower,173,False,1.0,1.0,0.0
gemini,order_control,control_01,Shower,173,False,1.0,1.0,0.0
gemini,order_control,control_02,Shower,173,False,1.0,1.0,0.0
gemini,order_control,control_03,Shower,173,False,1.0,1.0,0.0
gemini,order_reversed,reversed_01,Shower,173,False,1.0,1.0,0.0
gemini,order_reversed,reversed_02,Shower,173,False,1.0,1.0,0.0
gemini,order_reversed,reversed_03,Shower,173,False,1.0,1.0,0.0
gemini,order_reversed,reversed_04,Shower,173,False,1.0,1.0,0.0
gemini,order_reversed,reversed_05,Shower,173,False,1.0,1.0,0.0
gemini,extracted,,Shower,174,False,1.0,1.0,0.06416666666666665
gemini,default_params,,Shower,174,False,1.0,1.0,0.06333333333333334
gemini,extracted_per_run,shippedrun_01,Shower,174,False,1.0,1.0,0.06416666666666665
gemini,extracted_per_run,shippedrun_02,Shower,174,False,1.0,1.0,0.06416666666666665
gemini,extracted_per_run,shippedrun_03,Shower,174,False,1.0,1.0,0.06416666666666665
gemini,extracted_per_run,shippedrun_04,Shower,174,False,1.0,1.0,0.06416666666666665
gemini,extracted_per_run,shippedrun_05,Shower,174,False,1.0,1.0,0.06416666666666665
gemini,order_control,control_01,Shower,174,False,1.0,1.0,0.06416666666666665
gemini,order_control,control_02,Shower,174,False,1.0,1.0,0.06416666666666665
gemini,order_control,control_03,Shower,174,False,1.0,1.0,0.06416666666666665
gemini,order_reversed,reversed_01,Shower,174,False,1.0,1.0,0.06416666666666665
gemini,order_reversed,reversed_02,Shower,174,False,1.0,1.0,0.06416666666666665
gemini,order_reversed,reversed_03,Shower,174,False,1.0,1.0,0.06416666666666665
gemini,order_reversed,reversed_04,Shower,174,False,1.0,1.0,0.06416666666666665
gemini,order_reversed,reversed_05,Shower,174,False,1.0,1.0,0.06416666666666665
gemini,extracted,,Shower,175,False,1.0,1.0,0.0
gemini,default_params,,Shower,175,False,1.0,1.0,0.0
gemini,extracted_per_run,shippedrun_01,Shower,175,False,1.0,1.0,0.0
gemini,extracted_per_run,shippedrun_02,Shower,175,False,1.0,1.0,0.0
gemini,extracted_per_run,shippedrun_03,Shower,175,False,1.0,1.0,0.0
gemini,extracted_per_run,shippedrun_04,Shower,175,False,1.0,1.0,0.0
gemini,extracted_per_run,shippedrun_05,Shower,175,False,1.0,1.0,0.0
gemini,order_control,control_01,Shower,175,False,1.0,1.0,0.0
gemini,order_control,control_02,Shower,175,False,1.0,1.0,0.0
gemini,order_control,control_03,Shower,175,False,1.0,1.0,0.0
gemini,order_reversed,reversed_01,Shower,175,False,1.0,1.0,0.0
gemini,order_reversed,reversed_02,Shower,175,False,1.0,1.0,0.0
gemini,order_reversed,reversed_03,Shower,175,False,1.0,1.0,0.0
gemini,order_reversed,reversed_04,Shower,175,False,1.0,1.0,0.0
gemini,order_reversed,reversed_05,Shower,175,False,1.0,1.0,0.0
gemini,extracted,,Shower,176,False,1.0,1.0,0.0
gemini,default_params,,Shower,176,False,1.0,1.0,0.0
gemini,extracted_per_run,shippedrun_01,Shower,176,False,1.0,1.0,0.0
gemini,extracted_per_run,shippedrun_02,Shower,176,False,1.0,1.0,0.0
gemini,extracted_per_run,shippedrun_03,Shower,176,False,1.0,1.0,0.0
gemini,extracted_per_run,shippedrun_04,Shower,176,False,1.0,1.0,0.0
gemini,extracted_per_run,shippedrun_05,Shower,176,False,1.0,1.0,0.0
gemini,order_control,control_01,Shower,176,False,1.0,1.0,0.0
gemini,order_control,control_02,Shower,176,False,1.0,1.0,0.0
gemini,order_control,control_03,Shower,176,False,1.0,1.0,0.0
gemini,order_reversed,reversed_01,Shower,176,False,1.0,1.0,0.0
gemini,order_reversed,reversed_02,Shower,176,False,1.0,1.0,0.0
gemini,order_reversed,reversed_03,Shower,176,False,1.0,1.0,0.0
gemini,order_reversed,reversed_04,Shower,176,False,1.0,1.0,0.0
gemini,order_reversed,reversed_05,Shower,176,False,1.0,1.0,0.0
gemini,extracted,,Shower,177,False,0.33333333333333337,0.0,0.08
gemini,default_params,,Shower,177,False,1.0,1.0,0.06
gemini,extracted_per_run,shippedrun_01,Shower,177,False,0.33333333333333337,0.0,0.08
gemini,extracted_per_run,shippedrun_02,Shower,177,False,0.33333333333333337,0.0,0.08
gemini,extracted_per_run,shippedrun_03,Shower,177,False,0.33333333333333337,0.0,0.08
gemini,extracted_per_run,shippedrun_04,Shower,177,False,0.33333333333333337,0.0,0.08
gemini,extracted_per_run,shippedrun_05,Shower,177,False,0.33333333333333337,0.0,0.08
gemini,order_control,control_01,Shower,177,False,0.33333333333333337,0.0,0.08
gemini,order_control,control_02,Shower,177,False,0.33333333333333337,0.0,0.08
gemini,order_control,control_03,Shower,177,False,0.33333333333333337,0.0,0.08
gemini,order_reversed,reversed_01,Shower,177,False,0.33333333333333337,0.0,0.08
gemini,order_reversed,reversed_02,Shower,177,False,0.33333333333333337,0.0,0.08
gemini,order_reversed,reversed_03,Shower,177,False,0.33333333333333337,0.0,0.08
gemini,order_reversed,reversed_04,Shower,177,False,0.33333333333333337,0.0,0.08
gemini,order_reversed,reversed_05,Shower,177,False,0.33333333333333337,0.0,0.08
gemini,extracted,,Shower,178,False,1.0,1.0,0.0
gemini,default_params,,Shower,178,False,1.0,1.0,0.0
gemini,extracted_per_run,shippedrun_01,Shower,178,False,1.0,1.0,0.0
gemini,extracted_per_run,shippedrun_02,Shower,178,False,1.0,1.0,0.0
gemini,extracted_per_run,shippedrun_03,Shower,178,False,1.0,1.0,0.0
gemini,extracted_per_run,shippedrun_04,Shower,178,False,1.0,1.0,0.0
gemini,extracted_per_run,shippedrun_05,Shower,178,False,1.0,1.0,0.0
gemini,order_control,control_01,Shower,178,False,1.0,1.0,0.0
gemini,order_control,control_02,Shower,178,False,1.0,1.0,0.0
gemini,order_control,control_03,Shower,178,False,1.0,1.0,0.0
gemini,order_reversed,reversed_01,Shower,178,False,1.0,1.0,0.0
gemini,order_reversed,reversed_02,Shower,178,False,1.0,1.0,0.0
gemini,order_reversed,reversed_03,Shower,178,False,1.0,1.0,0.0
gemini,order_reversed,reversed_04,Shower,178,False,1.0,1.0,0.0
gemini,order_reversed,reversed_05,Shower,178,False,1.0,1.0,0.0
gemini,extracted,,Shower,179,False,1.0,1.0,0.0
gemini,default_params,,Shower,179,False,1.0,1.0,0.0
gemini,extracted_per_run,shippedrun_01,Shower,179,False,1.0,1.0,0.0
gemini,extracted_per_run,shippedrun_02,Shower,179,False,1.0,1.0,0.0
gemini,extracted_per_run,shippedrun_03,Shower,179,False,1.0,1.0,0.0
gemini,extracted_per_run,shippedrun_04,Shower,179,False,1.0,1.0,0.0
gemini,extracted_per_run,shippedrun_05,Shower,179,False,1.0,1.0,0.0
gemini,order_control,control_01,Shower,179,False,1.0,1.0,0.0
gemini,order_control,control_02,Shower,179,False,1.0,1.0,0.0
gemini,order_control,control_03,Shower,179,False,1.0,1.0,0.0
gemini,order_reversed,reversed_01,Shower,179,False,1.0,1.0,0.0
gemini,order_reversed,reversed_02,Shower,179,False,1.0,1.0,0.0
gemini,order_reversed,reversed_03,Shower,179,False,1.0,1.0,0.0
gemini,order_reversed,reversed_04,Shower,179,False,1.0,1.0,0.0
gemini,order_reversed,reversed_05,Shower,179,False,1.0,1.0,0.0
gemini,extracted,,Shower,180,False,1.0,1.0,0.07416666666666667
gemini,default_params,,Shower,180,False,1.0,1.0,0.09749999999999999
gemini,extracted_per_run,shippedrun_01,Shower,180,False,1.0,1.0,0.07416666666666667
gemini,extracted_per_run,shippedrun_02,Shower,180,False,1.0,1.0,0.07416666666666667
gemini,extracted_per_run,shippedrun_03,Shower,180,False,1.0,1.0,0.07416666666666667
gemini,extracted_per_run,shippedrun_04,Shower,180,False,1.0,1.0,0.07416666666666667
gemini,extracted_per_run,shippedrun_05,Shower,180,False,1.0,1.0,0.07416666666666667
gemini,order_control,control_01,Shower,180,False,1.0,1.0,0.07416666666666667
gemini,order_control,control_02,Shower,180,False,1.0,1.0,0.07416666666666667
gemini,order_control,control_03,Shower,180,False,1.0,1.0,0.07416666666666667
gemini,order_reversed,reversed_01,Shower,180,False,1.0,1.0,0.07416666666666667
gemini,order_reversed,reversed_02,Shower,180,False,1.0,1.0,0.07416666666666667
gemini,order_reversed,reversed_03,Shower,180,False,1.0,1.0,0.07416666666666667
gemini,order_reversed,reversed_04,Shower,180,False,1.0,1.0,0.07416666666666667
gemini,order_reversed,reversed_05,Shower,180,False,1.0,1.0,0.07416666666666667
gemini,extracted,,Shower,181,False,1.0,1.0,0.15416666666666665
gemini,default_params,,Shower,181,False,1.0,1.0,0.15416666666666665
gemini,extracted_per_run,shippedrun_01,Shower,181,False,1.0,1.0,0.15416666666666665
gemini,extracted_per_run,shippedrun_02,Shower,181,False,1.0,1.0,0.15416666666666665
gemini,extracted_per_run,shippedrun_03,Shower,181,False,1.0,1.0,0.15416666666666665
gemini,extracted_per_run,shippedrun_04,Shower,181,False,1.0,1.0,0.15416666666666665
gemini,extracted_per_run,shippedrun_05,Shower,181,False,1.0,1.0,0.15416666666666665
gemini,order_control,control_01,Shower,181,False,1.0,1.0,0.15416666666666665
gemini,order_control,control_02,Shower,181,False,1.0,1.0,0.15416666666666665
gemini,order_control,control_03,Shower,181,False,1.0,1.0,0.15416666666666665
gemini,order_reversed,reversed_01,Shower,181,False,1.0,1.0,0.15416666666666665
gemini,order_reversed,reversed_02,Shower,181,False,1.0,1.0,0.15416666666666665
gemini,order_reversed,reversed_03,Shower,181,False,1.0,1.0,0.15416666666666665
gemini,order_reversed,reversed_04,Shower,181,False,1.0,1.0,0.15416666666666665
gemini,order_reversed,reversed_05,Shower,181,False,1.0,1.0,0.15416666666666665
gemini,extracted,,Shower,182,False,0.33333333333333337,1.0,0.0375
gemini,default_params,,Shower,182,False,1.0,1.0,0.03833333333333333
gemini,extracted_per_run,shippedrun_01,Shower,182,False,0.33333333333333337,1.0,0.0375
gemini,extracted_per_run,shippedrun_02,Shower,182,False,0.33333333333333337,1.0,0.0375
gemini,extracted_per_run,shippedrun_03,Shower,182,False,0.33333333333333337,1.0,0.0375
gemini,extracted_per_run,shippedrun_04,Shower,182,False,0.33333333333333337,1.0,0.0375
gemini,extracted_per_run,shippedrun_05,Shower,182,False,0.33333333333333337,1.0,0.0375
gemini,order_control,control_01,Shower,182,False,0.33333333333333337,1.0,0.0375
gemini,order_control,control_02,Shower,182,False,0.33333333333333337,1.0,0.0375
gemini,order_control,control_03,Shower,182,False,0.33333333333333337,1.0,0.0375
gemini,order_reversed,reversed_01,Shower,182,False,0.33333333333333337,1.0,0.0375
gemini,order_reversed,reversed_02,Shower,182,False,0.33333333333333337,1.0,0.0375
gemini,order_reversed,reversed_03,Shower,182,False,0.33333333333333337,1.0,0.0375
gemini,order_reversed,reversed_04,Shower,182,False,0.33333333333333337,1.0,0.0375
gemini,order_reversed,reversed_05,Shower,182,False,0.33333333333333337,1.0,0.0375
gemini,extracted,,Shower,183,False,1.0,1.0,0.0
gemini,default_params,,Shower,183,False,1.0,1.0,0.0
gemini,extracted_per_run,shippedrun_01,Shower,183,False,1.0,1.0,0.0
gemini,extracted_per_run,shippedrun_02,Shower,183,False,1.0,1.0,0.0
gemini,extracted_per_run,shippedrun_03,Shower,183,False,1.0,1.0,0.0
gemini,extracted_per_run,shippedrun_04,Shower,183,False,1.0,1.0,0.0
gemini,extracted_per_run,shippedrun_05,Shower,183,False,1.0,1.0,0.0
gemini,order_control,control_01,Shower,183,False,1.0,1.0,0.0
gemini,order_control,control_02,Shower,183,False,1.0,1.0,0.0
gemini,order_control,control_03,Shower,183,False,1.0,1.0,0.0
gemini,order_reversed,reversed_01,Shower,183,False,1.0,1.0,0.0
gemini,order_reversed,reversed_02,Shower,183,False,1.0,1.0,0.0
gemini,order_reversed,reversed_03,Shower,183,False,1.0,1.0,0.0
gemini,order_reversed,reversed_04,Shower,183,False,1.0,1.0,0.0
gemini,order_reversed,reversed_05,Shower,183,False,1.0,1.0,0.0
gemini,extracted,,Shower,184,False,0.33333333333333337,0.0,0.11916666666666664
gemini,default_params,,Shower,184,False,1.0,1.0,0.09583333333333333
gemini,extracted_per_run,shippedrun_01,Shower,184,False,0.33333333333333337,0.0,0.11916666666666664
gemini,extracted_per_run,shippedrun_02,Shower,184,False,0.33333333333333337,0.0,0.11916666666666664
gemini,extracted_per_run,shippedrun_03,Shower,184,False,0.33333333333333337,0.0,0.11916666666666664
gemini,extracted_per_run,shippedrun_04,Shower,184,False,0.33333333333333337,0.0,0.11916666666666664
gemini,extracted_per_run,shippedrun_05,Shower,184,False,0.33333333333333337,0.0,0.11916666666666664
gemini,order_control,control_01,Shower,184,False,0.33333333333333337,0.0,0.11916666666666664
gemini,order_control,control_02,Shower,184,False,0.33333333333333337,0.0,0.11916666666666664
gemini,order_control,control_03,Shower,184,False,0.33333333333333337,0.0,0.11916666666666664
gemini,order_reversed,reversed_01,Shower,184,False,0.33333333333333337,0.0,0.11916666666666664
gemini,order_reversed,reversed_02,Shower,184,False,0.33333333333333337,0.0,0.11916666666666664
gemini,order_reversed,reversed_03,Shower,184,False,0.33333333333333337,0.0,0.11916666666666664
gemini,order_reversed,reversed_04,Shower,184,False,0.33333333333333337,0.0,0.11916666666666664
gemini,order_reversed,reversed_05,Shower,184,False,0.33333333333333337,0.0,0.11916666666666664
gemini,extracted,,Shower,185,False,1.0,1.0,0.0
gemini,default_params,,Shower,185,False,1.0,1.0,0.0
gemini,extracted_per_run,shippedrun_01,Shower,185,False,1.0,1.0,0.0
gemini,extracted_per_run,shippedrun_02,Shower,185,False,1.0,1.0,0.0
gemini,extracted_per_run,shippedrun_03,Shower,185,False,1.0,1.0,0.0
gemini,extracted_per_run,shippedrun_04,Shower,185,False,1.0,1.0,0.0
gemini,extracted_per_run,shippedrun_05,Shower,185,False,1.0,1.0,0.0
gemini,order_control,control_01,Shower,185,False,1.0,1.0,0.0
gemini,order_control,control_02,Shower,185,False,1.0,1.0,0.0
gemini,order_control,control_03,Shower,185,False,1.0,1.0,0.0
gemini,order_reversed,reversed_01,Shower,185,False,1.0,1.0,0.0
gemini,order_reversed,reversed_02,Shower,185,False,1.0,1.0,0.0
gemini,order_reversed,reversed_03,Shower,185,False,1.0,1.0,0.0
gemini,order_reversed,reversed_04,Shower,185,False,1.0,1.0,0.0
gemini,order_reversed,reversed_05,Shower,185,False,1.0,1.0,0.0
gemini,extracted,,Shower,186,False,1.0,1.0,0.0
gemini,default_params,,Shower,186,False,1.0,1.0,0.0
gemini,extracted_per_run,shippedrun_01,Shower,186,False,1.0,1.0,0.0
gemini,extracted_per_run,shippedrun_02,Shower,186,False,1.0,1.0,0.0
gemini,extracted_per_run,shippedrun_03,Shower,186,False,1.0,1.0,0.0
gemini,extracted_per_run,shippedrun_04,Shower,186,False,1.0,1.0,0.0
gemini,extracted_per_run,shippedrun_05,Shower,186,False,1.0,1.0,0.0
gemini,order_control,control_01,Shower,186,False,1.0,1.0,0.0
gemini,order_control,control_02,Shower,186,False,1.0,1.0,0.0
gemini,order_control,control_03,Shower,186,False,1.0,1.0,0.0
gemini,order_reversed,reversed_01,Shower,186,False,1.0,1.0,0.0
gemini,order_reversed,reversed_02,Shower,186,False,1.0,1.0,0.0
gemini,order_reversed,reversed_03,Shower,186,False,1.0,1.0,0.0
gemini,order_reversed,reversed_04,Shower,186,False,1.0,1.0,0.0
gemini,order_reversed,reversed_05,Shower,186,False,1.0,1.0,0.0
gemini,extracted,,Shower,187,False,1.0,1.0,0.0
gemini,default_params,,Shower,187,False,1.0,1.0,0.0
gemini,extracted_per_run,shippedrun_01,Shower,187,False,1.0,1.0,0.0
gemini,extracted_per_run,shippedrun_02,Shower,187,False,1.0,1.0,0.0
gemini,extracted_per_run,shippedrun_03,Shower,187,False,1.0,1.0,0.0
gemini,extracted_per_run,shippedrun_04,Shower,187,False,1.0,1.0,0.0
gemini,extracted_per_run,shippedrun_05,Shower,187,False,1.0,1.0,0.0
gemini,order_control,control_01,Shower,187,False,1.0,1.0,0.0
gemini,order_control,control_02,Shower,187,False,1.0,1.0,0.0
gemini,order_control,control_03,Shower,187,False,1.0,1.0,0.0
gemini,order_reversed,reversed_01,Shower,187,False,1.0,1.0,0.0
gemini,order_reversed,reversed_02,Shower,187,False,1.0,1.0,0.0
gemini,order_reversed,reversed_03,Shower,187,False,1.0,1.0,0.0
gemini,order_reversed,reversed_04,Shower,187,False,1.0,1.0,0.0
gemini,order_reversed,reversed_05,Shower,187,False,1.0,1.0,0.0
gemini,extracted,,Shower,188,False,0.33333333333333337,0.0,0.08
gemini,default_params,,Shower,188,False,1.0,1.0,0.06
gemini,extracted_per_run,shippedrun_01,Shower,188,False,0.33333333333333337,0.0,0.08
gemini,extracted_per_run,shippedrun_02,Shower,188,False,0.33333333333333337,0.0,0.08
gemini,extracted_per_run,shippedrun_03,Shower,188,False,0.33333333333333337,0.0,0.08
gemini,extracted_per_run,shippedrun_04,Shower,188,False,0.33333333333333337,0.0,0.08
gemini,extracted_per_run,shippedrun_05,Shower,188,False,0.33333333333333337,0.0,0.08
gemini,order_control,control_01,Shower,188,False,0.33333333333333337,0.0,0.08
gemini,order_control,control_02,Shower,188,False,0.33333333333333337,0.0,0.08
gemini,order_control,control_03,Shower,188,False,0.33333333333333337,0.0,0.08
gemini,order_reversed,reversed_01,Shower,188,False,0.33333333333333337,0.0,0.08
gemini,order_reversed,reversed_02,Shower,188,False,0.33333333333333337,0.0,0.08
gemini,order_reversed,reversed_03,Shower,188,False,0.33333333333333337,0.0,0.08
gemini,order_reversed,reversed_04,Shower,188,False,0.33333333333333337,0.0,0.08
gemini,order_reversed,reversed_05,Shower,188,False,0.33333333333333337,0.0,0.08
gemini,extracted,,Shower,189,False,0.33333333333333337,1.0,0.026666666666666655
gemini,default_params,,Shower,189,False,-0.33333333333333337,0.0,0.03166666666666668
gemini,extracted_per_run,shippedrun_01,Shower,189,False,0.33333333333333337,1.0,0.026666666666666655
gemini,extracted_per_run,shippedrun_02,Shower,189,False,0.33333333333333337,1.0,0.026666666666666655
gemini,extracted_per_run,shippedrun_03,Shower,189,False,0.33333333333333337,1.0,0.026666666666666655
gemini,extracted_per_run,shippedrun_04,Shower,189,False,0.33333333333333337,1.0,0.026666666666666655
gemini,extracted_per_run,shippedrun_05,Shower,189,False,0.33333333333333337,1.0,0.026666666666666655
gemini,order_control,control_01,Shower,189,False,0.33333333333333337,1.0,0.026666666666666655
gemini,order_control,control_02,Shower,189,False,0.33333333333333337,1.0,0.026666666666666655
gemini,order_control,control_03,Shower,189,False,0.33333333333333337,1.0,0.026666666666666655
gemini,order_reversed,reversed_01,Shower,189,False,0.33333333333333337,1.0,0.026666666666666655
gemini,order_reversed,reversed_02,Shower,189,False,0.33333333333333337,1.0,0.026666666666666655
gemini,order_reversed,reversed_03,Shower,189,False,0.33333333333333337,1.0,0.026666666666666655
gemini,order_reversed,reversed_04,Shower,189,False,0.33333333333333337,1.0,0.026666666666666655
gemini,order_reversed,reversed_05,Shower,189,False,0.33333333333333337,1.0,0.026666666666666655
gemini,extracted,,Shower,190,False,1.0,1.0,0.0
gemini,default_params,,Shower,190,False,1.0,1.0,0.0
gemini,extracted_per_run,shippedrun_01,Shower,190,False,1.0,1.0,0.0
gemini,extracted_per_run,shippedrun_02,Shower,190,False,1.0,1.0,0.0
gemini,extracted_per_run,shippedrun_03,Shower,190,False,1.0,1.0,0.0
gemini,extracted_per_run,shippedrun_04,Shower,190,False,1.0,1.0,0.0
gemini,extracted_per_run,shippedrun_05,Shower,190,False,1.0,1.0,0.0
gemini,order_control,control_01,Shower,190,False,1.0,1.0,0.0
gemini,order_control,control_02,Shower,190,False,1.0,1.0,0.0
gemini,order_control,control_03,Shower,190,False,1.0,1.0,0.0
gemini,order_reversed,reversed_01,Shower,190,False,1.0,1.0,0.0
gemini,order_reversed,reversed_02,Shower,190,False,1.0,1.0,0.0
gemini,order_reversed,reversed_03,Shower,190,False,1.0,1.0,0.0
gemini,order_reversed,reversed_04,Shower,190,False,1.0,1.0,0.0
gemini,order_reversed,reversed_05,Shower,190,False,1.0,1.0,0.0
gemini,extracted,,Shower,191,False,1.0,1.0,0.0
gemini,default_params,,Shower,191,False,1.0,1.0,0.0
gemini,extracted_per_run,shippedrun_01,Shower,191,False,1.0,1.0,0.0
gemini,extracted_per_run,shippedrun_02,Shower,191,False,1.0,1.0,0.0
gemini,extracted_per_run,shippedrun_03,Shower,191,False,1.0,1.0,0.0
gemini,extracted_per_run,shippedrun_04,Shower,191,False,1.0,1.0,0.0
gemini,extracted_per_run,shippedrun_05,Shower,191,False,1.0,1.0,0.0
gemini,order_control,control_01,Shower,191,False,1.0,1.0,0.0
gemini,order_control,control_02,Shower,191,False,1.0,1.0,0.0
gemini,order_control,control_03,Shower,191,False,1.0,1.0,0.0
gemini,order_reversed,reversed_01,Shower,191,False,1.0,1.0,0.0
gemini,order_reversed,reversed_02,Shower,191,False,1.0,1.0,0.0
gemini,order_reversed,reversed_03,Shower,191,False,1.0,1.0,0.0
gemini,order_reversed,reversed_04,Shower,191,False,1.0,1.0,0.0
gemini,order_reversed,reversed_05,Shower,191,False,1.0,1.0,0.0
gemini,extracted,,Shower,192,False,-0.33333333333333337,0.0,0.027499999999999986
gemini,default_params,,Shower,192,False,0.33333333333333337,1.0,0.03333333333333335
gemini,extracted_per_run,shippedrun_01,Shower,192,False,-0.33333333333333337,0.0,0.027499999999999986
gemini,extracted_per_run,shippedrun_02,Shower,192,False,-0.33333333333333337,0.0,0.027499999999999986
gemini,extracted_per_run,shippedrun_03,Shower,192,False,-0.33333333333333337,0.0,0.027499999999999986
gemini,extracted_per_run,shippedrun_04,Shower,192,False,-0.33333333333333337,0.0,0.027499999999999986
gemini,extracted_per_run,shippedrun_05,Shower,192,False,-0.33333333333333337,0.0,0.027499999999999986
gemini,order_control,control_01,Shower,192,False,-0.33333333333333337,0.0,0.027499999999999986
gemini,order_control,control_02,Shower,192,False,-0.33333333333333337,0.0,0.027499999999999986
gemini,order_control,control_03,Shower,192,False,-0.33333333333333337,0.0,0.027499999999999986
gemini,order_reversed,reversed_01,Shower,192,False,-0.33333333333333337,0.0,0.027499999999999986
gemini,order_reversed,reversed_02,Shower,192,False,-0.33333333333333337,0.0,0.027499999999999986
gemini,order_reversed,reversed_03,Shower,192,False,-0.33333333333333337,0.0,0.027499999999999986
gemini,order_reversed,reversed_04,Shower,192,False,-0.33333333333333337,0.0,0.027499999999999986
gemini,order_reversed,reversed_05,Shower,192,False,-0.33333333333333337,0.0,0.027499999999999986
gemini,extracted,,Shower,193,False,0.33333333333333337,0.0,0.04333333333333333
gemini,default_params,,Shower,193,False,-1.0,0.0,0.13499999999999998
gemini,extracted_per_run,shippedrun_01,Shower,193,False,0.33333333333333337,0.0,0.04333333333333333
gemini,extracted_per_run,shippedrun_02,Shower,193,False,0.33333333333333337,0.0,0.04333333333333333
gemini,extracted_per_run,shippedrun_03,Shower,193,False,0.33333333333333337,0.0,0.04333333333333333
gemini,extracted_per_run,shippedrun_04,Shower,193,False,0.33333333333333337,0.0,0.04333333333333333
gemini,extracted_per_run,shippedrun_05,Shower,193,False,0.33333333333333337,0.0,0.04333333333333333
gemini,order_control,control_01,Shower,193,False,0.33333333333333337,0.0,0.04333333333333333
gemini,order_control,control_02,Shower,193,False,0.33333333333333337,0.0,0.04333333333333333
gemini,order_control,control_03,Shower,193,False,0.33333333333333337,0.0,0.04333333333333333
gemini,order_reversed,reversed_01,Shower,193,False,0.33333333333333337,0.0,0.04333333333333333
gemini,order_reversed,reversed_02,Shower,193,False,0.33333333333333337,0.0,0.04333333333333333
gemini,order_reversed,reversed_03,Shower,193,False,0.33333333333333337,0.0,0.04333333333333333
gemini,order_reversed,reversed_04,Shower,193,False,0.33333333333333337,0.0,0.04333333333333333
gemini,order_reversed,reversed_05,Shower,193,False,0.33333333333333337,0.0,0.04333333333333333
gemini,extracted,,Shower,194,False,-0.33333333333333337,0.0,0.08833333333333333
gemini,default_params,,Shower,194,False,1.0,1.0,0.08833333333333333
gemini,extracted_per_run,shippedrun_01,Shower,194,False,-0.33333333333333337,0.0,0.08833333333333333
gemini,extracted_per_run,shippedrun_02,Shower,194,False,-0.33333333333333337,0.0,0.08833333333333333
gemini,extracted_per_run,shippedrun_03,Shower,194,False,-0.33333333333333337,0.0,0.08833333333333333
gemini,extracted_per_run,shippedrun_04,Shower,194,False,-0.33333333333333337,0.0,0.08833333333333333
gemini,extracted_per_run,shippedrun_05,Shower,194,False,-0.33333333333333337,0.0,0.08833333333333333
gemini,order_control,control_01,Shower,194,False,-0.33333333333333337,0.0,0.08833333333333333
gemini,order_control,control_02,Shower,194,False,-0.33333333333333337,0.0,0.08833333333333333
gemini,order_control,control_03,Shower,194,False,-0.33333333333333337,0.0,0.08833333333333333
gemini,order_reversed,reversed_01,Shower,194,False,-0.33333333333333337,0.0,0.08833333333333333
gemini,order_reversed,reversed_02,Shower,194,False,-0.33333333333333337,0.0,0.08833333333333333
gemini,order_reversed,reversed_03,Shower,194,False,-0.33333333333333337,0.0,0.08833333333333333
gemini,order_reversed,reversed_04,Shower,194,False,-0.33333333333333337,0.0,0.08833333333333333
gemini,order_reversed,reversed_05,Shower,194,False,-0.33333333333333337,0.0,0.08833333333333333
gemini,extracted,,Shower,195,False,-1.0,0.0,0.03250000000000001
gemini,default_params,,Shower,195,False,1.0,1.0,0.03583333333333333
gemini,extracted_per_run,shippedrun_01,Shower,195,False,-1.0,0.0,0.03250000000000001
gemini,extracted_per_run,shippedrun_02,Shower,195,False,-1.0,0.0,0.03250000000000001
gemini,extracted_per_run,shippedrun_03,Shower,195,False,-1.0,0.0,0.03250000000000001
gemini,extracted_per_run,shippedrun_04,Shower,195,False,-1.0,0.0,0.03250000000000001
gemini,extracted_per_run,shippedrun_05,Shower,195,False,-1.0,0.0,0.03250000000000001
gemini,order_control,control_01,Shower,195,False,-1.0,0.0,0.03250000000000001
gemini,order_control,control_02,Shower,195,False,-1.0,0.0,0.03250000000000001
gemini,order_control,control_03,Shower,195,False,-1.0,0.0,0.03250000000000001
gemini,order_reversed,reversed_01,Shower,195,False,-1.0,0.0,0.03250000000000001
gemini,order_reversed,reversed_02,Shower,195,False,-1.0,0.0,0.03250000000000001
gemini,order_reversed,reversed_03,Shower,195,False,-1.0,0.0,0.03250000000000001
gemini,order_reversed,reversed_04,Shower,195,False,-1.0,0.0,0.03250000000000001
gemini,order_reversed,reversed_05,Shower,195,False,-1.0,0.0,0.03250000000000001
gptoss,extracted,,HVAC,1,False,1.0,1.0,0.017499999999999977
gptoss,default_params,,HVAC,1,False,1.0,1.0,0.01166666666666664
gptoss,extracted_per_run,shippedrun_01,HVAC,1,False,1.0,1.0,0.024999999999999984
gptoss,extracted_per_run,shippedrun_02,HVAC,1,False,1.0,1.0,0.014999999999999994
gptoss,extracted_per_run,shippedrun_03,HVAC,1,False,1.0,1.0,0.012499999999999975
gptoss,extracted_per_run,shippedrun_04,HVAC,1,False,1.0,1.0,0.023333333333333317
gptoss,extracted_per_run,shippedrun_05,HVAC,1,False,1.0,1.0,0.02166666666666665
gptoss,order_control,control_01,HVAC,1,False,1.0,1.0,0.02166666666666665
gptoss,order_control,control_02,HVAC,1,False,1.0,1.0,0.02166666666666665
gptoss,order_control,control_03,HVAC,1,False,1.0,1.0,0.00999999999999999
gptoss,order_reversed,reversed_01,HVAC,1,True,,,
gptoss,order_reversed,reversed_02,HVAC,1,False,1.0,1.0,0.01999999999999998
gptoss,order_reversed,reversed_03,HVAC,1,False,1.0,1.0,0.023333333333333317
gptoss,order_reversed,reversed_04,HVAC,1,True,,,
gptoss,order_reversed,reversed_05,HVAC,1,True,,,
gptoss,extracted,,HVAC,2,False,1.0,1.0,0.01833333333333335
gptoss,default_params,,HVAC,2,False,1.0,1.0,0.03249999999999998
gptoss,extracted_per_run,shippedrun_01,HVAC,2,False,1.0,1.0,0.019166666666666683
gptoss,extracted_per_run,shippedrun_02,HVAC,2,False,1.0,1.0,0.020000000000000018
gptoss,extracted_per_run,shippedrun_03,HVAC,2,False,1.0,1.0,0.020000000000000018
gptoss,extracted_per_run,shippedrun_04,HVAC,2,False,1.0,1.0,0.017500000000000016
gptoss,extracted_per_run,shippedrun_05,HVAC,2,False,1.0,1.0,0.020000000000000018
gptoss,order_control,control_01,HVAC,2,False,1.0,1.0,0.01666666666666668
gptoss,order_control,control_02,HVAC,2,False,1.0,1.0,0.010000000000000009
gptoss,order_control,control_03,HVAC,2,False,1.0,1.0,0.019166666666666683
gptoss,order_reversed,reversed_01,HVAC,2,True,,,
gptoss,order_reversed,reversed_02,HVAC,2,False,1.0,1.0,0.020000000000000018
gptoss,order_reversed,reversed_03,HVAC,2,False,1.0,1.0,0.010000000000000009
gptoss,order_reversed,reversed_04,HVAC,2,False,1.0,1.0,0.019166666666666683
gptoss,order_reversed,reversed_05,HVAC,2,False,1.0,1.0,0.011666666666666678
gptoss,extracted,,HVAC,3,False,1.0,1.0,0.0625
gptoss,default_params,,HVAC,3,False,1.0,1.0,0.04833333333333333
gptoss,extracted_per_run,shippedrun_01,HVAC,3,True,,,
gptoss,extracted_per_run,shippedrun_02,HVAC,3,True,,,
gptoss,extracted_per_run,shippedrun_03,HVAC,3,False,1.0,1.0,0.0625
gptoss,extracted_per_run,shippedrun_04,HVAC,3,True,,,
gptoss,extracted_per_run,shippedrun_05,HVAC,3,True,,,
gptoss,order_control,control_01,HVAC,3,True,,,
gptoss,order_control,control_02,HVAC,3,True,,,
gptoss,order_control,control_03,HVAC,3,False,1.0,1.0,0.045000000000000005
gptoss,order_reversed,reversed_01,HVAC,3,True,,,
gptoss,order_reversed,reversed_02,HVAC,3,True,,,
gptoss,order_reversed,reversed_03,HVAC,3,True,,,
gptoss,order_reversed,reversed_04,HVAC,3,True,,,
gptoss,order_reversed,reversed_05,HVAC,3,False,1.0,1.0,0.04750000000000001
gptoss,extracted,,HVAC,4,False,1.0,1.0,0.01583333333333335
gptoss,default_params,,HVAC,4,False,1.0,1.0,0.043333333333333335
gptoss,extracted_per_run,shippedrun_01,HVAC,4,True,,,
gptoss,extracted_per_run,shippedrun_02,HVAC,4,False,1.0,1.0,0.01833333333333335
gptoss,extracted_per_run,shippedrun_03,HVAC,4,False,1.0,1.0,0.01833333333333335
gptoss,extracted_per_run,shippedrun_04,HVAC,4,False,1.0,1.0,0.01833333333333335
gptoss,extracted_per_run,shippedrun_05,HVAC,4,False,1.0,1.0,0.022500000000000003
gptoss,order_control,control_01,HVAC,4,False,1.0,1.0,0.08083333333333333
gptoss,order_control,control_02,HVAC,4,False,1.0,1.0,0.08583333333333333
gptoss,order_control,control_03,HVAC,4,False,0.33333333333333337,0.0,0.08750000000000001
gptoss,order_reversed,reversed_01,HVAC,4,True,,,
gptoss,order_reversed,reversed_02,HVAC,4,True,,,
gptoss,order_reversed,reversed_03,HVAC,4,False,1.0,1.0,0.01833333333333335
gptoss,order_reversed,reversed_04,HVAC,4,True,,,
gptoss,order_reversed,reversed_05,HVAC,4,False,1.0,1.0,0.08083333333333333
gptoss,extracted,,HVAC,5,False,1.0,1.0,0.09666666666666668
gptoss,default_params,,HVAC,5,False,0.33333333333333337,1.0,0.020833333333333325
gptoss,extracted_per_run,shippedrun_01,HVAC,5,True,,,
gptoss,extracted_per_run,shippedrun_02,HVAC,5,True,,,
gptoss,extracted_per_run,shippedrun_03,HVAC,5,True,,,
gptoss,extracted_per_run,shippedrun_04,HVAC,5,False,1.0,1.0,0.09916666666666667
gptoss,extracted_per_run,shippedrun_05,HVAC,5,False,1.0,1.0,0.1025
gptoss,order_control,control_01,HVAC,5,True,,,
gptoss,order_control,control_02,HVAC,5,True,,,
gptoss,order_control,control_03,HVAC,5,False,1.0,1.0,0.08916666666666666
gptoss,order_reversed,reversed_01,HVAC,5,True,,,
gptoss,order_reversed,reversed_02,HVAC,5,False,1.0,1.0,0.09083333333333332
gptoss,order_reversed,reversed_03,HVAC,5,False,1.0,1.0,0.09916666666666667
gptoss,order_reversed,reversed_04,HVAC,5,False,1.0,1.0,0.07083333333333335
gptoss,order_reversed,reversed_05,HVAC,5,False,1.0,1.0,0.08916666666666666
gptoss,extracted,,HVAC,6,False,1.0,1.0,0.07916666666666665
gptoss,default_params,,HVAC,6,False,1.0,1.0,0.08249999999999999
gptoss,extracted_per_run,shippedrun_01,HVAC,6,True,,,
gptoss,extracted_per_run,shippedrun_02,HVAC,6,False,1.0,1.0,0.07999999999999999
gptoss,extracted_per_run,shippedrun_03,HVAC,6,False,1.0,1.0,0.08416666666666665
gptoss,extracted_per_run,shippedrun_04,HVAC,6,False,1.0,1.0,0.075
gptoss,extracted_per_run,shippedrun_05,HVAC,6,False,1.0,1.0,0.075
gptoss,order_control,control_01,HVAC,6,False,1.0,1.0,0.075
gptoss,order_control,control_02,HVAC,6,False,1.0,1.0,0.08249999999999999
gptoss,order_control,control_03,HVAC,6,False,1.0,1.0,0.075
gptoss,order_reversed,reversed_01,HVAC,6,False,1.0,1.0,0.07999999999999999
gptoss,order_reversed,reversed_02,HVAC,6,False,1.0,1.0,0.0825
gptoss,order_reversed,reversed_03,HVAC,6,True,,,
gptoss,order_reversed,reversed_04,HVAC,6,False,1.0,1.0,0.09249999999999999
gptoss,order_reversed,reversed_05,HVAC,6,False,1.0,1.0,0.075
gptoss,extracted,,HVAC,7,False,1.0,1.0,0.11749999999999998
gptoss,default_params,,HVAC,7,False,1.0,1.0,0.12666666666666668
gptoss,extracted_per_run,shippedrun_01,HVAC,7,False,1.0,1.0,0.12249999999999998
gptoss,extracted_per_run,shippedrun_02,HVAC,7,False,1.0,1.0,0.1108333333333333
gptoss,extracted_per_run,shippedrun_03,HVAC,7,True,,,
gptoss,extracted_per_run,shippedrun_04,HVAC,7,False,1.0,1.0,0.1158333333333333
gptoss,extracted_per_run,shippedrun_05,HVAC,7,False,1.0,1.0,0.1158333333333333
gptoss,order_control,control_01,HVAC,7,False,1.0,1.0,0.1108333333333333
gptoss,order_control,control_02,HVAC,7,False,1.0,1.0,0.1158333333333333
gptoss,order_control,control_03,HVAC,7,False,1.0,1.0,0.1158333333333333
gptoss,order_reversed,reversed_01,HVAC,7,True,,,
gptoss,order_reversed,reversed_02,HVAC,7,True,,,
gptoss,order_reversed,reversed_03,HVAC,7,False,1.0,1.0,0.1108333333333333
gptoss,order_reversed,reversed_04,HVAC,7,False,1.0,1.0,0.11999999999999995
gptoss,order_reversed,reversed_05,HVAC,7,False,1.0,1.0,0.1108333333333333
gptoss,extracted,,HVAC,8,False,1.0,1.0,0.020833333333333315
gptoss,default_params,,HVAC,8,False,1.0,1.0,0.01166666666666664
gptoss,extracted_per_run,shippedrun_01,HVAC,8,False,1.0,1.0,0.020833333333333332
gptoss,extracted_per_run,shippedrun_02,HVAC,8,True,,,
gptoss,extracted_per_run,shippedrun_03,HVAC,8,False,1.0,1.0,0.023333333333333334
gptoss,extracted_per_run,shippedrun_04,HVAC,8,False,1.0,1.0,0.020833333333333332
gptoss,extracted_per_run,shippedrun_05,HVAC,8,False,1.0,1.0,0.12249999999999998
gptoss,order_control,control_01,HVAC,8,False,1.0,1.0,0.030833333333333313
gptoss,order_control,control_02,HVAC,8,True,,,
gptoss,order_control,control_03,HVAC,8,False,1.0,1.0,0.020833333333333332
gptoss,order_reversed,reversed_01,HVAC,8,False,1.0,1.0,0.03083333333333334
gptoss,order_reversed,reversed_02,HVAC,8,False,1.0,1.0,0.023333333333333334
gptoss,order_reversed,reversed_03,HVAC,8,False,1.0,1.0,0.02833333333333334
gptoss,order_reversed,reversed_04,HVAC,8,False,1.0,1.0,0.013333333333333327
gptoss,order_reversed,reversed_05,HVAC,8,False,1.0,1.0,0.013333333333333327
gptoss,extracted,,HVAC,9,False,1.0,1.0,0.030833333333333324
gptoss,default_params,,HVAC,9,False,1.0,1.0,0.04083333333333335
gptoss,extracted_per_run,shippedrun_01,HVAC,9,False,1.0,1.0,0.02
gptoss,extracted_per_run,shippedrun_02,HVAC,9,True,,,
gptoss,extracted_per_run,shippedrun_03,HVAC,9,False,1.0,1.0,0.03833333333333333
gptoss,extracted_per_run,shippedrun_04,HVAC,9,True,,,
gptoss,extracted_per_run,shippedrun_05,HVAC,9,False,1.0,1.0,0.03833333333333333
gptoss,order_control,control_01,HVAC,9,False,1.0,1.0,0.04083333333333333
gptoss,order_control,control_02,HVAC,9,True,,,
gptoss,order_control,control_03,HVAC,9,False,1.0,1.0,0.02
gptoss,order_reversed,reversed_01,HVAC,9,False,1.0,1.0,0.04083333333333333
gptoss,order_reversed,reversed_02,HVAC,9,False,1.0,1.0,0.017499999999999998
gptoss,order_reversed,reversed_03,HVAC,9,False,1.0,1.0,0.03833333333333333
gptoss,order_reversed,reversed_04,HVAC,9,False,1.0,1.0,0.04083333333333333
gptoss,order_reversed,reversed_05,HVAC,9,False,1.0,1.0,0.02
gptoss,extracted,,HVAC,10,False,1.0,1.0,0.0025000000000000022
gptoss,default_params,,HVAC,10,False,1.0,1.0,0.020000000000000018
gptoss,extracted_per_run,shippedrun_01,HVAC,10,False,1.0,1.0,0.000833333333333334
gptoss,extracted_per_run,shippedrun_02,HVAC,10,False,1.0,1.0,0.0050000000000000044
gptoss,extracted_per_run,shippedrun_03,HVAC,10,False,1.0,1.0,0.0
gptoss,extracted_per_run,shippedrun_04,HVAC,10,False,1.0,1.0,0.0050000000000000044
gptoss,extracted_per_run,shippedrun_05,HVAC,10,False,1.0,1.0,0.0
gptoss,order_control,control_01,HVAC,10,False,1.0,1.0,0.0050000000000000044
gptoss,order_control,control_02,HVAC,10,False,1.0,1.0,0.001666666666666668
gptoss,order_control,control_03,HVAC,10,False,1.0,1.0,0.0
gptoss,order_reversed,reversed_01,HVAC,10,True,,,
gptoss,order_reversed,reversed_02,HVAC,10,False,1.0,1.0,0.001666666666666668
gptoss,order_reversed,reversed_03,HVAC,10,False,1.0,1.0,0.000833333333333334
gptoss,order_reversed,reversed_04,HVAC,10,False,1.0,1.0,0.001666666666666668
gptoss,order_reversed,reversed_05,HVAC,10,True,,,
gptoss,extracted,,HVAC,11,False,1.0,1.0,0.026666666666666655
gptoss,default_params,,HVAC,11,False,1.0,1.0,0.07166666666666667
gptoss,extracted_per_run,shippedrun_01,HVAC,11,False,1.0,1.0,0.024166666666666652
gptoss,extracted_per_run,shippedrun_02,HVAC,11,True,,,
gptoss,extracted_per_run,shippedrun_03,HVAC,11,True,,,
gptoss,extracted_per_run,shippedrun_04,HVAC,11,True,,,
gptoss,extracted_per_run,shippedrun_05,HVAC,11,False,1.0,1.0,0.03249999999999997
gptoss,order_control,control_01,HVAC,11,True,,,
gptoss,order_control,control_02,HVAC,11,True,,,
gptoss,order_control,control_03,HVAC,11,True,,,
gptoss,order_reversed,reversed_01,HVAC,11,False,1.0,1.0,0.015000000000000013
gptoss,order_reversed,reversed_02,HVAC,11,True,,,
gptoss,order_reversed,reversed_03,HVAC,11,True,,,
gptoss,order_reversed,reversed_04,HVAC,11,False,1.0,1.0,0.02
gptoss,order_reversed,reversed_05,HVAC,11,True,,,
gptoss,extracted,,HVAC,12,False,1.0,1.0,0.03249999999999997
gptoss,default_params,,HVAC,12,False,1.0,1.0,0.053333333333333295
gptoss,extracted_per_run,shippedrun_01,HVAC,12,True,,,
gptoss,extracted_per_run,shippedrun_02,HVAC,12,False,1.0,1.0,0.03249999999999997
gptoss,extracted_per_run,shippedrun_03,HVAC,12,True,,,
gptoss,extracted_per_run,shippedrun_04,HVAC,12,False,1.0,1.0,0.03249999999999997
gptoss,extracted_per_run,shippedrun_05,HVAC,12,True,,,
gptoss,order_control,control_01,HVAC,12,True,,,
gptoss,order_control,control_02,HVAC,12,True,,,
gptoss,order_control,control_03,HVAC,12,False,1.0,1.0,0.015000000000000013
gptoss,order_reversed,reversed_01,HVAC,12,False,1.0,1.0,0.013333333333333327
gptoss,order_reversed,reversed_02,HVAC,12,False,1.0,1.0,0.017499999999999988
gptoss,order_reversed,reversed_03,HVAC,12,False,1.0,1.0,0.025000000000000022
gptoss,order_reversed,reversed_04,HVAC,12,False,1.0,1.0,0.015000000000000013
gptoss,order_reversed,reversed_05,HVAC,12,False,1.0,1.0,0.015000000000000013
gptoss,extracted,,HVAC,13,False,1.0,1.0,0.04999999999999996
gptoss,default_params,,HVAC,13,False,1.0,1.0,0.10416666666666667
gptoss,extracted_per_run,shippedrun_01,HVAC,13,False,1.0,1.0,0.05749999999999997
gptoss,extracted_per_run,shippedrun_02,HVAC,13,False,1.0,1.0,0.04916666666666663
gptoss,extracted_per_run,shippedrun_03,HVAC,13,False,1.0,1.0,0.046666666666666655
gptoss,extracted_per_run,shippedrun_04,HVAC,13,False,1.0,1.0,0.046666666666666655
gptoss,extracted_per_run,shippedrun_05,HVAC,13,False,1.0,1.0,0.04916666666666663
gptoss,order_control,control_01,HVAC,13,False,1.0,1.0,0.013333333333333345
gptoss,order_control,control_02,HVAC,13,True,,,
gptoss,order_control,control_03,HVAC,13,True,,,
gptoss,order_reversed,reversed_01,HVAC,13,False,1.0,1.0,0.04916666666666663
gptoss,order_reversed,reversed_02,HVAC,13,False,1.0,1.0,0.02833333333333332
gptoss,order_reversed,reversed_03,HVAC,13,False,1.0,1.0,0.04916666666666663
gptoss,order_reversed,reversed_04,HVAC,13,False,1.0,1.0,0.02833333333333332
gptoss,order_reversed,reversed_05,HVAC,13,False,1.0,1.0,0.04916666666666663
gptoss,extracted,,HVAC,14,True,,,
gptoss,default_params,,HVAC,14,False,1.0,1.0,0.07166666666666664
gptoss,extracted_per_run,shippedrun_01,HVAC,14,True,,,
gptoss,extracted_per_run,shippedrun_02,HVAC,14,True,,,
gptoss,extracted_per_run,shippedrun_03,HVAC,14,True,,,
gptoss,extracted_per_run,shippedrun_04,HVAC,14,True,,,
gptoss,extracted_per_run,shippedrun_05,HVAC,14,True,,,
gptoss,order_control,control_01,HVAC,14,True,,,
gptoss,order_control,control_02,HVAC,14,True,,,
gptoss,order_control,control_03,HVAC,14,False,1.0,1.0,0.02999999999999997
gptoss,order_reversed,reversed_01,HVAC,14,False,1.0,1.0,0.03249999999999995
gptoss,order_reversed,reversed_02,HVAC,14,False,1.0,1.0,0.03916666666666663
gptoss,order_reversed,reversed_03,HVAC,14,False,1.0,1.0,0.03249999999999995
gptoss,order_reversed,reversed_04,HVAC,14,False,1.0,1.0,0.02333333333333328
gptoss,order_reversed,reversed_05,HVAC,14,False,1.0,1.0,0.02333333333333328
gptoss,extracted,,HVAC,15,False,1.0,1.0,0.04083333333333331
gptoss,default_params,,HVAC,15,False,1.0,1.0,0.06500000000000002
gptoss,extracted_per_run,shippedrun_01,HVAC,15,False,1.0,1.0,0.03250000000000001
gptoss,extracted_per_run,shippedrun_02,HVAC,15,False,1.0,1.0,0.043333333333333314
gptoss,extracted_per_run,shippedrun_03,HVAC,15,False,1.0,1.0,0.04916666666666666
gptoss,extracted_per_run,shippedrun_04,HVAC,15,True,,,
gptoss,extracted_per_run,shippedrun_05,HVAC,15,True,,,
gptoss,order_control,control_01,HVAC,15,False,1.0,1.0,0.04416666666666667
gptoss,order_control,control_02,HVAC,15,True,,,
gptoss,order_control,control_03,HVAC,15,True,,,
gptoss,order_reversed,reversed_01,HVAC,15,True,,,
gptoss,order_reversed,reversed_02,HVAC,15,True,,,
gptoss,order_reversed,reversed_03,HVAC,15,False,1.0,1.0,0.04083333333333333
gptoss,order_reversed,reversed_04,HVAC,15,True,,,
gptoss,order_reversed,reversed_05,HVAC,15,True,,,
gptoss,extracted,,HVAC,16,False,1.0,1.0,0.01416666666666666
gptoss,default_params,,HVAC,16,False,1.0,1.0,0.05916666666666665
gptoss,extracted_per_run,shippedrun_01,HVAC,16,False,1.0,1.0,0.01416666666666666
gptoss,extracted_per_run,shippedrun_02,HVAC,16,True,,,
gptoss,extracted_per_run,shippedrun_03,HVAC,16,True,,,
gptoss,extracted_per_run,shippedrun_04,HVAC,16,True,,,
gptoss,extracted_per_run,shippedrun_05,HVAC,16,True,,,
gptoss,order_control,control_01,HVAC,16,False,1.0,1.0,0.02416666666666667
gptoss,order_control,control_02,HVAC,16,False,1.0,1.0,0.01416666666666666
gptoss,order_control,control_03,HVAC,16,True,,,
gptoss,order_reversed,reversed_01,HVAC,16,False,1.0,1.0,0.01416666666666666
gptoss,order_reversed,reversed_02,HVAC,16,False,1.0,1.0,0.026666666666666672
gptoss,order_reversed,reversed_03,HVAC,16,True,,,
gptoss,order_reversed,reversed_04,HVAC,16,False,1.0,1.0,0.01416666666666666
gptoss,order_reversed,reversed_05,HVAC,16,False,1.0,1.0,0.05083333333333334
gptoss,extracted,,HVAC,17,False,1.0,1.0,0.030833333333333313
gptoss,default_params,,HVAC,17,False,1.0,1.0,0.07583333333333335
gptoss,extracted_per_run,shippedrun_01,HVAC,17,True,,,
gptoss,extracted_per_run,shippedrun_02,HVAC,17,False,1.0,1.0,0.037499999999999985
gptoss,extracted_per_run,shippedrun_03,HVAC,17,False,1.0,1.0,0.03249999999999998
gptoss,extracted_per_run,shippedrun_04,HVAC,17,True,,,
gptoss,extracted_per_run,shippedrun_05,HVAC,17,False,1.0,1.0,0.025000000000000005
gptoss,order_control,control_01,HVAC,17,True,,,
gptoss,order_control,control_02,HVAC,17,True,,,
gptoss,order_control,control_03,HVAC,17,False,1.0,1.0,0.024999999999999977
gptoss,order_reversed,reversed_01,HVAC,17,True,,,
gptoss,order_reversed,reversed_02,HVAC,17,True,,,
gptoss,order_reversed,reversed_03,HVAC,17,False,1.0,1.0,0.02
gptoss,order_reversed,reversed_04,HVAC,17,True,,,
gptoss,order_reversed,reversed_05,HVAC,17,False,1.0,1.0,0.03249999999999998
gptoss,extracted,,HVAC,18,False,1.0,1.0,0.020000000000000007
gptoss,default_params,,HVAC,18,False,1.0,1.0,0.05000000000000004
gptoss,extracted_per_run,shippedrun_01,HVAC,18,False,1.0,1.0,0.02416666666666668
gptoss,extracted_per_run,shippedrun_02,HVAC,18,True,,,
gptoss,extracted_per_run,shippedrun_03,HVAC,18,False,1.0,1.0,0.017499999999999988
gptoss,extracted_per_run,shippedrun_04,HVAC,18,False,1.0,1.0,0.015000000000000013
gptoss,extracted_per_run,shippedrun_05,HVAC,18,False,1.0,1.0,0.06333333333333334
gptoss,order_control,control_01,HVAC,18,False,1.0,1.0,0.02416666666666668
gptoss,order_control,control_02,HVAC,18,False,1.0,1.0,0.06333333333333334
gptoss,order_control,control_03,HVAC,18,False,1.0,1.0,0.0725
gptoss,order_reversed,reversed_01,HVAC,18,False,1.0,1.0,0.025000000000000022
gptoss,order_reversed,reversed_02,HVAC,18,False,1.0,1.0,0.019166666666666655
gptoss,order_reversed,reversed_03,HVAC,18,False,1.0,1.0,0.008333333333333323
gptoss,order_reversed,reversed_04,HVAC,18,True,,,
gptoss,order_reversed,reversed_05,HVAC,18,False,1.0,1.0,0.0775
gptoss,extracted,,HVAC,19,False,1.0,1.0,0.025833333333333347
gptoss,default_params,,HVAC,19,False,1.0,1.0,0.065
gptoss,extracted_per_run,shippedrun_01,HVAC,19,True,,,
gptoss,extracted_per_run,shippedrun_02,HVAC,19,False,1.0,1.0,0.020833333333333343
gptoss,extracted_per_run,shippedrun_03,HVAC,19,True,,,
gptoss,extracted_per_run,shippedrun_04,HVAC,19,False,1.0,1.0,0.03083333333333335
gptoss,extracted_per_run,shippedrun_05,HVAC,19,False,1.0,1.0,0.02833333333333335
gptoss,order_control,control_01,HVAC,19,True,,,
gptoss,order_control,control_02,HVAC,19,False,1.0,1.0,0.03083333333333335
gptoss,order_control,control_03,HVAC,19,True,,,
gptoss,order_reversed,reversed_01,HVAC,19,True,,,
gptoss,order_reversed,reversed_02,HVAC,19,True,,,
gptoss,order_reversed,reversed_03,HVAC,19,False,1.0,1.0,0.03083333333333335
gptoss,order_reversed,reversed_04,HVAC,19,False,1.0,1.0,0.06
gptoss,order_reversed,reversed_05,HVAC,19,True,,,
gptoss,extracted,,HVAC,20,False,1.0,1.0,0.06583333333333334
gptoss,default_params,,HVAC,20,False,1.0,1.0,0.0325
gptoss,extracted_per_run,shippedrun_01,HVAC,20,False,1.0,1.0,0.05833333333333333
gptoss,extracted_per_run,shippedrun_02,HVAC,20,True,,,
gptoss,extracted_per_run,shippedrun_03,HVAC,20,False,1.0,1.0,0.07333333333333335
gptoss,extracted_per_run,shippedrun_04,HVAC,20,True,,,
gptoss,extracted_per_run,shippedrun_05,HVAC,20,False,1.0,1.0,0.06583333333333334
gptoss,order_control,control_01,HVAC,20,True,,,
gptoss,order_control,control_02,HVAC,20,False,1.0,1.0,0.07333333333333335
gptoss,order_control,control_03,HVAC,20,False,1.0,1.0,0.07333333333333335
gptoss,order_reversed,reversed_01,HVAC,20,False,1.0,1.0,0.07333333333333335
gptoss,order_reversed,reversed_02,HVAC,20,False,1.0,1.0,0.05833333333333333
gptoss,order_reversed,reversed_03,HVAC,20,False,1.0,1.0,0.07333333333333335
gptoss,order_reversed,reversed_04,HVAC,20,False,1.0,1.0,0.07583333333333335
gptoss,order_reversed,reversed_05,HVAC,20,False,1.0,1.0,0.03999999999999998
gptoss,extracted,,HVAC,21,False,1.0,1.0,0.041666666666666664
gptoss,default_params,,HVAC,21,False,1.0,1.0,0.0825
gptoss,extracted_per_run,shippedrun_01,HVAC,21,False,1.0,1.0,0.05083333333333334
gptoss,extracted_per_run,shippedrun_02,HVAC,21,False,1.0,1.0,0.005833333333333339
gptoss,extracted_per_run,shippedrun_03,HVAC,21,False,1.0,1.0,0.05083333333333334
gptoss,extracted_per_run,shippedrun_04,HVAC,21,False,1.0,1.0,0.05083333333333334
gptoss,extracted_per_run,shippedrun_05,HVAC,21,True,,,
gptoss,order_control,control_01,HVAC,21,False,1.0,1.0,0.06166666666666667
gptoss,order_control,control_02,HVAC,21,False,1.0,1.0,0.05083333333333334
gptoss,order_control,control_03,HVAC,21,False,1.0,1.0,0.05083333333333334
gptoss,order_reversed,reversed_01,HVAC,21,False,1.0,1.0,0.05083333333333334
gptoss,order_reversed,reversed_02,HVAC,21,True,,,
gptoss,order_reversed,reversed_03,HVAC,21,False,0.33333333333333337,0.0,0.315
gptoss,order_reversed,reversed_04,HVAC,21,False,1.0,1.0,0.03500000000000001
gptoss,order_reversed,reversed_05,HVAC,21,False,1.0,1.0,0.05083333333333334
gptoss,extracted,,HVAC,22,False,1.0,1.0,0.035
gptoss,default_params,,HVAC,22,False,1.0,1.0,0.01666666666666666
gptoss,extracted_per_run,shippedrun_01,HVAC,22,False,1.0,1.0,0.035
gptoss,extracted_per_run,shippedrun_02,HVAC,22,True,,,
gptoss,extracted_per_run,shippedrun_03,HVAC,22,False,1.0,1.0,0.035
gptoss,extracted_per_run,shippedrun_04,HVAC,22,True,,,
gptoss,extracted_per_run,shippedrun_05,HVAC,22,True,,,
gptoss,order_control,control_01,HVAC,22,False,1.0,1.0,0.035
gptoss,order_control,control_02,HVAC,22,True,,,
gptoss,order_control,control_03,HVAC,22,False,1.0,1.0,0.035
gptoss,order_reversed,reversed_01,HVAC,22,False,1.0,1.0,0.035
gptoss,order_reversed,reversed_02,HVAC,22,False,1.0,1.0,0.019166666666666676
gptoss,order_reversed,reversed_03,HVAC,22,True,,,
gptoss,order_reversed,reversed_04,HVAC,22,True,,,
gptoss,order_reversed,reversed_05,HVAC,22,True,,,
gptoss,extracted,,HVAC,23,False,1.0,1.0,0.025000000000000005
gptoss,default_params,,HVAC,23,False,1.0,1.0,0.02833333333333334
gptoss,extracted_per_run,shippedrun_01,HVAC,23,True,,,
gptoss,extracted_per_run,shippedrun_02,HVAC,23,False,1.0,1.0,0.025000000000000005
gptoss,extracted_per_run,shippedrun_03,HVAC,23,False,1.0,1.0,0.025000000000000005
gptoss,extracted_per_run,shippedrun_04,HVAC,23,True,,,
gptoss,extracted_per_run,shippedrun_05,HVAC,23,True,,,
gptoss,order_control,control_01,HVAC,23,True,,,
gptoss,order_control,control_02,HVAC,23,False,1.0,1.0,0.025000000000000005
gptoss,order_control,control_03,HVAC,23,False,1.0,1.0,0.105
gptoss,order_reversed,reversed_01,HVAC,23,False,1.0,1.0,0.07333333333333335
gptoss,order_reversed,reversed_02,HVAC,23,False,1.0,1.0,0.08666666666666667
gptoss,order_reversed,reversed_03,HVAC,23,False,1.0,1.0,0.06583333333333334
gptoss,order_reversed,reversed_04,HVAC,23,False,1.0,1.0,0.08166666666666667
gptoss,order_reversed,reversed_05,HVAC,23,False,1.0,1.0,0.08416666666666667
gptoss,extracted,,HVAC,24,False,1.0,1.0,0.037500000000000006
gptoss,default_params,,HVAC,24,False,1.0,1.0,0.0375
gptoss,extracted_per_run,shippedrun_01,HVAC,24,False,1.0,1.0,0.022500000000000003
gptoss,extracted_per_run,shippedrun_02,HVAC,24,True,,,
gptoss,extracted_per_run,shippedrun_03,HVAC,24,False,1.0,1.0,0.037500000000000006
gptoss,extracted_per_run,shippedrun_04,HVAC,24,True,,,
gptoss,extracted_per_run,shippedrun_05,HVAC,24,False,1.0,1.0,0.049999999999999996
gptoss,order_control,control_01,HVAC,24,False,1.0,1.0,0.037500000000000006
gptoss,order_control,control_02,HVAC,24,False,1.0,1.0,0.04833333333333333
gptoss,order_control,control_03,HVAC,24,True,,,
gptoss,order_reversed,reversed_01,HVAC,24,False,1.0,1.0,0.037500000000000006
gptoss,order_reversed,reversed_02,HVAC,24,False,1.0,1.0,0.049999999999999996
gptoss,order_reversed,reversed_03,HVAC,24,False,1.0,1.0,0.037500000000000006
gptoss,order_reversed,reversed_04,HVAC,24,False,1.0,1.0,0.035833333333333335
gptoss,order_reversed,reversed_05,HVAC,24,False,1.0,1.0,0.037500000000000006
gptoss,extracted,,HVAC,25,False,1.0,1.0,0.02416666666666667
gptoss,default_params,,HVAC,25,False,1.0,1.0,0.027499999999999997
gptoss,extracted_per_run,shippedrun_01,HVAC,25,True,,,
gptoss,extracted_per_run,shippedrun_02,HVAC,25,True,,,
gptoss,extracted_per_run,shippedrun_03,HVAC,25,True,,,
gptoss,extracted_per_run,shippedrun_04,HVAC,25,False,1.0,1.0,0.02416666666666667
gptoss,extracted_per_run,shippedrun_05,HVAC,25,True,,,
gptoss,order_control,control_01,HVAC,25,False,1.0,1.0,0.04
gptoss,order_control,control_02,HVAC,25,True,,,
gptoss,order_control,control_03,HVAC,25,True,,,
gptoss,order_reversed,reversed_01,HVAC,25,False,1.0,1.0,0.045000000000000005
gptoss,order_reversed,reversed_02,HVAC,25,True,,,
gptoss,order_reversed,reversed_03,HVAC,25,True,,,
gptoss,order_reversed,reversed_04,HVAC,25,False,1.0,1.0,0.047499999999999994
gptoss,order_reversed,reversed_05,HVAC,25,False,1.0,1.0,0.08583333333333333
gptoss,extracted,,HVAC,26,False,1.0,1.0,0.09000000000000001
gptoss,default_params,,HVAC,26,False,1.0,1.0,0.12583333333333335
gptoss,extracted_per_run,shippedrun_01,HVAC,26,False,1.0,1.0,0.09750000000000002
gptoss,extracted_per_run,shippedrun_02,HVAC,26,False,1.0,1.0,0.085
gptoss,extracted_per_run,shippedrun_03,HVAC,26,False,1.0,1.0,0.09500000000000001
gptoss,extracted_per_run,shippedrun_04,HVAC,26,False,1.0,1.0,0.085
gptoss,extracted_per_run,shippedrun_05,HVAC,26,True,,,
gptoss,order_control,control_01,HVAC,26,False,0.33333333333333337,1.0,0.30250000000000005
gptoss,order_control,control_02,HVAC,26,False,1.0,1.0,0.09750000000000002
gptoss,order_control,control_03,HVAC,26,True,,,
gptoss,order_reversed,reversed_01,HVAC,26,False,1.0,1.0,0.09750000000000002
gptoss,order_reversed,reversed_02,HVAC,26,False,1.0,1.0,0.085
gptoss,order_reversed,reversed_03,HVAC,26,False,1.0,1.0,0.09750000000000002
gptoss,order_reversed,reversed_04,HVAC,26,False,1.0,1.0,0.09750000000000002
gptoss,order_reversed,reversed_05,HVAC,26,False,1.0,1.0,0.09750000000000002
gptoss,extracted,,HVAC,27,False,1.0,1.0,0.1691666666666667
gptoss,default_params,,HVAC,27,False,1.0,1.0,0.075
gptoss,extracted_per_run,shippedrun_01,HVAC,27,False,1.0,1.0,0.17833333333333332
gptoss,extracted_per_run,shippedrun_02,HVAC,27,False,1.0,1.0,0.18583333333333332
gptoss,extracted_per_run,shippedrun_03,HVAC,27,False,1.0,1.0,0.18583333333333332
gptoss,extracted_per_run,shippedrun_04,HVAC,27,True,,,
gptoss,extracted_per_run,shippedrun_05,HVAC,27,False,1.0,1.0,0.10749999999999997
gptoss,order_control,control_01,HVAC,27,False,1.0,1.0,0.17833333333333332
gptoss,order_control,control_02,HVAC,27,False,1.0,1.0,0.17833333333333332
gptoss,order_control,control_03,HVAC,27,False,1.0,1.0,0.10249999999999997
gptoss,order_reversed,reversed_01,HVAC,27,False,1.0,1.0,0.17833333333333332
gptoss,order_reversed,reversed_02,HVAC,27,False,1.0,1.0,0.11749999999999998
gptoss,order_reversed,reversed_03,HVAC,27,False,1.0,1.0,0.031666666666666655
gptoss,order_reversed,reversed_04,HVAC,27,False,1.0,1.0,0.10249999999999997
gptoss,order_reversed,reversed_05,HVAC,27,False,1.0,1.0,0.08166666666666664
gptoss,extracted,,HVAC,28,False,0.33333333333333337,0.0,0.14750000000000002
gptoss,default_params,,HVAC,28,False,1.0,1.0,0.17999999999999997
gptoss,extracted_per_run,shippedrun_01,HVAC,28,True,,,
gptoss,extracted_per_run,shippedrun_02,HVAC,28,True,,,
gptoss,extracted_per_run,shippedrun_03,HVAC,28,True,,,
gptoss,extracted_per_run,shippedrun_04,HVAC,28,False,0.33333333333333337,0.0,0.16416666666666668
gptoss,extracted_per_run,shippedrun_05,HVAC,28,False,0.33333333333333337,0.0,0.13
gptoss,order_control,control_01,HVAC,28,True,,,
gptoss,order_control,control_02,HVAC,28,False,0.33333333333333337,0.0,0.16416666666666668
gptoss,order_control,control_03,HVAC,28,False,0.33333333333333337,0.0,0.16416666666666668
gptoss,order_reversed,reversed_01,HVAC,28,False,0.33333333333333337,0.0,0.16416666666666668
gptoss,order_reversed,reversed_02,HVAC,28,False,0.33333333333333337,0.0,0.16416666666666668
gptoss,order_reversed,reversed_03,HVAC,28,True,,,
gptoss,order_reversed,reversed_04,HVAC,28,True,,,
gptoss,order_reversed,reversed_05,HVAC,28,True,,,
gptoss,extracted,,HVAC,29,False,1.0,1.0,0.13
gptoss,default_params,,HVAC,29,False,1.0,1.0,0.1525
gptoss,extracted_per_run,shippedrun_01,HVAC,29,True,,,
gptoss,extracted_per_run,shippedrun_02,HVAC,29,False,1.0,1.0,0.1175
gptoss,extracted_per_run,shippedrun_03,HVAC,29,False,1.0,1.0,0.135
gptoss,extracted_per_run,shippedrun_04,HVAC,29,False,1.0,1.0,0.13249999999999998
gptoss,extracted_per_run,shippedrun_05,HVAC,29,True,,,
gptoss,order_control,control_01,HVAC,29,False,1.0,1.0,0.13249999999999998
gptoss,order_control,control_02,HVAC,29,False,1.0,1.0,0.13249999999999998
gptoss,order_control,control_03,HVAC,29,False,1.0,1.0,0.13749999999999998
gptoss,order_reversed,reversed_01,HVAC,29,False,1.0,1.0,0.135
gptoss,order_reversed,reversed_02,HVAC,29,False,1.0,1.0,0.13249999999999998
gptoss,order_reversed,reversed_03,HVAC,29,True,,,
gptoss,order_reversed,reversed_04,HVAC,29,False,1.0,1.0,0.1366666666666667
gptoss,order_reversed,reversed_05,HVAC,29,False,1.0,1.0,0.13749999999999998
gptoss,extracted,,HVAC,30,False,1.0,1.0,0.027499999999999986
gptoss,default_params,,HVAC,30,False,1.0,1.0,0.023333333333333317
gptoss,extracted_per_run,shippedrun_01,HVAC,30,False,1.0,1.0,0.04166666666666665
gptoss,extracted_per_run,shippedrun_02,HVAC,30,False,1.0,1.0,0.019166666666666655
gptoss,extracted_per_run,shippedrun_03,HVAC,30,False,1.0,1.0,0.01583333333333332
gptoss,extracted_per_run,shippedrun_04,HVAC,30,False,1.0,1.0,0.04166666666666665
gptoss,extracted_per_run,shippedrun_05,HVAC,30,True,,,
gptoss,order_control,control_01,HVAC,30,False,1.0,1.0,0.009166666666666675
gptoss,order_control,control_02,HVAC,30,True,,,
gptoss,order_control,control_03,HVAC,30,False,1.0,1.0,0.03833333333333334
gptoss,order_reversed,reversed_01,HVAC,30,True,,,
gptoss,order_reversed,reversed_02,HVAC,30,True,,,
gptoss,order_reversed,reversed_03,HVAC,30,True,,,
gptoss,order_reversed,reversed_04,HVAC,30,True,,,
gptoss,order_reversed,reversed_05,HVAC,30,False,1.0,1.0,0.021666666666666657
gptoss,extracted,,HVAC,31,False,1.0,1.0,0.037500000000000006
gptoss,default_params,,HVAC,31,False,1.0,1.0,0.09750000000000002
gptoss,extracted_per_run,shippedrun_01,HVAC,31,False,1.0,1.0,0.022499999999999992
gptoss,extracted_per_run,shippedrun_02,HVAC,31,False,1.0,1.0,0.06166666666666667
gptoss,extracted_per_run,shippedrun_03,HVAC,31,False,1.0,1.0,0.03833333333333334
gptoss,extracted_per_run,shippedrun_04,HVAC,31,False,1.0,1.0,0.03833333333333334
gptoss,extracted_per_run,shippedrun_05,HVAC,31,False,1.0,1.0,0.045000000000000005
gptoss,order_control,control_01,HVAC,31,False,1.0,1.0,0.022499999999999992
gptoss,order_control,control_02,HVAC,31,False,1.0,1.0,0.045000000000000005
gptoss,order_control,control_03,HVAC,31,False,1.0,1.0,0.045000000000000005
gptoss,order_reversed,reversed_01,HVAC,31,False,1.0,1.0,0.03416666666666666
gptoss,order_reversed,reversed_02,HVAC,31,False,1.0,1.0,0.06166666666666667
gptoss,order_reversed,reversed_03,HVAC,31,False,1.0,1.0,0.01416666666666666
gptoss,order_reversed,reversed_04,HVAC,31,False,1.0,1.0,0.036666666666666674
gptoss,order_reversed,reversed_05,HVAC,31,True,,,
gptoss,extracted,,HVAC,32,False,1.0,1.0,0.1491666666666667
gptoss,default_params,,HVAC,32,False,1.0,1.0,0.15500000000000003
gptoss,extracted_per_run,shippedrun_01,HVAC,32,True,,,
gptoss,extracted_per_run,shippedrun_02,HVAC,32,False,1.0,1.0,0.1375
gptoss,extracted_per_run,shippedrun_03,HVAC,32,False,1.0,1.0,0.15583333333333335
gptoss,extracted_per_run,shippedrun_04,HVAC,32,True,,,
gptoss,extracted_per_run,shippedrun_05,HVAC,32,True,,,
gptoss,order_control,control_01,HVAC,32,True,,,
gptoss,order_control,control_02,HVAC,32,True,,,
gptoss,order_control,control_03,HVAC,32,True,,,
gptoss,order_reversed,reversed_01,HVAC,32,True,,,
gptoss,order_reversed,reversed_02,HVAC,32,True,,,
gptoss,order_reversed,reversed_03,HVAC,32,False,1.0,1.0,0.1375
gptoss,order_reversed,reversed_04,HVAC,32,True,,,
gptoss,order_reversed,reversed_05,HVAC,32,True,,,
gptoss,extracted,,HVAC,33,False,1.0,1.0,0.03583333333333332
gptoss,default_params,,HVAC,33,False,1.0,1.0,0.035833333333333314
gptoss,extracted_per_run,shippedrun_01,HVAC,33,False,1.0,1.0,0.03083333333333332
gptoss,extracted_per_run,shippedrun_02,HVAC,33,False,1.0,1.0,0.03416666666666665
gptoss,extracted_per_run,shippedrun_03,HVAC,33,False,1.0,1.0,0.17
gptoss,extracted_per_run,shippedrun_04,HVAC,33,False,1.0,1.0,0.03666666666666665
gptoss,extracted_per_run,shippedrun_05,HVAC,33,False,1.0,1.0,0.03666666666666665
gptoss,order_control,control_01,HVAC,33,False,1.0,1.0,0.03416666666666665
gptoss,order_control,control_02,HVAC,33,False,1.0,1.0,0.03666666666666665
gptoss,order_control,control_03,HVAC,33,False,1.0,1.0,0.04749999999999999
gptoss,order_reversed,reversed_01,HVAC,33,False,1.0,1.0,0.03666666666666665
gptoss,order_reversed,reversed_02,HVAC,33,False,1.0,1.0,0.03666666666666665
gptoss,order_reversed,reversed_03,HVAC,33,False,1.0,1.0,0.03666666666666665
gptoss,order_reversed,reversed_04,HVAC,33,True,,,
gptoss,order_reversed,reversed_05,HVAC,33,False,1.0,1.0,0.03666666666666665
gptoss,extracted,,HVAC,34,False,1.0,1.0,0.06416666666666666
gptoss,default_params,,HVAC,34,False,1.0,1.0,0.04166666666666664
gptoss,extracted_per_run,shippedrun_01,HVAC,34,True,,,
gptoss,extracted_per_run,shippedrun_02,HVAC,34,False,1.0,1.0,0.06083333333333332
gptoss,extracted_per_run,shippedrun_03,HVAC,34,False,1.0,1.0,0.06583333333333333
gptoss,extracted_per_run,shippedrun_04,HVAC,34,False,1.0,1.0,0.05833333333333332
gptoss,extracted_per_run,shippedrun_05,HVAC,34,False,1.0,1.0,0.06583333333333333
gptoss,order_control,control_01,HVAC,34,False,1.0,1.0,0.05833333333333332
gptoss,order_control,control_02,HVAC,34,False,1.0,1.0,0.06583333333333333
gptoss,order_control,control_03,HVAC,34,False,1.0,1.0,0.050833333333333314
gptoss,order_reversed,reversed_01,HVAC,34,True,,,
gptoss,order_reversed,reversed_02,HVAC,34,False,1.0,1.0,0.04083333333333331
gptoss,order_reversed,reversed_03,HVAC,34,True,,,
gptoss,order_reversed,reversed_04,HVAC,34,False,1.0,1.0,0.06583333333333333
gptoss,order_reversed,reversed_05,HVAC,34,False,1.0,1.0,0.05833333333333332
gptoss,extracted,,HVAC,35,False,1.0,1.0,0.3175
gptoss,default_params,,HVAC,35,False,1.0,1.0,0.16666666666666666
gptoss,extracted_per_run,shippedrun_01,HVAC,35,False,1.0,1.0,0.1525
gptoss,extracted_per_run,shippedrun_02,HVAC,35,True,,,
gptoss,extracted_per_run,shippedrun_03,HVAC,35,False,1.0,1.0,0.31416666666666665
gptoss,extracted_per_run,shippedrun_04,HVAC,35,True,,,
gptoss,extracted_per_run,shippedrun_05,HVAC,35,False,1.0,1.0,0.32416666666666666
gptoss,order_control,control_01,HVAC,35,True,,,
gptoss,order_control,control_02,HVAC,35,False,1.0,1.0,0.1625
gptoss,order_control,control_03,HVAC,35,False,1.0,1.0,0.16333333333333336
gptoss,order_reversed,reversed_01,HVAC,35,False,1.0,1.0,0.1525
gptoss,order_reversed,reversed_02,HVAC,35,True,,,
gptoss,order_reversed,reversed_03,HVAC,35,False,1.0,1.0,0.32499999999999996
gptoss,order_reversed,reversed_04,HVAC,35,False,1.0,1.0,0.32499999999999996
gptoss,order_reversed,reversed_05,HVAC,35,False,1.0,1.0,0.31416666666666665
gptoss,extracted,,HVAC,36,False,1.0,1.0,0.009166666666666675
gptoss,default_params,,HVAC,36,False,1.0,1.0,0.015000000000000005
gptoss,extracted_per_run,shippedrun_01,HVAC,36,False,1.0,1.0,0.00833333333333334
gptoss,extracted_per_run,shippedrun_02,HVAC,36,True,,,
gptoss,extracted_per_run,shippedrun_03,HVAC,36,False,1.0,1.0,0.00833333333333334
gptoss,extracted_per_run,shippedrun_04,HVAC,36,False,1.0,1.0,0.012500000000000011
gptoss,extracted_per_run,shippedrun_05,HVAC,36,True,,,
gptoss,order_control,control_01,HVAC,36,False,1.0,1.0,0.00833333333333334
gptoss,order_control,control_02,HVAC,36,False,1.0,1.0,0.0050000000000000044
gptoss,order_control,control_03,HVAC,36,True,,,
gptoss,order_reversed,reversed_01,HVAC,36,False,1.0,1.0,0.010000000000000009
gptoss,order_reversed,reversed_02,HVAC,36,False,1.0,1.0,0.004999999999999995
gptoss,order_reversed,reversed_03,HVAC,36,False,1.0,1.0,0.007500000000000007
gptoss,order_reversed,reversed_04,HVAC,36,False,1.0,1.0,0.012500000000000011
gptoss,order_reversed,reversed_05,HVAC,36,False,1.0,1.0,0.0
gptoss,extracted,,HVAC,37,False,1.0,1.0,0.030000000000000013
gptoss,default_params,,HVAC,37,False,1.0,1.0,0.043333333333333356
gptoss,extracted_per_run,shippedrun_01,HVAC,37,False,1.0,1.0,0.03583333333333335
gptoss,extracted_per_run,shippedrun_02,HVAC,37,True,,,
gptoss,extracted_per_run,shippedrun_03,HVAC,37,False,1.0,1.0,0.03500000000000001
gptoss,extracted_per_run,shippedrun_04,HVAC,37,False,1.0,1.0,0.023333333333333355
gptoss,extracted_per_run,shippedrun_05,HVAC,37,True,,,
gptoss,order_control,control_01,HVAC,37,False,1.0,1.0,0.023333333333333355
gptoss,order_control,control_02,HVAC,37,True,,,
gptoss,order_control,control_03,HVAC,37,True,,,
gptoss,order_reversed,reversed_01,HVAC,37,False,1.0,1.0,0.027499999999999993
gptoss,order_reversed,reversed_02,HVAC,37,True,,,
gptoss,order_reversed,reversed_03,HVAC,37,False,1.0,1.0,0.04333333333333333
gptoss,order_reversed,reversed_04,HVAC,37,False,1.0,1.0,0.04333333333333333
gptoss,order_reversed,reversed_05,HVAC,37,False,1.0,1.0,0.04333333333333333
gptoss,extracted,,HVAC,38,False,1.0,1.0,0.0050000000000000044
gptoss,default_params,,HVAC,38,False,0.33333333333333337,1.0,0.009166666666666675
gptoss,extracted_per_run,shippedrun_01,HVAC,38,False,1.0,1.0,0.0050000000000000044
gptoss,extracted_per_run,shippedrun_02,HVAC,38,False,1.0,1.0,0.0025000000000000022
gptoss,extracted_per_run,shippedrun_03,HVAC,38,True,,,
gptoss,extracted_per_run,shippedrun_04,HVAC,38,False,1.0,1.0,0.0050000000000000044
gptoss,extracted_per_run,shippedrun_05,HVAC,38,False,1.0,1.0,0.0050000000000000044
gptoss,order_control,control_01,HVAC,38,False,1.0,1.0,0.0050000000000000044
gptoss,order_control,control_02,HVAC,38,False,1.0,1.0,0.0025000000000000022
gptoss,order_control,control_03,HVAC,38,False,1.0,1.0,0.0050000000000000044
gptoss,order_reversed,reversed_01,HVAC,38,False,1.0,1.0,0.0050000000000000044
gptoss,order_reversed,reversed_02,HVAC,38,False,1.0,1.0,0.0025000000000000022
gptoss,order_reversed,reversed_03,HVAC,38,False,1.0,1.0,0.0050000000000000044
gptoss,order_reversed,reversed_04,HVAC,38,False,1.0,1.0,0.0025000000000000022
gptoss,order_reversed,reversed_05,HVAC,38,False,1.0,1.0,0.0050000000000000044
gptoss,extracted,,HVAC,39,False,0.33333333333333337,1.0,0.04833333333333334
gptoss,default_params,,HVAC,39,False,0.33333333333333337,1.0,0.025833333333333337
gptoss,extracted_per_run,shippedrun_01,HVAC,39,False,0.33333333333333337,1.0,0.04583333333333334
gptoss,extracted_per_run,shippedrun_02,HVAC,39,False,0.33333333333333337,1.0,0.04750000000000001
gptoss,extracted_per_run,shippedrun_03,HVAC,39,False,0.33333333333333337,1.0,0.05666666666666665
gptoss,extracted_per_run,shippedrun_04,HVAC,39,False,0.33333333333333337,1.0,0.04416666666666667
gptoss,extracted_per_run,shippedrun_05,HVAC,39,False,0.33333333333333337,1.0,0.04583333333333334
gptoss,order_control,control_01,HVAC,39,False,1.0,1.0,0.019166666666666683
gptoss,order_control,control_02,HVAC,39,False,0.33333333333333337,1.0,0.05833333333333332
gptoss,order_control,control_03,HVAC,39,False,0.33333333333333337,1.0,0.03416666666666666
gptoss,order_reversed,reversed_01,HVAC,39,False,0.33333333333333337,1.0,0.04583333333333334
gptoss,order_reversed,reversed_02,HVAC,39,False,0.33333333333333337,1.0,0.04750000000000001
gptoss,order_reversed,reversed_03,HVAC,39,False,0.33333333333333337,1.0,0.04583333333333334
gptoss,order_reversed,reversed_04,HVAC,39,False,1.0,1.0,0.01666666666666668
gptoss,order_reversed,reversed_05,HVAC,39,False,0.33333333333333337,1.0,0.04583333333333334
gptoss,extracted,,HVAC,40,False,1.0,1.0,0.021666666666666667
gptoss,default_params,,HVAC,40,False,1.0,1.0,0.0
gptoss,extracted_per_run,shippedrun_01,HVAC,40,True,,,
gptoss,extracted_per_run,shippedrun_02,HVAC,40,True,,,
gptoss,extracted_per_run,shippedrun_03,HVAC,40,True,,,
gptoss,extracted_per_run,shippedrun_04,HVAC,40,False,1.0,1.0,0.029166666666666674
gptoss,extracted_per_run,shippedrun_05,HVAC,40,False,1.0,1.0,0.029166666666666674
gptoss,order_control,control_01,HVAC,40,True,,,
gptoss,order_control,control_02,HVAC,40,False,1.0,1.0,0.02
gptoss,order_control,control_03,HVAC,40,False,1.0,1.0,0.023333333333333345
gptoss,order_reversed,reversed_01,HVAC,40,True,,,
gptoss,order_reversed,reversed_02,HVAC,40,False,1.0,1.0,0.029166666666666674
gptoss,order_reversed,reversed_03,HVAC,40,True,,,
gptoss,order_reversed,reversed_04,HVAC,40,False,1.0,1.0,0.01416666666666668
gptoss,order_reversed,reversed_05,HVAC,40,True,,,
gptoss,extracted,,HVAC,41,False,1.0,1.0,0.02416666666666667
gptoss,default_params,,HVAC,41,False,1.0,1.0,0.005833333333333334
gptoss,extracted_per_run,shippedrun_01,HVAC,41,True,,,
gptoss,extracted_per_run,shippedrun_02,HVAC,41,False,1.0,1.0,0.024999999999999998
gptoss,extracted_per_run,shippedrun_03,HVAC,41,False,1.0,1.0,0.023333333333333334
gptoss,extracted_per_run,shippedrun_04,HVAC,41,False,1.0,1.0,0.030833333333333338
gptoss,extracted_per_run,shippedrun_05,HVAC,41,False,1.0,1.0,0.030833333333333338
gptoss,order_control,control_01,HVAC,41,True,,,
gptoss,order_control,control_02,HVAC,41,False,1.0,1.0,0.0275
gptoss,order_control,control_03,HVAC,41,False,1.0,1.0,0.023333333333333334
gptoss,order_reversed,reversed_01,HVAC,41,True,,,
gptoss,order_reversed,reversed_02,HVAC,41,False,1.0,1.0,0.023333333333333334
gptoss,order_reversed,reversed_03,HVAC,41,True,,,
gptoss,order_reversed,reversed_04,HVAC,41,False,1.0,1.0,0.04916666666666667
gptoss,order_reversed,reversed_05,HVAC,41,True,,,
gptoss,extracted,,HVAC,42,False,1.0,1.0,0.11916666666666668
gptoss,default_params,,HVAC,42,False,1.0,1.0,0.17416666666666666
gptoss,extracted_per_run,shippedrun_01,HVAC,42,False,1.0,1.0,0.14750000000000002
gptoss,extracted_per_run,shippedrun_02,HVAC,42,False,1.0,1.0,0.14500000000000002
gptoss,extracted_per_run,shippedrun_03,HVAC,42,False,1.0,1.0,0.14750000000000002
gptoss,extracted_per_run,shippedrun_04,HVAC,42,False,1.0,1.0,0.24583333333333335
gptoss,extracted_per_run,shippedrun_05,HVAC,42,False,1.0,1.0,0.15833333333333335
gptoss,order_control,control_01,HVAC,42,False,1.0,1.0,0.1325
gptoss,order_control,control_02,HVAC,42,False,1.0,1.0,0.26666666666666666
gptoss,order_control,control_03,HVAC,42,False,1.0,1.0,0.12166666666666669
gptoss,order_reversed,reversed_01,HVAC,42,False,1.0,1.0,0.14750000000000002
gptoss,order_reversed,reversed_02,HVAC,42,False,1.0,1.0,0.27
gptoss,order_reversed,reversed_03,HVAC,42,True,,,
gptoss,order_reversed,reversed_04,HVAC,42,True,,,
gptoss,order_reversed,reversed_05,HVAC,42,False,1.0,1.0,0.14750000000000002
gptoss,extracted,,HVAC,43,False,1.0,1.0,0.003333333333333336
gptoss,default_params,,HVAC,43,False,1.0,1.0,0.032499999999999994
gptoss,extracted_per_run,shippedrun_01,HVAC,43,True,,,
gptoss,extracted_per_run,shippedrun_02,HVAC,43,False,0.33333333333333337,0.0,0.014999999999999986
gptoss,extracted_per_run,shippedrun_03,HVAC,43,False,0.33333333333333337,0.0,0.010000000000000009
gptoss,extracted_per_run,shippedrun_04,HVAC,43,False,1.0,1.0,0.006666666666666672
gptoss,extracted_per_run,shippedrun_05,HVAC,43,False,0.33333333333333337,0.0,0.009166666666666665
gptoss,order_control,control_01,HVAC,43,False,1.0,1.0,0.012499999999999992
gptoss,order_control,control_02,HVAC,43,False,0.33333333333333337,0.0,0.009166666666666675
gptoss,order_control,control_03,HVAC,43,False,1.0,1.0,0.017499999999999998
gptoss,order_reversed,reversed_01,HVAC,43,False,1.0,1.0,0.0050000000000000044
gptoss,order_reversed,reversed_02,HVAC,43,False,0.33333333333333337,0.0,0.010000000000000009
gptoss,order_reversed,reversed_03,HVAC,43,True,,,
gptoss,order_reversed,reversed_04,HVAC,43,False,1.0,1.0,0.010833333333333325
gptoss,order_reversed,reversed_05,HVAC,43,False,0.33333333333333337,0.0,0.026666666666666672
gptoss,extracted,,HVAC,44,False,1.0,1.0,0.02416666666666667
gptoss,default_params,,HVAC,44,False,0.33333333333333337,0.0,0.055000000000000014
gptoss,extracted_per_run,shippedrun_01,HVAC,44,False,1.0,1.0,0.021666666666666667
gptoss,extracted_per_run,shippedrun_02,HVAC,44,False,1.0,1.0,0.006666666666666672
gptoss,extracted_per_run,shippedrun_03,HVAC,44,False,1.0,1.0,0.025833333333333337
gptoss,extracted_per_run,shippedrun_04,HVAC,44,False,1.0,1.0,0.021666666666666667
gptoss,extracted_per_run,shippedrun_05,HVAC,44,False,1.0,1.0,0.00833333333333334
gptoss,order_control,control_01,HVAC,44,False,1.0,1.0,0.029166666666666674
gptoss,order_control,control_02,HVAC,44,False,1.0,1.0,0.003333333333333336
gptoss,order_control,control_03,HVAC,44,False,1.0,1.0,0.02
gptoss,order_reversed,reversed_01,HVAC,44,True,,,
gptoss,order_reversed,reversed_02,HVAC,44,False,1.0,1.0,0.04
gptoss,order_reversed,reversed_03,HVAC,44,False,1.0,1.0,0.021666666666666667
gptoss,order_reversed,reversed_04,HVAC,44,False,1.0,1.0,0.025833333333333337
gptoss,order_reversed,reversed_05,HVAC,44,False,1.0,1.0,0.02
gptoss,extracted,,HVAC,45,False,1.0,1.0,0.02416666666666667
gptoss,default_params,,HVAC,45,False,1.0,1.0,0.17750000000000002
gptoss,extracted_per_run,shippedrun_01,HVAC,45,True,,,
gptoss,extracted_per_run,shippedrun_02,HVAC,45,True,,,
gptoss,extracted_per_run,shippedrun_03,HVAC,45,True,,,
gptoss,extracted_per_run,shippedrun_04,HVAC,45,False,1.0,1.0,0.02416666666666667
gptoss,extracted_per_run,shippedrun_05,HVAC,45,True,,,
gptoss,order_control,control_01,HVAC,45,True,,,
gptoss,order_control,control_02,HVAC,45,True,,,
gptoss,order_control,control_03,HVAC,45,True,,,
gptoss,order_reversed,reversed_01,HVAC,45,True,,,
gptoss,order_reversed,reversed_02,HVAC,45,False,1.0,1.0,0.033333333333333326
gptoss,order_reversed,reversed_03,HVAC,45,True,,,
gptoss,order_reversed,reversed_04,HVAC,45,False,1.0,1.0,0.016666666666666646
gptoss,order_reversed,reversed_05,HVAC,45,True,,,
gptoss,extracted,,HVAC,46,False,1.0,1.0,0.00833333333333334
gptoss,default_params,,HVAC,46,False,0.33333333333333337,1.0,0.13499999999999998
gptoss,extracted_per_run,shippedrun_01,HVAC,46,False,1.0,1.0,0.053333333333333344
gptoss,extracted_per_run,shippedrun_02,HVAC,46,False,1.0,1.0,0.010833333333333342
gptoss,extracted_per_run,shippedrun_03,HVAC,46,False,1.0,1.0,0.03666666666666668
gptoss,extracted_per_run,shippedrun_04,HVAC,46,False,1.0,1.0,0.02
gptoss,extracted_per_run,shippedrun_05,HVAC,46,False,1.0,1.0,0.03083333333333334
gptoss,order_control,control_01,HVAC,46,True,,,
gptoss,order_control,control_02,HVAC,46,False,1.0,1.0,0.03083333333333334
gptoss,order_control,control_03,HVAC,46,False,1.0,1.0,0.013333333333333345
gptoss,order_reversed,reversed_01,HVAC,46,False,1.0,1.0,0.026666666666666655
gptoss,order_reversed,reversed_02,HVAC,46,False,1.0,1.0,0.03666666666666668
gptoss,order_reversed,reversed_03,HVAC,46,False,1.0,1.0,0.053333333333333344
gptoss,order_reversed,reversed_04,HVAC,46,False,1.0,1.0,0.031666666666666676
gptoss,order_reversed,reversed_05,HVAC,46,False,1.0,1.0,0.011666666666666667
gptoss,extracted,,HVAC,47,False,1.0,1.0,0.029166666666666684
gptoss,default_params,,HVAC,47,False,1.0,1.0,0.059166666666666666
gptoss,extracted_per_run,shippedrun_01,HVAC,47,True,,,
gptoss,extracted_per_run,shippedrun_02,HVAC,47,False,1.0,1.0,0.029166666666666684
gptoss,extracted_per_run,shippedrun_03,HVAC,47,False,1.0,1.0,0.029166666666666684
gptoss,extracted_per_run,shippedrun_04,HVAC,47,True,,,
gptoss,extracted_per_run,shippedrun_05,HVAC,47,True,,,
gptoss,order_control,control_01,HVAC,47,False,1.0,1.0,0.029166666666666684
gptoss,order_control,control_02,HVAC,47,True,,,
gptoss,order_control,control_03,HVAC,47,False,1.0,1.0,0.029166666666666684
gptoss,order_reversed,reversed_01,HVAC,47,True,,,
gptoss,order_reversed,reversed_02,HVAC,47,True,,,
gptoss,order_reversed,reversed_03,HVAC,47,True,,,
gptoss,order_reversed,reversed_04,HVAC,47,False,1.0,1.0,0.029166666666666684
gptoss,order_reversed,reversed_05,HVAC,47,False,1.0,1.0,0.0675
gptoss,extracted,,HVAC,48,False,1.0,1.0,0.034999999999999996
gptoss,default_params,,HVAC,48,False,1.0,1.0,0.18083333333333332
gptoss,extracted_per_run,shippedrun_01,HVAC,48,True,,,
gptoss,extracted_per_run,shippedrun_02,HVAC,48,False,1.0,1.0,0.025000000000000005
gptoss,extracted_per_run,shippedrun_03,HVAC,48,True,,,
gptoss,extracted_per_run,shippedrun_04,HVAC,48,False,1.0,1.0,0.07666666666666667
gptoss,extracted_per_run,shippedrun_05,HVAC,48,False,1.0,1.0,0.022500000000000003
gptoss,order_control,control_01,HVAC,48,True,,,
gptoss,order_control,control_02,HVAC,48,True,,,
gptoss,order_control,control_03,HVAC,48,False,1.0,1.0,0.07666666666666667
gptoss,order_reversed,reversed_01,HVAC,48,False,1.0,1.0,0.00833333333333334
gptoss,order_reversed,reversed_02,HVAC,48,True,,,
gptoss,order_reversed,reversed_03,HVAC,48,False,1.0,1.0,0.10166666666666667
gptoss,order_reversed,reversed_04,HVAC,48,True,,,
gptoss,order_reversed,reversed_05,HVAC,48,True,,,
gptoss,extracted,,HVAC,49,False,1.0,1.0,0.01833333333333333
gptoss,default_params,,HVAC,49,False,1.0,1.0,0.1433333333333333
gptoss,extracted_per_run,shippedrun_01,HVAC,49,False,1.0,1.0,0.017499999999999998
gptoss,extracted_per_run,shippedrun_02,HVAC,49,True,,,
gptoss,extracted_per_run,shippedrun_03,HVAC,49,False,0.33333333333333337,1.0,0.021666666666666667
gptoss,extracted_per_run,shippedrun_04,HVAC,49,False,1.0,1.0,0.006666666666666654
gptoss,extracted_per_run,shippedrun_05,HVAC,49,True,,,
gptoss,order_control,control_01,HVAC,49,False,1.0,1.0,0.01416666666666666
gptoss,order_control,control_02,HVAC,49,True,,,
gptoss,order_control,control_03,HVAC,49,False,1.0,1.0,0.03583333333333333
gptoss,order_reversed,reversed_01,HVAC,49,True,,,
gptoss,order_reversed,reversed_02,HVAC,49,False,1.0,1.0,0.03583333333333333
gptoss,order_reversed,reversed_03,HVAC,49,True,,,
gptoss,order_reversed,reversed_04,HVAC,49,False,1.0,1.0,0.03833333333333333
gptoss,order_reversed,reversed_05,HVAC,49,False,1.0,1.0,0.006666666666666654
gptoss,extracted,,HVAC,50,False,1.0,1.0,0.03083333333333331
gptoss,default_params,,HVAC,50,False,1.0,1.0,0.047499999999999966
gptoss,extracted_per_run,shippedrun_01,HVAC,50,False,1.0,1.0,0.03083333333333331
gptoss,extracted_per_run,shippedrun_02,HVAC,50,True,,,
gptoss,extracted_per_run,shippedrun_03,HVAC,50,True,,,
gptoss,extracted_per_run,shippedrun_04,HVAC,50,True,,,
gptoss,extracted_per_run,shippedrun_05,HVAC,50,True,,,
gptoss,order_control,control_01,HVAC,50,True,,,
gptoss,order_control,control_02,HVAC,50,True,,,
gptoss,order_control,control_03,HVAC,50,False,1.0,1.0,0.03083333333333331
gptoss,order_reversed,reversed_01,HVAC,50,True,,,
gptoss,order_reversed,reversed_02,HVAC,50,False,1.0,1.0,0.03333333333333331
gptoss,order_reversed,reversed_03,HVAC,50,True,,,
gptoss,order_reversed,reversed_04,HVAC,50,False,1.0,1.0,0.03333333333333331
gptoss,order_reversed,reversed_05,HVAC,50,True,,,
gptoss,extracted,,HVAC,51,False,0.33333333333333337,0.0,0.155
gptoss,default_params,,HVAC,51,False,0.33333333333333337,0.0,0.17666666666666664
gptoss,extracted_per_run,shippedrun_01,HVAC,51,True,,,
gptoss,extracted_per_run,shippedrun_02,HVAC,51,False,0.33333333333333337,0.0,0.1475
gptoss,extracted_per_run,shippedrun_03,HVAC,51,True,,,
gptoss,extracted_per_run,shippedrun_04,HVAC,51,False,0.33333333333333337,0.0,0.1633333333333333
gptoss,extracted_per_run,shippedrun_05,HVAC,51,True,,,
gptoss,order_control,control_01,HVAC,51,False,0.33333333333333337,0.0,0.15833333333333333
gptoss,order_control,control_02,HVAC,51,False,0.33333333333333337,0.0,0.15833333333333333
gptoss,order_control,control_03,HVAC,51,True,,,
gptoss,order_reversed,reversed_01,HVAC,51,False,0.33333333333333337,0.0,0.15833333333333333
gptoss,order_reversed,reversed_02,HVAC,51,False,0.33333333333333337,0.0,0.15833333333333333
gptoss,order_reversed,reversed_03,HVAC,51,False,0.33333333333333337,0.0,0.1633333333333333
gptoss,order_reversed,reversed_04,HVAC,51,False,0.33333333333333337,0.0,0.1683333333333333
gptoss,order_reversed,reversed_05,HVAC,51,False,0.33333333333333337,0.0,0.15833333333333333
gptoss,extracted,,HVAC,52,False,1.0,1.0,0.007500000000000007
gptoss,default_params,,HVAC,52,False,1.0,1.0,0.015000000000000013
gptoss,extracted_per_run,shippedrun_01,HVAC,52,False,1.0,1.0,0.0050000000000000044
gptoss,extracted_per_run,shippedrun_02,HVAC,52,False,1.0,1.0,0.0050000000000000044
gptoss,extracted_per_run,shippedrun_03,HVAC,52,False,1.0,1.0,0.0050000000000000044
gptoss,extracted_per_run,shippedrun_04,HVAC,52,False,1.0,1.0,0.010000000000000009
gptoss,extracted_per_run,shippedrun_05,HVAC,52,False,1.0,1.0,0.010000000000000009
gptoss,order_control,control_01,HVAC,52,False,1.0,1.0,0.0050000000000000044
gptoss,order_control,control_02,HVAC,52,False,1.0,1.0,0.0050000000000000044
gptoss,order_control,control_03,HVAC,52,False,1.0,1.0,0.010000000000000009
gptoss,order_reversed,reversed_01,HVAC,52,False,1.0,1.0,0.0
gptoss,order_reversed,reversed_02,HVAC,52,False,1.0,1.0,0.010000000000000009
gptoss,order_reversed,reversed_03,HVAC,52,False,1.0,1.0,0.0050000000000000044
gptoss,order_reversed,reversed_04,HVAC,52,False,1.0,1.0,0.007500000000000007
gptoss,order_reversed,reversed_05,HVAC,52,False,1.0,1.0,0.0050000000000000044
gptoss,extracted,,HVAC,53,False,1.0,1.0,0.039166666666666655
gptoss,default_params,,HVAC,53,False,1.0,1.0,0.029166666666666646
gptoss,extracted_per_run,shippedrun_01,HVAC,53,False,1.0,1.0,0.02999999999999998
gptoss,extracted_per_run,shippedrun_02,HVAC,53,False,1.0,1.0,0.040833333333333326
gptoss,extracted_per_run,shippedrun_03,HVAC,53,False,1.0,1.0,0.040833333333333326
gptoss,extracted_per_run,shippedrun_04,HVAC,53,False,1.0,1.0,0.049166666666666664
gptoss,extracted_per_run,shippedrun_05,HVAC,53,True,,,
gptoss,order_control,control_01,HVAC,53,True,,,
gptoss,order_control,control_02,HVAC,53,False,1.0,1.0,0.020833333333333304
gptoss,order_control,control_03,HVAC,53,True,,,
gptoss,order_reversed,reversed_01,HVAC,53,True,,,
gptoss,order_reversed,reversed_02,HVAC,53,False,1.0,1.0,0.05416666666666667
gptoss,order_reversed,reversed_03,HVAC,53,False,1.0,1.0,0.040833333333333326
gptoss,order_reversed,reversed_04,HVAC,53,False,1.0,1.0,0.05416666666666667
gptoss,order_reversed,reversed_05,HVAC,53,False,1.0,1.0,0.05416666666666667
gptoss,extracted,,HVAC,54,False,1.0,1.0,0.0
gptoss,default_params,,HVAC,54,False,1.0,1.0,0.007500000000000007
gptoss,extracted_per_run,shippedrun_01,HVAC,54,False,1.0,1.0,0.0
gptoss,extracted_per_run,shippedrun_02,HVAC,54,False,0.33333333333333337,0.0,0.005833333333333339
gptoss,extracted_per_run,shippedrun_03,HVAC,54,True,,,
gptoss,extracted_per_run,shippedrun_04,HVAC,54,False,0.33333333333333337,0.0,0.010833333333333342
gptoss,extracted_per_run,shippedrun_05,HVAC,54,False,1.0,1.0,0.0050000000000000044
gptoss,order_control,control_01,HVAC,54,False,1.0,1.0,0.0
gptoss,order_control,control_02,HVAC,54,False,1.0,1.0,0.0025000000000000022
gptoss,order_control,control_03,HVAC,54,False,1.0,1.0,0.0
gptoss,order_reversed,reversed_01,HVAC,54,False,0.33333333333333337,0.0,0.010833333333333342
gptoss,order_reversed,reversed_02,HVAC,54,False,0.33333333333333337,0.0,0.0050000000000000044
gptoss,order_reversed,reversed_03,HVAC,54,False,1.0,1.0,0.0
gptoss,order_reversed,reversed_04,HVAC,54,False,1.0,1.0,0.0
gptoss,order_reversed,reversed_05,HVAC,54,False,1.0,1.0,0.0
gptoss,extracted,,HVAC,55,False,1.0,1.0,0.02416666666666666
gptoss,default_params,,HVAC,55,False,1.0,1.0,0.04833333333333334
gptoss,extracted_per_run,shippedrun_01,HVAC,55,False,1.0,1.0,0.028333333333333332
gptoss,extracted_per_run,shippedrun_02,HVAC,55,False,1.0,1.0,0.028333333333333332
gptoss,extracted_per_run,shippedrun_03,HVAC,55,False,1.0,1.0,0.023333333333333327
gptoss,extracted_per_run,shippedrun_04,HVAC,55,False,1.0,1.0,0.024999999999999994
gptoss,extracted_per_run,shippedrun_05,HVAC,55,False,1.0,1.0,0.017499999999999988
gptoss,order_control,control_01,HVAC,55,False,1.0,1.0,0.028333333333333332
gptoss,order_control,control_02,HVAC,55,False,1.0,1.0,0.01999999999999999
gptoss,order_control,control_03,HVAC,55,False,1.0,1.0,0.03166666666666667
gptoss,order_reversed,reversed_01,HVAC,55,False,1.0,1.0,0.024999999999999994
gptoss,order_reversed,reversed_02,HVAC,55,False,1.0,1.0,0.028333333333333332
gptoss,order_reversed,reversed_03,HVAC,55,False,1.0,1.0,0.020833333333333325
gptoss,order_reversed,reversed_04,HVAC,55,False,1.0,1.0,0.028333333333333332
gptoss,order_reversed,reversed_05,HVAC,55,False,1.0,1.0,0.0325
gptoss,extracted,,HVAC,56,False,0.33333333333333337,0.0,0.021666666666666685
gptoss,default_params,,HVAC,56,False,0.33333333333333337,0.0,0.03250000000000002
gptoss,extracted_per_run,shippedrun_01,HVAC,56,False,0.33333333333333337,0.0,0.012500000000000011
gptoss,extracted_per_run,shippedrun_02,HVAC,56,False,0.33333333333333337,0.0,0.025000000000000012
gptoss,extracted_per_run,shippedrun_03,HVAC,56,False,0.33333333333333337,0.0,0.025000000000000012
gptoss,extracted_per_run,shippedrun_04,HVAC,56,False,0.33333333333333337,0.0,0.020833333333333353
gptoss,extracted_per_run,shippedrun_05,HVAC,56,False,0.33333333333333337,0.0,0.020833333333333353
gptoss,order_control,control_01,HVAC,56,False,0.33333333333333337,0.0,0.030000000000000016
gptoss,order_control,control_02,HVAC,56,False,0.33333333333333337,0.0,0.020833333333333353
gptoss,order_control,control_03,HVAC,56,False,0.33333333333333337,0.0,0.01583333333333335
gptoss,order_reversed,reversed_01,HVAC,56,False,0.33333333333333337,0.0,0.017500000000000016
gptoss,order_reversed,reversed_02,HVAC,56,False,0.33333333333333337,0.0,0.01833333333333335
gptoss,order_reversed,reversed_03,HVAC,56,False,0.33333333333333337,0.0,0.01583333333333335
gptoss,order_reversed,reversed_04,HVAC,56,False,0.33333333333333337,0.0,0.01583333333333335
gptoss,order_reversed,reversed_05,HVAC,56,False,0.33333333333333337,0.0,0.01416666666666668
gptoss,extracted,,HVAC,57,False,1.0,1.0,0.03833333333333335
gptoss,default_params,,HVAC,57,False,1.0,1.0,0.11083333333333334
gptoss,extracted_per_run,shippedrun_01,HVAC,57,False,1.0,1.0,0.04166666666666668
gptoss,extracted_per_run,shippedrun_02,HVAC,57,False,1.0,1.0,0.049999999999999996
gptoss,extracted_per_run,shippedrun_03,HVAC,57,False,1.0,1.0,0.04166666666666668
gptoss,extracted_per_run,shippedrun_04,HVAC,57,False,1.0,1.0,0.027500000000000014
gptoss,extracted_per_run,shippedrun_05,HVAC,57,False,1.0,1.0,0.04166666666666668
gptoss,order_control,control_01,HVAC,57,False,1.0,1.0,0.04583333333333334
gptoss,order_control,control_02,HVAC,57,False,1.0,1.0,0.055000000000000014
gptoss,order_control,control_03,HVAC,57,False,1.0,1.0,0.04166666666666668
gptoss,order_reversed,reversed_01,HVAC,57,False,1.0,1.0,0.04166666666666668
gptoss,order_reversed,reversed_02,HVAC,57,False,1.0,1.0,0.04166666666666668
gptoss,order_reversed,reversed_03,HVAC,57,False,1.0,1.0,0.04166666666666668
gptoss,order_reversed,reversed_04,HVAC,57,False,1.0,1.0,0.049999999999999996
gptoss,order_reversed,reversed_05,HVAC,57,False,1.0,1.0,0.04166666666666668
gptoss,extracted,,HVAC,58,False,1.0,1.0,0.0775
gptoss,default_params,,HVAC,58,False,1.0,1.0,0.08249999999999998
gptoss,extracted_per_run,shippedrun_01,HVAC,58,False,1.0,1.0,0.08083333333333333
gptoss,extracted_per_run,shippedrun_02,HVAC,58,False,1.0,1.0,0.08083333333333333
gptoss,extracted_per_run,shippedrun_03,HVAC,58,True,,,
gptoss,extracted_per_run,shippedrun_04,HVAC,58,True,,,
gptoss,extracted_per_run,shippedrun_05,HVAC,58,False,1.0,1.0,0.07166666666666667
gptoss,order_control,control_01,HVAC,58,False,1.0,1.0,0.07166666666666667
gptoss,order_control,control_02,HVAC,58,True,,,
gptoss,order_control,control_03,HVAC,58,True,,,
gptoss,order_reversed,reversed_01,HVAC,58,False,1.0,1.0,0.07666666666666665
gptoss,order_reversed,reversed_02,HVAC,58,False,1.0,1.0,0.07666666666666665
gptoss,order_reversed,reversed_03,HVAC,58,False,1.0,1.0,0.055
gptoss,order_reversed,reversed_04,HVAC,58,False,1.0,1.0,0.08833333333333332
gptoss,order_reversed,reversed_05,HVAC,58,False,1.0,1.0,0.07749999999999999
gptoss,extracted,,HVAC,59,False,1.0,1.0,0.04083333333333334
gptoss,default_params,,HVAC,59,False,1.0,1.0,0.026666666666666682
gptoss,extracted_per_run,shippedrun_01,HVAC,59,True,,,
gptoss,extracted_per_run,shippedrun_02,HVAC,59,True,,,
gptoss,extracted_per_run,shippedrun_03,HVAC,59,False,1.0,1.0,0.006666666666666664
gptoss,extracted_per_run,shippedrun_04,HVAC,59,False,1.0,1.0,0.060000000000000005
gptoss,extracted_per_run,shippedrun_05,HVAC,59,False,1.0,1.0,0.055
gptoss,order_control,control_01,HVAC,59,True,,,
gptoss,order_control,control_02,HVAC,59,True,,,
gptoss,order_control,control_03,HVAC,59,False,1.0,1.0,0.015000000000000005
gptoss,order_reversed,reversed_01,HVAC,59,False,1.0,1.0,0.060000000000000005
gptoss,order_reversed,reversed_02,HVAC,59,True,,,
gptoss,order_reversed,reversed_03,HVAC,59,False,1.0,1.0,0.006666666666666664
gptoss,order_reversed,reversed_04,HVAC,59,False,1.0,1.0,0.01416666666666667
gptoss,order_reversed,reversed_05,HVAC,59,False,1.0,1.0,0.01416666666666667
gptoss,extracted,,HVAC,60,False,1.0,1.0,0.009999999999999981
gptoss,default_params,,HVAC,60,False,1.0,1.0,0.014999999999999986
gptoss,extracted_per_run,shippedrun_01,HVAC,60,False,1.0,1.0,0.012499999999999983
gptoss,extracted_per_run,shippedrun_02,HVAC,60,False,1.0,1.0,0.0025000000000000022
gptoss,extracted_per_run,shippedrun_03,HVAC,60,False,1.0,1.0,0.012499999999999983
gptoss,extracted_per_run,shippedrun_04,HVAC,60,False,1.0,1.0,0.009999999999999981
gptoss,extracted_per_run,shippedrun_05,HVAC,60,False,1.0,1.0,0.012499999999999983
gptoss,order_control,control_01,HVAC,60,False,1.0,1.0,0.009999999999999981
gptoss,order_control,control_02,HVAC,60,False,1.0,1.0,0.009999999999999981
gptoss,order_control,control_03,HVAC,60,False,1.0,1.0,0.0025000000000000022
gptoss,order_reversed,reversed_01,HVAC,60,False,1.0,1.0,0.009999999999999981
gptoss,order_reversed,reversed_02,HVAC,60,False,1.0,1.0,0.009999999999999981
gptoss,order_reversed,reversed_03,HVAC,60,False,1.0,1.0,0.009999999999999981
gptoss,order_reversed,reversed_04,HVAC,60,False,1.0,1.0,0.009999999999999981
gptoss,order_reversed,reversed_05,HVAC,60,False,1.0,1.0,0.009999999999999981
gptoss,extracted,,HVAC,61,False,1.0,1.0,0.03083333333333334
gptoss,default_params,,HVAC,61,False,1.0,1.0,0.04666666666666667
gptoss,extracted_per_run,shippedrun_01,HVAC,61,False,1.0,1.0,0.04916666666666667
gptoss,extracted_per_run,shippedrun_02,HVAC,61,True,,,
gptoss,extracted_per_run,shippedrun_03,HVAC,61,False,1.0,1.0,0.015833333333333328
gptoss,extracted_per_run,shippedrun_04,HVAC,61,False,1.0,1.0,0.012500000000000011
gptoss,extracted_per_run,shippedrun_05,HVAC,61,False,1.0,1.0,0.055000000000000014
gptoss,order_control,control_01,HVAC,61,True,,,
gptoss,order_control,control_02,HVAC,61,False,1.0,1.0,0.04916666666666667
gptoss,order_control,control_03,HVAC,61,False,1.0,1.0,0.04916666666666667
gptoss,order_reversed,reversed_01,HVAC,61,True,,,
gptoss,order_reversed,reversed_02,HVAC,61,True,,,
gptoss,order_reversed,reversed_03,HVAC,61,True,,,
gptoss,order_reversed,reversed_04,HVAC,61,True,,,
gptoss,order_reversed,reversed_05,HVAC,61,True,,,
gptoss,extracted,,HVAC,62,False,1.0,1.0,0.03250000000000001
gptoss,default_params,,HVAC,62,False,1.0,1.0,0.03666666666666666
gptoss,extracted_per_run,shippedrun_01,HVAC,62,True,,,
gptoss,extracted_per_run,shippedrun_02,HVAC,62,False,1.0,1.0,0.03250000000000001
gptoss,extracted_per_run,shippedrun_03,HVAC,62,True,,,
gptoss,extracted_per_run,shippedrun_04,HVAC,62,True,,,
gptoss,extracted_per_run,shippedrun_05,HVAC,62,True,,,
gptoss,order_control,control_01,HVAC,62,True,,,
gptoss,order_control,control_02,HVAC,62,True,,,
gptoss,order_control,control_03,HVAC,62,True,,,
gptoss,order_reversed,reversed_01,HVAC,62,False,1.0,1.0,0.09250000000000001
gptoss,order_reversed,reversed_02,HVAC,62,False,1.0,1.0,0.031666666666666676
gptoss,order_reversed,reversed_03,HVAC,62,False,1.0,1.0,0.031666666666666676
gptoss,order_reversed,reversed_04,HVAC,62,True,,,
gptoss,order_reversed,reversed_05,HVAC,62,True,,,
gptoss,extracted,,HVAC,63,False,1.0,1.0,0.038333333333333316
gptoss,default_params,,HVAC,63,False,1.0,1.0,0.061666666666666675
gptoss,extracted_per_run,shippedrun_01,HVAC,63,False,1.0,1.0,0.038333333333333316
gptoss,extracted_per_run,shippedrun_02,HVAC,63,True,,,
gptoss,extracted_per_run,shippedrun_03,HVAC,63,False,1.0,1.0,0.038333333333333316
gptoss,extracted_per_run,shippedrun_04,HVAC,63,False,1.0,1.0,0.038333333333333316
gptoss,extracted_per_run,shippedrun_05,HVAC,63,True,,,
gptoss,order_control,control_01,HVAC,63,True,,,
gptoss,order_control,control_02,HVAC,63,False,1.0,1.0,0.36166666666666664
gptoss,order_control,control_03,HVAC,63,True,,,
gptoss,order_reversed,reversed_01,HVAC,63,True,,,
gptoss,order_reversed,reversed_02,HVAC,63,True,,,
gptoss,order_reversed,reversed_03,HVAC,63,False,1.0,1.0,0.03999999999999999
gptoss,order_reversed,reversed_04,HVAC,63,False,1.0,1.0,0.020833333333333325
gptoss,order_reversed,reversed_05,HVAC,63,True,,,
gptoss,extracted,,HVAC,64,False,1.0,1.0,0.010000000000000009
gptoss,default_params,,HVAC,64,False,1.0,1.0,0.01833333333333333
gptoss,extracted_per_run,shippedrun_01,HVAC,64,True,,,
gptoss,extracted_per_run,shippedrun_02,HVAC,64,False,1.0,1.0,0.015000000000000013
gptoss,extracted_per_run,shippedrun_03,HVAC,64,True,,,
gptoss,extracted_per_run,shippedrun_04,HVAC,64,True,,,
gptoss,extracted_per_run,shippedrun_05,HVAC,64,False,1.0,1.0,0.0050000000000000044
gptoss,order_control,control_01,HVAC,64,True,,,
gptoss,order_control,control_02,HVAC,64,True,,,
gptoss,order_control,control_03,HVAC,64,False,1.0,1.0,0.007500000000000007
gptoss,order_reversed,reversed_01,HVAC,64,True,,,
gptoss,order_reversed,reversed_02,HVAC,64,False,1.0,1.0,0.015000000000000013
gptoss,order_reversed,reversed_03,HVAC,64,True,,,
gptoss,order_reversed,reversed_04,HVAC,64,False,1.0,1.0,0.015000000000000013
gptoss,order_reversed,reversed_05,HVAC,64,True,,,
gptoss,extracted,,HVAC,65,False,1.0,1.0,0.02250000000000001
gptoss,default_params,,HVAC,65,False,1.0,1.0,0.14583333333333331
gptoss,extracted_per_run,shippedrun_01,HVAC,65,False,1.0,1.0,0.005833333333333339
gptoss,extracted_per_run,shippedrun_02,HVAC,65,False,1.0,1.0,0.04083333333333334
gptoss,extracted_per_run,shippedrun_03,HVAC,65,True,,,
gptoss,extracted_per_run,shippedrun_04,HVAC,65,False,1.0,1.0,0.02416666666666668
gptoss,extracted_per_run,shippedrun_05,HVAC,65,True,,,
gptoss,order_control,control_01,HVAC,65,False,1.0,1.0,0.02416666666666668
gptoss,order_control,control_02,HVAC,65,True,,,
gptoss,order_control,control_03,HVAC,65,False,1.0,1.0,0.030000000000000016
gptoss,order_reversed,reversed_01,HVAC,65,False,1.0,1.0,0.02833333333333331
gptoss,order_reversed,reversed_02,HVAC,65,True,,,
gptoss,order_reversed,reversed_03,HVAC,65,False,1.0,1.0,0.030000000000000016
gptoss,order_reversed,reversed_04,HVAC,65,False,1.0,1.0,0.02416666666666668
gptoss,order_reversed,reversed_05,HVAC,65,True,,,
gptoss,extracted,,HVAC,66,False,1.0,1.0,0.23666666666666666
gptoss,default_params,,HVAC,66,False,1.0,1.0,0.2866666666666666
gptoss,extracted_per_run,shippedrun_01,HVAC,66,False,1.0,1.0,0.24750000000000003
gptoss,extracted_per_run,shippedrun_02,HVAC,66,False,1.0,1.0,0.2325
gptoss,extracted_per_run,shippedrun_03,HVAC,66,False,1.0,1.0,0.23
gptoss,extracted_per_run,shippedrun_04,HVAC,66,False,1.0,1.0,0.2325
gptoss,extracted_per_run,shippedrun_05,HVAC,66,True,,,
gptoss,order_control,control_01,HVAC,66,False,1.0,1.0,0.022500000000000017
gptoss,order_control,control_02,HVAC,66,True,,,
gptoss,order_control,control_03,HVAC,66,False,1.0,1.0,0.23
gptoss,order_reversed,reversed_01,HVAC,66,False,1.0,1.0,0.2508333333333334
gptoss,order_reversed,reversed_02,HVAC,66,True,,,
gptoss,order_reversed,reversed_03,HVAC,66,False,1.0,1.0,0.23
gptoss,order_reversed,reversed_04,HVAC,66,True,,,
gptoss,order_reversed,reversed_05,HVAC,66,False,1.0,1.0,0.23
gptoss,extracted,,HVAC,67,False,1.0,1.0,0.027500000000000007
gptoss,default_params,,HVAC,67,False,1.0,1.0,0.012500000000000011
gptoss,extracted_per_run,shippedrun_01,HVAC,67,False,1.0,1.0,0.025833333333333337
gptoss,extracted_per_run,shippedrun_02,HVAC,67,False,1.0,1.0,0.025833333333333337
gptoss,extracted_per_run,shippedrun_03,HVAC,67,False,1.0,1.0,0.025833333333333337
gptoss,extracted_per_run,shippedrun_04,HVAC,67,False,1.0,1.0,0.020833333333333332
gptoss,extracted_per_run,shippedrun_05,HVAC,67,False,1.0,1.0,0.03000000000000001
gptoss,order_control,control_01,HVAC,67,False,1.0,1.0,0.025000000000000005
gptoss,order_control,control_02,HVAC,67,True,,,
gptoss,order_control,control_03,HVAC,67,False,1.0,1.0,0.05083333333333335
gptoss,order_reversed,reversed_01,HVAC,67,True,,,
gptoss,order_reversed,reversed_02,HVAC,67,False,1.0,1.0,0.025833333333333337
gptoss,order_reversed,reversed_03,HVAC,67,False,1.0,1.0,0.05083333333333335
gptoss,order_reversed,reversed_04,HVAC,67,True,,,
gptoss,order_reversed,reversed_05,HVAC,67,False,1.0,1.0,0.025833333333333337
gptoss,extracted,,HVAC,68,False,1.0,1.0,0.155
gptoss,default_params,,HVAC,68,False,1.0,1.0,0.22583333333333333
gptoss,extracted_per_run,shippedrun_01,HVAC,68,False,1.0,1.0,0.1575
gptoss,extracted_per_run,shippedrun_02,HVAC,68,True,,,
gptoss,extracted_per_run,shippedrun_03,HVAC,68,True,,,
gptoss,extracted_per_run,shippedrun_04,HVAC,68,True,,,
gptoss,extracted_per_run,shippedrun_05,HVAC,68,False,1.0,1.0,0.16
gptoss,order_control,control_01,HVAC,68,True,,,
gptoss,order_control,control_02,HVAC,68,False,1.0,1.0,0.007500000000000007
gptoss,order_control,control_03,HVAC,68,False,1.0,1.0,0.16
gptoss,order_reversed,reversed_01,HVAC,68,False,1.0,1.0,0.16
gptoss,order_reversed,reversed_02,HVAC,68,False,1.0,1.0,0.16
gptoss,order_reversed,reversed_03,HVAC,68,True,,,
gptoss,order_reversed,reversed_04,HVAC,68,True,,,
gptoss,order_reversed,reversed_05,HVAC,68,True,,,
gptoss,extracted,,HVAC,69,False,1.0,1.0,0.020000000000000018
gptoss,default_params,,HVAC,69,False,1.0,1.0,0.033333333333333326
gptoss,extracted_per_run,shippedrun_01,HVAC,69,True,,,
gptoss,extracted_per_run,shippedrun_02,HVAC,69,True,,,
gptoss,extracted_per_run,shippedrun_03,HVAC,69,False,1.0,1.0,0.03500000000000003
gptoss,extracted_per_run,shippedrun_04,HVAC,69,False,1.0,1.0,0.012500000000000011
gptoss,extracted_per_run,shippedrun_05,HVAC,69,False,1.0,1.0,0.012500000000000011
gptoss,order_control,control_01,HVAC,69,False,1.0,1.0,0.019166666666666665
gptoss,order_control,control_02,HVAC,69,True,,,
gptoss,order_control,control_03,HVAC,69,True,,,
gptoss,order_reversed,reversed_01,HVAC,69,False,1.0,1.0,0.019166666666666665
gptoss,order_reversed,reversed_02,HVAC,69,False,1.0,1.0,0.019166666666666665
gptoss,order_reversed,reversed_03,HVAC,69,False,1.0,1.0,0.01416666666666668
gptoss,order_reversed,reversed_04,HVAC,69,True,,,
gptoss,order_reversed,reversed_05,HVAC,69,False,1.0,1.0,0.005833333333333339
gptoss,extracted,,HVAC,70,False,1.0,1.0,0.021666666666666685
gptoss,default_params,,HVAC,70,False,1.0,1.0,0.0625
gptoss,extracted_per_run,shippedrun_01,HVAC,70,False,1.0,1.0,0.02250000000000002
gptoss,extracted_per_run,shippedrun_02,HVAC,70,True,,,
gptoss,extracted_per_run,shippedrun_03,HVAC,70,False,1.0,1.0,0.03000000000000001
gptoss,extracted_per_run,shippedrun_04,HVAC,70,False,1.0,1.0,0.00833333333333334
gptoss,extracted_per_run,shippedrun_05,HVAC,70,False,1.0,1.0,0.03416666666666667
gptoss,order_control,control_01,HVAC,70,False,1.0,1.0,0.02416666666666667
gptoss,order_control,control_02,HVAC,70,False,1.0,1.0,0.02250000000000002
gptoss,order_control,control_03,HVAC,70,False,1.0,1.0,0.020833333333333343
gptoss,order_reversed,reversed_01,HVAC,70,True,,,
gptoss,order_reversed,reversed_02,HVAC,70,True,,,
gptoss,order_reversed,reversed_03,HVAC,70,True,,,
gptoss,order_reversed,reversed_04,HVAC,70,False,1.0,1.0,0.035833333333333335
gptoss,order_reversed,reversed_05,HVAC,70,False,1.0,1.0,0.012500000000000011
gptoss,extracted,,Appliance,71,False,1.0,1.0,0.039166666666666676
gptoss,default_params,,Appliance,71,False,1.0,1.0,0.08416666666666665
gptoss,extracted_per_run,shippedrun_01,Appliance,71,False,1.0,1.0,0.029166666666666664
gptoss,extracted_per_run,shippedrun_02,Appliance,71,False,1.0,1.0,0.04166666666666666
gptoss,extracted_per_run,shippedrun_03,Appliance,71,False,1.0,1.0,0.04166666666666666
gptoss,extracted_per_run,shippedrun_04,Appliance,71,False,1.0,1.0,0.04166666666666666
gptoss,extracted_per_run,shippedrun_05,Appliance,71,False,1.0,1.0,0.04166666666666666
gptoss,order_control,control_01,Appliance,71,False,1.0,1.0,0.04166666666666666
gptoss,order_control,control_02,Appliance,71,False,1.0,1.0,0.04166666666666666
gptoss,order_control,control_03,Appliance,71,False,1.0,1.0,0.04166666666666666
gptoss,order_reversed,reversed_01,Appliance,71,False,1.0,1.0,0.006666666666666654
gptoss,order_reversed,reversed_02,Appliance,71,False,1.0,1.0,0.04166666666666666
gptoss,order_reversed,reversed_03,Appliance,71,False,1.0,1.0,0.029166666666666664
gptoss,order_reversed,reversed_04,Appliance,71,False,1.0,1.0,0.04166666666666666
gptoss,order_reversed,reversed_05,Appliance,71,False,1.0,1.0,0.04166666666666666
gptoss,extracted,,Appliance,72,False,1.0,1.0,0.0
gptoss,default_params,,Appliance,72,False,-0.33333333333333337,0.0,0.42750000000000005
gptoss,extracted_per_run,shippedrun_01,Appliance,72,False,1.0,1.0,0.025000000000000005
gptoss,extracted_per_run,shippedrun_02,Appliance,72,False,1.0,1.0,0.025000000000000005
gptoss,extracted_per_run,shippedrun_03,Appliance,72,False,1.0,1.0,0.025000000000000005
gptoss,extracted_per_run,shippedrun_04,Appliance,72,False,1.0,1.0,0.036666666666666674
gptoss,extracted_per_run,shippedrun_05,Appliance,72,False,1.0,1.0,0.036666666666666674
gptoss,order_control,control_01,Appliance,72,False,1.0,1.0,0.025000000000000005
gptoss,order_control,control_02,Appliance,72,False,1.0,1.0,0.025000000000000005
gptoss,order_control,control_03,Appliance,72,False,1.0,1.0,0.06999999999999999
gptoss,order_reversed,reversed_01,Appliance,72,False,1.0,1.0,0.025000000000000005
gptoss,order_reversed,reversed_02,Appliance,72,False,1.0,1.0,0.036666666666666674
gptoss,order_reversed,reversed_03,Appliance,72,False,1.0,1.0,0.036666666666666674
gptoss,order_reversed,reversed_04,Appliance,72,False,1.0,1.0,0.025000000000000005
gptoss,order_reversed,reversed_05,Appliance,72,False,1.0,1.0,0.025000000000000005
gptoss,extracted,,Appliance,73,False,1.0,1.0,0.01833333333333333
gptoss,default_params,,Appliance,73,False,-1.0,0.0,0.2283333333333333
gptoss,extracted_per_run,shippedrun_01,Appliance,73,False,1.0,1.0,0.01833333333333333
gptoss,extracted_per_run,shippedrun_02,Appliance,73,False,1.0,1.0,0.01833333333333333
gptoss,extracted_per_run,shippedrun_03,Appliance,73,False,1.0,1.0,0.01833333333333333
gptoss,extracted_per_run,shippedrun_04,Appliance,73,False,1.0,1.0,0.01833333333333333
gptoss,extracted_per_run,shippedrun_05,Appliance,73,False,1.0,1.0,0.01833333333333333
gptoss,order_control,control_01,Appliance,73,False,1.0,1.0,0.01833333333333333
gptoss,order_control,control_02,Appliance,73,False,1.0,1.0,0.01833333333333333
gptoss,order_control,control_03,Appliance,73,False,1.0,1.0,0.01833333333333333
gptoss,order_reversed,reversed_01,Appliance,73,False,1.0,1.0,0.01833333333333333
gptoss,order_reversed,reversed_02,Appliance,73,False,1.0,1.0,0.01833333333333333
gptoss,order_reversed,reversed_03,Appliance,73,False,1.0,1.0,0.01833333333333333
gptoss,order_reversed,reversed_04,Appliance,73,False,1.0,1.0,0.017499999999999998
gptoss,order_reversed,reversed_05,Appliance,73,False,1.0,1.0,0.01833333333333333
gptoss,extracted,,Appliance,74,False,1.0,1.0,0.0625
gptoss,default_params,,Appliance,74,False,0.33333333333333337,0.0,0.2241666666666667
gptoss,extracted_per_run,shippedrun_01,Appliance,74,False,1.0,1.0,0.0625
gptoss,extracted_per_run,shippedrun_02,Appliance,74,False,1.0,1.0,0.0625
gptoss,extracted_per_run,shippedrun_03,Appliance,74,False,1.0,1.0,0.0625
gptoss,extracted_per_run,shippedrun_04,Appliance,74,False,1.0,1.0,0.0625
gptoss,extracted_per_run,shippedrun_05,Appliance,74,False,1.0,1.0,0.0625
gptoss,order_control,control_01,Appliance,74,False,1.0,1.0,0.05000000000000001
gptoss,order_control,control_02,Appliance,74,False,1.0,1.0,0.027499999999999986
gptoss,order_control,control_03,Appliance,74,False,1.0,1.0,0.0625
gptoss,order_reversed,reversed_01,Appliance,74,False,1.0,1.0,0.0625
gptoss,order_reversed,reversed_02,Appliance,74,False,1.0,1.0,0.0625
gptoss,order_reversed,reversed_03,Appliance,74,False,1.0,1.0,0.0625
gptoss,order_reversed,reversed_04,Appliance,74,False,1.0,1.0,0.0625
gptoss,order_reversed,reversed_05,Appliance,74,False,1.0,1.0,0.0625
gptoss,extracted,,Appliance,75,False,1.0,1.0,0.015833333333333328
gptoss,default_params,,Appliance,75,False,-0.33333333333333337,0.0,0.38666666666666655
gptoss,extracted_per_run,shippedrun_01,Appliance,75,False,1.0,1.0,0.03333333333333333
gptoss,extracted_per_run,shippedrun_02,Appliance,75,False,1.0,1.0,0.0
gptoss,extracted_per_run,shippedrun_03,Appliance,75,False,1.0,1.0,0.0
gptoss,extracted_per_run,shippedrun_04,Appliance,75,False,1.0,1.0,0.03333333333333333
gptoss,extracted_per_run,shippedrun_05,Appliance,75,False,1.0,1.0,0.0
gptoss,order_control,control_01,Appliance,75,False,1.0,1.0,0.0
gptoss,order_control,control_02,Appliance,75,False,1.0,1.0,0.12833333333333333
gptoss,order_control,control_03,Appliance,75,False,1.0,1.0,0.0
gptoss,order_reversed,reversed_01,Appliance,75,False,1.0,1.0,0.0
gptoss,order_reversed,reversed_02,Appliance,75,False,1.0,1.0,0.0
gptoss,order_reversed,reversed_03,Appliance,75,False,1.0,1.0,0.0
gptoss,order_reversed,reversed_04,Appliance,75,False,1.0,1.0,0.0
gptoss,order_reversed,reversed_05,Appliance,75,False,1.0,1.0,0.03333333333333333
gptoss,extracted,,Appliance,76,False,1.0,1.0,0.02
gptoss,default_params,,Appliance,76,False,-1.0,0.0,0.3283333333333333
gptoss,extracted_per_run,shippedrun_01,Appliance,76,False,1.0,1.0,0.007500000000000007
gptoss,extracted_per_run,shippedrun_02,Appliance,76,False,1.0,1.0,0.016666666666666663
gptoss,extracted_per_run,shippedrun_03,Appliance,76,False,1.0,1.0,0.016666666666666663
gptoss,extracted_per_run,shippedrun_04,Appliance,76,False,1.0,1.0,0.06416666666666666
gptoss,extracted_per_run,shippedrun_05,Appliance,76,False,1.0,1.0,0.016666666666666663
gptoss,order_control,control_01,Appliance,76,False,1.0,1.0,0.016666666666666663
gptoss,order_control,control_02,Appliance,76,False,1.0,1.0,0.016666666666666663
gptoss,order_control,control_03,Appliance,76,False,1.0,1.0,0.01833333333333334
gptoss,order_reversed,reversed_01,Appliance,76,False,1.0,1.0,0.016666666666666663
gptoss,order_reversed,reversed_02,Appliance,76,False,1.0,1.0,0.03916666666666665
gptoss,order_reversed,reversed_03,Appliance,76,False,1.0,1.0,0.09999999999999999
gptoss,order_reversed,reversed_04,Appliance,76,False,1.0,1.0,0.01833333333333334
gptoss,order_reversed,reversed_05,Appliance,76,False,1.0,1.0,0.016666666666666663
gptoss,extracted,,Appliance,77,False,1.0,1.0,0.07750000000000001
gptoss,default_params,,Appliance,77,False,0.33333333333333337,1.0,0.24249999999999994
gptoss,extracted_per_run,shippedrun_01,Appliance,77,False,1.0,1.0,0.08916666666666667
gptoss,extracted_per_run,shippedrun_02,Appliance,77,False,1.0,1.0,0.08916666666666667
gptoss,extracted_per_run,shippedrun_03,Appliance,77,False,1.0,1.0,0.08916666666666667
gptoss,extracted_per_run,shippedrun_04,Appliance,77,False,1.0,1.0,0.08916666666666667
gptoss,extracted_per_run,shippedrun_05,Appliance,77,False,1.0,1.0,0.027500000000000007
gptoss,order_control,control_01,Appliance,77,False,0.33333333333333337,1.0,0.03916666666666665
gptoss,order_control,control_02,Appliance,77,False,1.0,1.0,0.027500000000000007
gptoss,order_control,control_03,Appliance,77,False,1.0,1.0,0.08916666666666667
gptoss,order_reversed,reversed_01,Appliance,77,False,1.0,1.0,0.12250000000000001
gptoss,order_reversed,reversed_02,Appliance,77,False,1.0,1.0,0.08916666666666667
gptoss,order_reversed,reversed_03,Appliance,77,False,1.0,1.0,0.027500000000000007
gptoss,order_reversed,reversed_04,Appliance,77,False,1.0,1.0,0.08916666666666667
gptoss,order_reversed,reversed_05,Appliance,77,False,1.0,1.0,0.12250000000000001
gptoss,extracted,,Appliance,78,False,1.0,1.0,0.013333333333333345
gptoss,default_params,,Appliance,78,False,1.0,1.0,0.06249999999999998
gptoss,extracted_per_run,shippedrun_01,Appliance,78,False,1.0,1.0,0.013333333333333345
gptoss,extracted_per_run,shippedrun_02,Appliance,78,False,1.0,1.0,0.027499999999999997
gptoss,extracted_per_run,shippedrun_03,Appliance,78,False,1.0,1.0,0.013333333333333345
gptoss,extracted_per_run,shippedrun_04,Appliance,78,False,1.0,1.0,0.013333333333333345
gptoss,extracted_per_run,shippedrun_05,Appliance,78,False,1.0,1.0,0.05499999999999999
gptoss,order_control,control_01,Appliance,78,False,1.0,1.0,0.013333333333333345
gptoss,order_control,control_02,Appliance,78,False,1.0,1.0,0.013333333333333345
gptoss,order_control,control_03,Appliance,78,False,1.0,1.0,0.013333333333333345
gptoss,order_reversed,reversed_01,Appliance,78,False,1.0,1.0,0.05499999999999999
gptoss,order_reversed,reversed_02,Appliance,78,False,1.0,1.0,0.013333333333333345
gptoss,order_reversed,reversed_03,Appliance,78,False,1.0,1.0,0.013333333333333345
gptoss,order_reversed,reversed_04,Appliance,78,False,1.0,1.0,0.013333333333333345
gptoss,order_reversed,reversed_05,Appliance,78,False,1.0,1.0,0.013333333333333345
gptoss,extracted,,Appliance,79,False,1.0,1.0,0.009166666666666668
gptoss,default_params,,Appliance,79,False,1.0,1.0,0.21833333333333335
gptoss,extracted_per_run,shippedrun_01,Appliance,79,False,1.0,1.0,0.044999999999999984
gptoss,extracted_per_run,shippedrun_02,Appliance,79,False,1.0,1.0,0.0
gptoss,extracted_per_run,shippedrun_03,Appliance,79,False,1.0,1.0,0.0
gptoss,extracted_per_run,shippedrun_04,Appliance,79,False,1.0,1.0,0.0
gptoss,extracted_per_run,shippedrun_05,Appliance,79,False,1.0,1.0,0.0
gptoss,order_control,control_01,Appliance,79,False,1.0,1.0,0.044999999999999984
gptoss,order_control,control_02,Appliance,79,False,1.0,1.0,0.06083333333333333
gptoss,order_control,control_03,Appliance,79,False,1.0,1.0,0.044999999999999984
gptoss,order_reversed,reversed_01,Appliance,79,False,1.0,1.0,0.06083333333333333
gptoss,order_reversed,reversed_02,Appliance,79,False,1.0,1.0,0.044999999999999984
gptoss,order_reversed,reversed_03,Appliance,79,False,1.0,1.0,0.044999999999999984
gptoss,order_reversed,reversed_04,Appliance,79,False,1.0,1.0,0.044999999999999984
gptoss,order_reversed,reversed_05,Appliance,79,False,1.0,1.0,0.044999999999999984
gptoss,extracted,,Appliance,80,False,1.0,1.0,0.08916666666666669
gptoss,default_params,,Appliance,80,False,0.33333333333333337,1.0,0.10833333333333335
gptoss,extracted_per_run,shippedrun_01,Appliance,80,False,1.0,1.0,0.08916666666666669
gptoss,extracted_per_run,shippedrun_02,Appliance,80,False,1.0,1.0,0.08916666666666669
gptoss,extracted_per_run,shippedrun_03,Appliance,80,False,1.0,1.0,0.08916666666666669
gptoss,extracted_per_run,shippedrun_04,Appliance,80,False,1.0,1.0,0.08916666666666669
gptoss,extracted_per_run,shippedrun_05,Appliance,80,False,1.0,1.0,0.08916666666666669
gptoss,order_control,control_01,Appliance,80,False,1.0,1.0,0.08916666666666669
gptoss,order_control,control_02,Appliance,80,False,1.0,1.0,0.08916666666666669
gptoss,order_control,control_03,Appliance,80,False,1.0,1.0,0.08916666666666669
gptoss,order_reversed,reversed_01,Appliance,80,False,1.0,1.0,0.08916666666666669
gptoss,order_reversed,reversed_02,Appliance,80,False,1.0,1.0,0.08916666666666669
gptoss,order_reversed,reversed_03,Appliance,80,False,1.0,1.0,0.08916666666666669
gptoss,order_reversed,reversed_04,Appliance,80,False,1.0,1.0,0.08916666666666669
gptoss,order_reversed,reversed_05,Appliance,80,False,1.0,1.0,0.08916666666666669
gptoss,extracted,,Appliance,81,False,1.0,1.0,0.06916666666666667
gptoss,default_params,,Appliance,81,False,0.33333333333333337,0.0,0.15583333333333335
gptoss,extracted_per_run,shippedrun_01,Appliance,81,False,1.0,1.0,0.06916666666666667
gptoss,extracted_per_run,shippedrun_02,Appliance,81,False,1.0,1.0,0.06916666666666667
gptoss,extracted_per_run,shippedrun_03,Appliance,81,False,1.0,1.0,0.06916666666666667
gptoss,extracted_per_run,shippedrun_04,Appliance,81,False,1.0,1.0,0.06916666666666667
gptoss,extracted_per_run,shippedrun_05,Appliance,81,False,1.0,1.0,0.06916666666666667
gptoss,order_control,control_01,Appliance,81,False,1.0,1.0,0.06916666666666667
gptoss,order_control,control_02,Appliance,81,False,1.0,1.0,0.06916666666666667
gptoss,order_control,control_03,Appliance,81,False,1.0,1.0,0.06916666666666667
gptoss,order_reversed,reversed_01,Appliance,81,False,1.0,1.0,0.06916666666666667
gptoss,order_reversed,reversed_02,Appliance,81,False,1.0,1.0,0.06916666666666667
gptoss,order_reversed,reversed_03,Appliance,81,False,1.0,1.0,0.06916666666666667
gptoss,order_reversed,reversed_04,Appliance,81,False,1.0,1.0,0.06916666666666667
gptoss,order_reversed,reversed_05,Appliance,81,False,1.0,1.0,0.06916666666666667
gptoss,extracted,,Appliance,82,False,1.0,1.0,0.033333333333333326
gptoss,default_params,,Appliance,82,False,1.0,1.0,0.1025
gptoss,extracted_per_run,shippedrun_01,Appliance,82,False,1.0,1.0,0.05583333333333334
gptoss,extracted_per_run,shippedrun_02,Appliance,82,False,1.0,1.0,0.016666666666666653
gptoss,extracted_per_run,shippedrun_03,Appliance,82,False,1.0,1.0,0.05583333333333334
gptoss,extracted_per_run,shippedrun_04,Appliance,82,False,1.0,1.0,0.016666666666666653
gptoss,extracted_per_run,shippedrun_05,Appliance,82,False,1.0,1.0,0.029166666666666657
gptoss,order_control,control_01,Appliance,82,False,1.0,1.0,0.016666666666666653
gptoss,order_control,control_02,Appliance,82,False,1.0,1.0,0.029166666666666657
gptoss,order_control,control_03,Appliance,82,False,1.0,1.0,0.029166666666666657
gptoss,order_reversed,reversed_01,Appliance,82,False,1.0,1.0,0.05000000000000001
gptoss,order_reversed,reversed_02,Appliance,82,False,1.0,1.0,0.08166666666666665
gptoss,order_reversed,reversed_03,Appliance,82,False,1.0,1.0,0.05583333333333334
gptoss,order_reversed,reversed_04,Appliance,82,False,1.0,1.0,0.016666666666666653
gptoss,order_reversed,reversed_05,Appliance,82,False,1.0,1.0,0.003333333333333336
gptoss,extracted,,Appliance,83,False,1.0,1.0,0.018333333333333337
gptoss,default_params,,Appliance,83,False,-1.0,0.0,0.5299999999999999
gptoss,extracted_per_run,shippedrun_01,Appliance,83,False,1.0,1.0,0.0
gptoss,extracted_per_run,shippedrun_02,Appliance,83,False,1.0,1.0,0.0
gptoss,extracted_per_run,shippedrun_03,Appliance,83,False,1.0,1.0,0.09249999999999999
gptoss,extracted_per_run,shippedrun_04,Appliance,83,False,1.0,1.0,0.0
gptoss,extracted_per_run,shippedrun_05,Appliance,83,False,1.0,1.0,0.0
gptoss,order_control,control_01,Appliance,83,False,1.0,1.0,0.0
gptoss,order_control,control_02,Appliance,83,False,1.0,1.0,0.0
gptoss,order_control,control_03,Appliance,83,False,1.0,1.0,0.0
gptoss,order_reversed,reversed_01,Appliance,83,False,1.0,1.0,0.0
gptoss,order_reversed,reversed_02,Appliance,83,False,1.0,1.0,0.0
gptoss,order_reversed,reversed_03,Appliance,83,False,1.0,1.0,0.0
gptoss,order_reversed,reversed_04,Appliance,83,False,1.0,1.0,0.0
gptoss,order_reversed,reversed_05,Appliance,83,False,1.0,1.0,0.0
gptoss,extracted,,Appliance,84,False,1.0,1.0,0.018333333333333337
gptoss,default_params,,Appliance,84,False,1.0,1.0,0.26833333333333337
gptoss,extracted_per_run,shippedrun_01,Appliance,84,False,1.0,1.0,0.027500000000000007
gptoss,extracted_per_run,shippedrun_02,Appliance,84,False,1.0,1.0,0.018333333333333316
gptoss,extracted_per_run,shippedrun_03,Appliance,84,False,1.0,1.0,0.03750000000000001
gptoss,extracted_per_run,shippedrun_04,Appliance,84,False,1.0,1.0,0.018333333333333316
gptoss,extracted_per_run,shippedrun_05,Appliance,84,False,1.0,1.0,0.027500000000000007
gptoss,order_control,control_01,Appliance,84,False,1.0,1.0,0.027500000000000007
gptoss,order_control,control_02,Appliance,84,False,1.0,1.0,0.027500000000000007
gptoss,order_control,control_03,Appliance,84,False,1.0,1.0,0.018333333333333316
gptoss,order_reversed,reversed_01,Appliance,84,False,1.0,1.0,0.018333333333333316
gptoss,order_reversed,reversed_02,Appliance,84,False,1.0,1.0,0.027500000000000007
gptoss,order_reversed,reversed_03,Appliance,84,False,1.0,1.0,0.027500000000000007
gptoss,order_reversed,reversed_04,Appliance,84,False,1.0,1.0,0.03750000000000001
gptoss,order_reversed,reversed_05,Appliance,84,False,1.0,1.0,0.018333333333333316
gptoss,extracted,,Appliance,85,False,0.33333333333333337,1.0,0.08166666666666669
gptoss,default_params,,Appliance,85,False,0.33333333333333337,0.0,0.165
gptoss,extracted_per_run,shippedrun_01,Appliance,85,False,0.33333333333333337,1.0,0.07416666666666669
gptoss,extracted_per_run,shippedrun_02,Appliance,85,False,0.33333333333333337,1.0,0.07416666666666669
gptoss,extracted_per_run,shippedrun_03,Appliance,85,False,0.33333333333333337,1.0,0.11333333333333334
gptoss,extracted_per_run,shippedrun_04,Appliance,85,False,0.33333333333333337,1.0,0.07416666666666669
gptoss,extracted_per_run,shippedrun_05,Appliance,85,False,0.33333333333333337,1.0,0.07416666666666669
gptoss,order_control,control_01,Appliance,85,False,0.33333333333333337,1.0,0.07416666666666669
gptoss,order_control,control_02,Appliance,85,False,0.33333333333333337,1.0,0.07416666666666669
gptoss,order_control,control_03,Appliance,85,False,0.33333333333333337,1.0,0.07416666666666669
gptoss,order_reversed,reversed_01,Appliance,85,False,0.33333333333333337,1.0,0.07416666666666669
gptoss,order_reversed,reversed_02,Appliance,85,False,0.33333333333333337,1.0,0.07416666666666669
gptoss,order_reversed,reversed_03,Appliance,85,False,0.33333333333333337,1.0,0.07416666666666669
gptoss,order_reversed,reversed_04,Appliance,85,False,0.33333333333333337,1.0,0.07416666666666669
gptoss,order_reversed,reversed_05,Appliance,85,False,0.33333333333333337,1.0,0.07416666666666669
gptoss,extracted,,Appliance,86,False,1.0,1.0,0.04166666666666665
gptoss,default_params,,Appliance,86,False,-1.0,0.0,0.33499999999999996
gptoss,extracted_per_run,shippedrun_01,Appliance,86,False,1.0,1.0,0.04166666666666665
gptoss,extracted_per_run,shippedrun_02,Appliance,86,False,1.0,1.0,0.04166666666666665
gptoss,extracted_per_run,shippedrun_03,Appliance,86,False,1.0,1.0,0.04166666666666665
gptoss,extracted_per_run,shippedrun_04,Appliance,86,False,1.0,1.0,0.04166666666666665
gptoss,extracted_per_run,shippedrun_05,Appliance,86,False,1.0,1.0,0.04166666666666665
gptoss,order_control,control_01,Appliance,86,False,1.0,1.0,0.04166666666666665
gptoss,order_control,control_02,Appliance,86,False,1.0,1.0,0.06666666666666667
gptoss,order_control,control_03,Appliance,86,False,1.0,1.0,0.04166666666666665
gptoss,order_reversed,reversed_01,Appliance,86,False,1.0,1.0,0.04166666666666665
gptoss,order_reversed,reversed_02,Appliance,86,False,1.0,1.0,0.029166666666666674
gptoss,order_reversed,reversed_03,Appliance,86,False,1.0,1.0,0.06666666666666667
gptoss,order_reversed,reversed_04,Appliance,86,False,1.0,1.0,0.04166666666666665
gptoss,order_reversed,reversed_05,Appliance,86,False,1.0,1.0,0.029166666666666674
gptoss,extracted,,Appliance,87,False,0.33333333333333337,1.0,0.04333333333333334
gptoss,default_params,,Appliance,87,False,0.33333333333333337,0.0,0.1991666666666667
gptoss,extracted_per_run,shippedrun_01,Appliance,87,False,1.0,1.0,0.0025000000000000022
gptoss,extracted_per_run,shippedrun_02,Appliance,87,False,0.33333333333333337,1.0,0.055000000000000014
gptoss,extracted_per_run,shippedrun_03,Appliance,87,False,0.33333333333333337,1.0,0.05083333333333334
gptoss,extracted_per_run,shippedrun_04,Appliance,87,False,0.33333333333333337,1.0,0.055000000000000014
gptoss,extracted_per_run,shippedrun_05,Appliance,87,False,0.33333333333333337,1.0,0.055000000000000014
gptoss,order_control,control_01,Appliance,87,False,0.33333333333333337,1.0,0.11083333333333335
gptoss,order_control,control_02,Appliance,87,False,0.33333333333333337,1.0,0.055000000000000014
gptoss,order_control,control_03,Appliance,87,False,0.33333333333333337,1.0,0.055000000000000014
gptoss,order_reversed,reversed_01,Appliance,87,False,0.33333333333333337,1.0,0.08083333333333333
gptoss,order_reversed,reversed_02,Appliance,87,False,0.33333333333333337,1.0,0.055000000000000014
gptoss,order_reversed,reversed_03,Appliance,87,False,0.33333333333333337,1.0,0.055000000000000014
gptoss,order_reversed,reversed_04,Appliance,87,False,1.0,1.0,0.01583333333333332
gptoss,order_reversed,reversed_05,Appliance,87,False,0.33333333333333337,1.0,0.055000000000000014
gptoss,extracted,,Appliance,88,False,1.0,1.0,0.06
gptoss,default_params,,Appliance,88,False,1.0,1.0,0.33416666666666667
gptoss,extracted_per_run,shippedrun_01,Appliance,88,False,1.0,1.0,0.06
gptoss,extracted_per_run,shippedrun_02,Appliance,88,False,1.0,1.0,0.12166666666666666
gptoss,extracted_per_run,shippedrun_03,Appliance,88,False,1.0,1.0,0.06
gptoss,extracted_per_run,shippedrun_04,Appliance,88,False,1.0,1.0,0.06
gptoss,extracted_per_run,shippedrun_05,Appliance,88,False,1.0,1.0,0.0
gptoss,order_control,control_01,Appliance,88,False,1.0,1.0,0.0
gptoss,order_control,control_02,Appliance,88,False,1.0,1.0,0.025000000000000012
gptoss,order_control,control_03,Appliance,88,False,1.0,1.0,0.0
gptoss,order_reversed,reversed_01,Appliance,88,False,1.0,1.0,0.025000000000000012
gptoss,order_reversed,reversed_02,Appliance,88,False,1.0,1.0,0.03499999999999998
gptoss,order_reversed,reversed_03,Appliance,88,False,1.0,1.0,0.025000000000000012
gptoss,order_reversed,reversed_04,Appliance,88,False,1.0,1.0,0.0
gptoss,order_reversed,reversed_05,Appliance,88,False,1.0,1.0,0.0
gptoss,extracted,,Appliance,89,False,1.0,1.0,0.0625
gptoss,default_params,,Appliance,89,False,0.33333333333333337,0.0,0.1708333333333333
gptoss,extracted_per_run,shippedrun_01,Appliance,89,False,1.0,1.0,0.06333333333333334
gptoss,extracted_per_run,shippedrun_02,Appliance,89,False,1.0,1.0,0.08749999999999998
gptoss,extracted_per_run,shippedrun_03,Appliance,89,False,1.0,1.0,0.027499999999999986
gptoss,extracted_per_run,shippedrun_04,Appliance,89,False,1.0,1.0,0.06333333333333334
gptoss,extracted_per_run,shippedrun_05,Appliance,89,False,1.0,1.0,0.06333333333333334
gptoss,order_control,control_01,Appliance,89,False,1.0,1.0,0.06333333333333334
gptoss,order_control,control_02,Appliance,89,False,1.0,1.0,0.115
gptoss,order_control,control_03,Appliance,89,False,1.0,1.0,0.06333333333333334
gptoss,order_reversed,reversed_01,Appliance,89,False,1.0,1.0,0.115
gptoss,order_reversed,reversed_02,Appliance,89,False,1.0,1.0,0.015833333333333338
gptoss,order_reversed,reversed_03,Appliance,89,False,1.0,1.0,0.15083333333333335
gptoss,order_reversed,reversed_04,Appliance,89,False,1.0,1.0,0.06333333333333334
gptoss,order_reversed,reversed_05,Appliance,89,False,1.0,1.0,0.06333333333333334
gptoss,extracted,,Appliance,90,False,1.0,1.0,0.08416666666666668
gptoss,default_params,,Appliance,90,False,1.0,1.0,0.12500000000000003
gptoss,extracted_per_run,shippedrun_01,Appliance,90,False,1.0,1.0,0.07500000000000002
gptoss,extracted_per_run,shippedrun_02,Appliance,90,False,1.0,1.0,0.11666666666666668
gptoss,extracted_per_run,shippedrun_03,Appliance,90,False,1.0,1.0,0.07500000000000002
gptoss,extracted_per_run,shippedrun_04,Appliance,90,False,1.0,1.0,0.07500000000000002
gptoss,extracted_per_run,shippedrun_05,Appliance,90,False,1.0,1.0,0.07500000000000002
gptoss,order_control,control_01,Appliance,90,False,1.0,1.0,0.07500000000000002
gptoss,order_control,control_02,Appliance,90,False,1.0,1.0,0.07500000000000002
gptoss,order_control,control_03,Appliance,90,False,1.0,1.0,0.07500000000000002
gptoss,order_reversed,reversed_01,Appliance,90,False,1.0,1.0,0.07500000000000002
gptoss,order_reversed,reversed_02,Appliance,90,False,1.0,1.0,0.07500000000000002
gptoss,order_reversed,reversed_03,Appliance,90,False,1.0,1.0,0.07500000000000002
gptoss,order_reversed,reversed_04,Appliance,90,False,1.0,1.0,0.07500000000000002
gptoss,order_reversed,reversed_05,Appliance,90,False,1.0,1.0,0.07500000000000002
gptoss,extracted,,Appliance,91,False,1.0,1.0,0.06083333333333333
gptoss,default_params,,Appliance,91,False,0.33333333333333337,0.0,0.25083333333333335
gptoss,extracted_per_run,shippedrun_01,Appliance,91,False,1.0,1.0,0.016666666666666663
gptoss,extracted_per_run,shippedrun_02,Appliance,91,False,1.0,1.0,0.15416666666666667
gptoss,extracted_per_run,shippedrun_03,Appliance,91,False,1.0,1.0,0.016666666666666663
gptoss,extracted_per_run,shippedrun_04,Appliance,91,False,1.0,1.0,0.057499999999999996
gptoss,extracted_per_run,shippedrun_05,Appliance,91,False,1.0,1.0,0.057499999999999996
gptoss,order_control,control_01,Appliance,91,False,1.0,1.0,0.016666666666666663
gptoss,order_control,control_02,Appliance,91,False,1.0,1.0,0.057499999999999996
gptoss,order_control,control_03,Appliance,91,False,1.0,1.0,0.057499999999999996
gptoss,order_reversed,reversed_01,Appliance,91,False,1.0,1.0,0.085
gptoss,order_reversed,reversed_02,Appliance,91,False,1.0,1.0,0.057499999999999996
gptoss,order_reversed,reversed_03,Appliance,91,False,1.0,1.0,0.0025000000000000022
gptoss,order_reversed,reversed_04,Appliance,91,False,1.0,1.0,0.016666666666666663
gptoss,order_reversed,reversed_05,Appliance,91,False,1.0,1.0,0.15416666666666667
gptoss,extracted,,Appliance,92,False,1.0,1.0,0.014166666666666675
gptoss,default_params,,Appliance,92,False,1.0,1.0,0.3816666666666666
gptoss,extracted_per_run,shippedrun_01,Appliance,92,False,1.0,1.0,0.0
gptoss,extracted_per_run,shippedrun_02,Appliance,92,False,1.0,1.0,0.06083333333333332
gptoss,extracted_per_run,shippedrun_03,Appliance,92,False,1.0,1.0,0.0
gptoss,extracted_per_run,shippedrun_04,Appliance,92,False,1.0,1.0,0.030833333333333338
gptoss,extracted_per_run,shippedrun_05,Appliance,92,False,1.0,1.0,0.030833333333333338
gptoss,order_control,control_01,Appliance,92,False,1.0,1.0,0.0
gptoss,order_control,control_02,Appliance,92,False,1.0,1.0,0.0
gptoss,order_control,control_03,Appliance,92,False,1.0,1.0,0.0
gptoss,order_reversed,reversed_01,Appliance,92,False,1.0,1.0,0.0
gptoss,order_reversed,reversed_02,Appliance,92,False,1.0,1.0,0.0
gptoss,order_reversed,reversed_03,Appliance,92,False,1.0,1.0,0.01916666666666667
gptoss,order_reversed,reversed_04,Appliance,92,False,1.0,1.0,0.0
gptoss,order_reversed,reversed_05,Appliance,92,False,1.0,1.0,0.0
gptoss,extracted,,Appliance,93,False,1.0,1.0,0.03583333333333332
gptoss,default_params,,Appliance,93,False,1.0,1.0,0.32249999999999995
gptoss,extracted_per_run,shippedrun_01,Appliance,93,False,1.0,1.0,0.0
gptoss,extracted_per_run,shippedrun_02,Appliance,93,False,1.0,1.0,0.0
gptoss,extracted_per_run,shippedrun_03,Appliance,93,False,1.0,1.0,0.0
gptoss,extracted_per_run,shippedrun_04,Appliance,93,False,1.0,1.0,0.044999999999999984
gptoss,extracted_per_run,shippedrun_05,Appliance,93,False,1.0,1.0,0.1491666666666667
gptoss,order_control,control_01,Appliance,93,False,1.0,1.0,0.0
gptoss,order_control,control_02,Appliance,93,False,0.33333333333333337,1.0,0.09416666666666666
gptoss,order_control,control_03,Appliance,93,False,1.0,1.0,0.01583333333333334
gptoss,order_reversed,reversed_01,Appliance,93,False,1.0,1.0,0.024166666666666666
gptoss,order_reversed,reversed_02,Appliance,93,False,1.0,1.0,0.0
gptoss,order_reversed,reversed_03,Appliance,93,False,1.0,1.0,0.0
gptoss,order_reversed,reversed_04,Appliance,93,False,1.0,1.0,0.1491666666666667
gptoss,order_reversed,reversed_05,Appliance,93,False,1.0,1.0,0.0
gptoss,extracted,,Appliance,94,False,1.0,1.0,0.06833333333333334
gptoss,default_params,,Appliance,94,False,1.0,1.0,0.08916666666666667
gptoss,extracted_per_run,shippedrun_01,Appliance,94,False,1.0,1.0,0.06833333333333334
gptoss,extracted_per_run,shippedrun_02,Appliance,94,False,1.0,1.0,0.06833333333333334
gptoss,extracted_per_run,shippedrun_03,Appliance,94,False,1.0,1.0,0.06833333333333334
gptoss,extracted_per_run,shippedrun_04,Appliance,94,False,1.0,1.0,0.06833333333333334
gptoss,extracted_per_run,shippedrun_05,Appliance,94,False,1.0,1.0,0.06833333333333334
gptoss,order_control,control_01,Appliance,94,False,1.0,1.0,0.06833333333333334
gptoss,order_control,control_02,Appliance,94,False,1.0,1.0,0.06833333333333334
gptoss,order_control,control_03,Appliance,94,False,1.0,1.0,0.06833333333333334
gptoss,order_reversed,reversed_01,Appliance,94,False,1.0,1.0,0.06833333333333334
gptoss,order_reversed,reversed_02,Appliance,94,False,1.0,1.0,0.06833333333333334
gptoss,order_reversed,reversed_03,Appliance,94,False,1.0,1.0,0.06833333333333334
gptoss,order_reversed,reversed_04,Appliance,94,False,1.0,1.0,0.06833333333333334
gptoss,order_reversed,reversed_05,Appliance,94,False,1.0,1.0,0.06833333333333334
gptoss,extracted,,Appliance,95,False,1.0,1.0,0.2791666666666666
gptoss,default_params,,Appliance,95,False,-1.0,0.0,0.23166666666666666
gptoss,extracted_per_run,shippedrun_01,Appliance,95,False,1.0,1.0,0.2916666666666667
gptoss,extracted_per_run,shippedrun_02,Appliance,95,False,1.0,1.0,0.3225
gptoss,extracted_per_run,shippedrun_03,Appliance,95,False,1.0,1.0,0.2916666666666667
gptoss,extracted_per_run,shippedrun_04,Appliance,95,False,1.0,1.0,0.2916666666666667
gptoss,extracted_per_run,shippedrun_05,Appliance,95,False,1.0,1.0,0.1658333333333333
gptoss,order_control,control_01,Appliance,95,False,1.0,1.0,0.3225
gptoss,order_control,control_02,Appliance,95,False,1.0,1.0,0.3225
gptoss,order_control,control_03,Appliance,95,False,1.0,1.0,0.2916666666666667
gptoss,order_reversed,reversed_01,Appliance,95,False,1.0,1.0,0.3475
gptoss,order_reversed,reversed_02,Appliance,95,False,1.0,1.0,0.2916666666666667
gptoss,order_reversed,reversed_03,Appliance,95,False,1.0,1.0,0.2916666666666667
gptoss,order_reversed,reversed_04,Appliance,95,False,1.0,1.0,0.23
gptoss,order_reversed,reversed_05,Appliance,95,False,1.0,1.0,0.2916666666666667
gptoss,extracted,,Appliance,96,False,1.0,1.0,0.03999999999999998
gptoss,default_params,,Appliance,96,False,-0.33333333333333337,0.0,0.2333333333333333
gptoss,extracted_per_run,shippedrun_01,Appliance,96,False,1.0,1.0,0.05249999999999999
gptoss,extracted_per_run,shippedrun_02,Appliance,96,False,1.0,1.0,0.014999999999999986
gptoss,extracted_per_run,shippedrun_03,Appliance,96,False,1.0,1.0,0.05249999999999999
gptoss,extracted_per_run,shippedrun_04,Appliance,96,False,1.0,1.0,0.05249999999999999
gptoss,extracted_per_run,shippedrun_05,Appliance,96,False,1.0,1.0,0.014999999999999986
gptoss,order_control,control_01,Appliance,96,False,1.0,1.0,0.05249999999999999
gptoss,order_control,control_02,Appliance,96,False,1.0,1.0,0.05249999999999999
gptoss,order_control,control_03,Appliance,96,False,1.0,1.0,0.05249999999999999
gptoss,order_reversed,reversed_01,Appliance,96,False,1.0,1.0,0.014999999999999986
gptoss,order_reversed,reversed_02,Appliance,96,False,1.0,1.0,0.014999999999999986
gptoss,order_reversed,reversed_03,Appliance,96,False,1.0,1.0,0.10499999999999998
gptoss,order_reversed,reversed_04,Appliance,96,False,1.0,1.0,0.014999999999999986
gptoss,order_reversed,reversed_05,Appliance,96,False,1.0,1.0,0.07749999999999999
gptoss,extracted,,Appliance,97,False,1.0,1.0,0.009166666666666668
gptoss,default_params,,Appliance,97,False,-0.33333333333333337,0.0,0.46749999999999997
gptoss,extracted_per_run,shippedrun_01,Appliance,97,False,1.0,1.0,0.0
gptoss,extracted_per_run,shippedrun_02,Appliance,97,False,1.0,1.0,0.044999999999999984
gptoss,extracted_per_run,shippedrun_03,Appliance,97,False,1.0,1.0,0.0
gptoss,extracted_per_run,shippedrun_04,Appliance,97,False,1.0,1.0,0.0
gptoss,extracted_per_run,shippedrun_05,Appliance,97,False,1.0,1.0,0.0
gptoss,order_control,control_01,Appliance,97,False,1.0,1.0,0.044999999999999984
gptoss,order_control,control_02,Appliance,97,False,1.0,1.0,0.044999999999999984
gptoss,order_control,control_03,Appliance,97,False,1.0,1.0,0.0
gptoss,order_reversed,reversed_01,Appliance,97,False,1.0,1.0,0.0
gptoss,order_reversed,reversed_02,Appliance,97,False,1.0,1.0,0.0
gptoss,order_reversed,reversed_03,Appliance,97,False,1.0,1.0,0.0
gptoss,order_reversed,reversed_04,Appliance,97,False,1.0,1.0,0.01583333333333334
gptoss,order_reversed,reversed_05,Appliance,97,False,1.0,1.0,0.044999999999999984
gptoss,extracted,,Appliance,98,False,1.0,1.0,0.013333333333333324
gptoss,default_params,,Appliance,98,False,-1.0,0.0,0.4991666666666667
gptoss,extracted_per_run,shippedrun_01,Appliance,98,False,1.0,1.0,0.0
gptoss,extracted_per_run,shippedrun_02,Appliance,98,False,1.0,1.0,0.06583333333333334
gptoss,extracted_per_run,shippedrun_03,Appliance,98,False,1.0,1.0,0.0
gptoss,extracted_per_run,shippedrun_04,Appliance,98,False,1.0,1.0,0.0
gptoss,extracted_per_run,shippedrun_05,Appliance,98,False,1.0,1.0,0.0
gptoss,order_control,control_01,Appliance,98,False,1.0,1.0,0.06583333333333334
gptoss,order_control,control_02,Appliance,98,False,1.0,1.0,0.0
gptoss,order_control,control_03,Appliance,98,False,1.0,1.0,0.06583333333333334
gptoss,order_reversed,reversed_01,Appliance,98,False,1.0,1.0,0.0
gptoss,order_reversed,reversed_02,Appliance,98,False,1.0,1.0,0.0
gptoss,order_reversed,reversed_03,Appliance,98,False,1.0,1.0,0.026666666666666672
gptoss,order_reversed,reversed_04,Appliance,98,False,1.0,1.0,0.0
gptoss,order_reversed,reversed_05,Appliance,98,False,1.0,1.0,0.0
gptoss,extracted,,Appliance,99,False,1.0,1.0,0.07250000000000002
gptoss,default_params,,Appliance,99,False,-1.0,0.0,0.2525
gptoss,extracted_per_run,shippedrun_01,Appliance,99,False,1.0,1.0,0.07250000000000002
gptoss,extracted_per_run,shippedrun_02,Appliance,99,False,1.0,1.0,0.07250000000000002
gptoss,extracted_per_run,shippedrun_03,Appliance,99,False,1.0,1.0,0.07250000000000002
gptoss,extracted_per_run,shippedrun_04,Appliance,99,False,1.0,1.0,0.07250000000000002
gptoss,extracted_per_run,shippedrun_05,Appliance,99,False,1.0,1.0,0.07250000000000002
gptoss,order_control,control_01,Appliance,99,False,1.0,1.0,0.07250000000000002
gptoss,order_control,control_02,Appliance,99,False,1.0,1.0,0.07250000000000002
gptoss,order_control,control_03,Appliance,99,False,1.0,1.0,0.07250000000000002
gptoss,order_reversed,reversed_01,Appliance,99,False,1.0,1.0,0.07250000000000002
gptoss,order_reversed,reversed_02,Appliance,99,False,1.0,1.0,0.07250000000000002
gptoss,order_reversed,reversed_03,Appliance,99,False,1.0,1.0,0.07250000000000002
gptoss,order_reversed,reversed_04,Appliance,99,False,1.0,1.0,0.07250000000000002
gptoss,order_reversed,reversed_05,Appliance,99,False,1.0,1.0,0.07250000000000002
gptoss,extracted,,Appliance,100,False,1.0,1.0,0.04166666666666668
gptoss,default_params,,Appliance,100,False,0.33333333333333337,1.0,0.14250000000000004
gptoss,extracted_per_run,shippedrun_01,Appliance,100,False,1.0,1.0,0.049999999999999996
gptoss,extracted_per_run,shippedrun_02,Appliance,100,False,1.0,1.0,0.049999999999999996
gptoss,extracted_per_run,shippedrun_03,Appliance,100,False,1.0,1.0,0.04583333333333333
gptoss,extracted_per_run,shippedrun_04,Appliance,100,False,1.0,1.0,0.049999999999999996
gptoss,extracted_per_run,shippedrun_05,Appliance,100,False,1.0,1.0,0.01416666666666666
gptoss,order_control,control_01,Appliance,100,False,1.0,1.0,0.13583333333333333
gptoss,order_control,control_02,Appliance,100,False,1.0,1.0,0.049999999999999996
gptoss,order_control,control_03,Appliance,100,False,1.0,1.0,0.10000000000000002
gptoss,order_reversed,reversed_01,Appliance,100,False,1.0,1.0,0.13583333333333333
gptoss,order_reversed,reversed_02,Appliance,100,False,1.0,1.0,0.07416666666666664
gptoss,order_reversed,reversed_03,Appliance,100,False,1.0,1.0,0.10000000000000002
gptoss,order_reversed,reversed_04,Appliance,100,False,1.0,1.0,0.07416666666666664
gptoss,order_reversed,reversed_05,Appliance,100,False,1.0,1.0,0.07416666666666664
gptoss,extracted,,Appliance,101,False,1.0,1.0,0.015000000000000005
gptoss,default_params,,Appliance,101,False,1.0,1.0,0.31416666666666665
gptoss,extracted_per_run,shippedrun_01,Appliance,101,False,1.0,1.0,0.025000000000000005
gptoss,extracted_per_run,shippedrun_02,Appliance,101,False,1.0,1.0,0.025000000000000005
gptoss,extracted_per_run,shippedrun_03,Appliance,101,False,1.0,1.0,0.0
gptoss,extracted_per_run,shippedrun_04,Appliance,101,False,1.0,1.0,0.0
gptoss,extracted_per_run,shippedrun_05,Appliance,101,False,1.0,1.0,0.0
gptoss,order_control,control_01,Appliance,101,False,1.0,1.0,0.12250000000000001
gptoss,order_control,control_02,Appliance,101,False,1.0,1.0,0.025000000000000005
gptoss,order_control,control_03,Appliance,101,False,1.0,1.0,0.0
gptoss,order_reversed,reversed_01,Appliance,101,False,1.0,1.0,0.0
gptoss,order_reversed,reversed_02,Appliance,101,False,1.0,1.0,0.025000000000000005
gptoss,order_reversed,reversed_03,Appliance,101,False,1.0,1.0,0.0
gptoss,order_reversed,reversed_04,Appliance,101,False,1.0,1.0,0.12250000000000001
gptoss,order_reversed,reversed_05,Appliance,101,False,1.0,1.0,0.025000000000000005
gptoss,extracted,,Appliance,102,False,0.33333333333333337,0.0,0.13
gptoss,default_params,,Appliance,102,False,1.0,1.0,0.16916666666666666
gptoss,extracted_per_run,shippedrun_01,Appliance,102,False,1.0,1.0,0.155
gptoss,extracted_per_run,shippedrun_02,Appliance,102,False,0.33333333333333337,0.0,0.12416666666666669
gptoss,extracted_per_run,shippedrun_03,Appliance,102,False,0.33333333333333337,0.0,0.12416666666666669
gptoss,extracted_per_run,shippedrun_04,Appliance,102,False,0.33333333333333337,0.0,0.12416666666666669
gptoss,extracted_per_run,shippedrun_05,Appliance,102,False,0.33333333333333337,0.0,0.06333333333333334
gptoss,order_control,control_01,Appliance,102,False,0.33333333333333337,0.0,0.12416666666666669
gptoss,order_control,control_02,Appliance,102,False,0.33333333333333337,0.0,0.06333333333333334
gptoss,order_control,control_03,Appliance,102,False,0.33333333333333337,0.0,0.14333333333333334
gptoss,order_reversed,reversed_01,Appliance,102,False,0.33333333333333337,0.0,0.12416666666666669
gptoss,order_reversed,reversed_02,Appliance,102,False,0.33333333333333337,0.0,0.06333333333333334
gptoss,order_reversed,reversed_03,Appliance,102,False,0.33333333333333337,0.0,0.14333333333333334
gptoss,order_reversed,reversed_04,Appliance,102,False,0.33333333333333337,0.0,0.12416666666666669
gptoss,order_reversed,reversed_05,Appliance,102,False,0.33333333333333337,0.0,0.12416666666666669
gptoss,extracted,,Appliance,103,False,1.0,1.0,0.04416666666666667
gptoss,default_params,,Appliance,103,False,1.0,1.0,0.19000000000000003
gptoss,extracted_per_run,shippedrun_01,Appliance,103,False,1.0,1.0,0.04416666666666667
gptoss,extracted_per_run,shippedrun_02,Appliance,103,False,1.0,1.0,0.04416666666666667
gptoss,extracted_per_run,shippedrun_03,Appliance,103,False,1.0,1.0,0.04416666666666667
gptoss,extracted_per_run,shippedrun_04,Appliance,103,False,1.0,1.0,0.04416666666666667
gptoss,extracted_per_run,shippedrun_05,Appliance,103,False,1.0,1.0,0.04416666666666667
gptoss,order_control,control_01,Appliance,103,False,1.0,1.0,0.04416666666666667
gptoss,order_control,control_02,Appliance,103,False,1.0,1.0,0.04416666666666667
gptoss,order_control,control_03,Appliance,103,False,1.0,1.0,0.04416666666666667
gptoss,order_reversed,reversed_01,Appliance,103,False,1.0,1.0,0.04416666666666667
gptoss,order_reversed,reversed_02,Appliance,103,False,1.0,1.0,0.04416666666666667
gptoss,order_reversed,reversed_03,Appliance,103,False,1.0,1.0,0.04416666666666667
gptoss,order_reversed,reversed_04,Appliance,103,False,1.0,1.0,0.04416666666666667
gptoss,order_reversed,reversed_05,Appliance,103,False,1.0,1.0,0.04416666666666667
gptoss,extracted,,Appliance,104,False,1.0,1.0,0.06333333333333337
gptoss,default_params,,Appliance,104,False,1.0,1.0,0.21666666666666667
gptoss,extracted_per_run,shippedrun_01,Appliance,104,False,1.0,1.0,0.08583333333333336
gptoss,extracted_per_run,shippedrun_02,Appliance,104,False,1.0,1.0,0.05583333333333335
gptoss,extracted_per_run,shippedrun_03,Appliance,104,False,1.0,1.0,0.05583333333333335
gptoss,extracted_per_run,shippedrun_04,Appliance,104,False,1.0,1.0,0.05583333333333335
gptoss,extracted_per_run,shippedrun_05,Appliance,104,False,1.0,1.0,0.05583333333333335
gptoss,order_control,control_01,Appliance,104,False,1.0,1.0,0.05583333333333335
gptoss,order_control,control_02,Appliance,104,False,1.0,1.0,0.05583333333333335
gptoss,order_control,control_03,Appliance,104,False,1.0,1.0,0.05583333333333335
gptoss,order_reversed,reversed_01,Appliance,104,False,1.0,1.0,0.05583333333333335
gptoss,order_reversed,reversed_02,Appliance,104,False,1.0,1.0,0.05583333333333335
gptoss,order_reversed,reversed_03,Appliance,104,False,1.0,1.0,0.05583333333333335
gptoss,order_reversed,reversed_04,Appliance,104,False,1.0,1.0,0.05583333333333335
gptoss,order_reversed,reversed_05,Appliance,104,False,1.0,1.0,0.05583333333333335
gptoss,extracted,,Appliance,105,False,1.0,1.0,0.0025000000000000022
gptoss,default_params,,Appliance,105,False,-1.0,0.0,0.17750000000000002
gptoss,extracted_per_run,shippedrun_01,Appliance,105,False,1.0,1.0,0.007500000000000007
gptoss,extracted_per_run,shippedrun_02,Appliance,105,False,1.0,1.0,0.007500000000000007
gptoss,extracted_per_run,shippedrun_03,Appliance,105,False,1.0,1.0,0.007500000000000007
gptoss,extracted_per_run,shippedrun_04,Appliance,105,False,1.0,1.0,0.007500000000000007
gptoss,extracted_per_run,shippedrun_05,Appliance,105,False,1.0,1.0,0.02999999999999997
gptoss,order_control,control_01,Appliance,105,False,1.0,1.0,0.007500000000000007
gptoss,order_control,control_02,Appliance,105,False,1.0,1.0,0.007500000000000007
gptoss,order_control,control_03,Appliance,105,False,1.0,1.0,0.007500000000000007
gptoss,order_reversed,reversed_01,Appliance,105,False,1.0,1.0,0.007500000000000007
gptoss,order_reversed,reversed_02,Appliance,105,False,1.0,1.0,0.007500000000000007
gptoss,order_reversed,reversed_03,Appliance,105,False,1.0,1.0,0.007500000000000007
gptoss,order_reversed,reversed_04,Appliance,105,False,1.0,1.0,0.007500000000000007
gptoss,order_reversed,reversed_05,Appliance,105,False,1.0,1.0,0.007500000000000007
gptoss,extracted,,Appliance,106,False,1.0,1.0,0.035
gptoss,default_params,,Appliance,106,False,-1.0,0.0,0.2041666666666667
gptoss,extracted_per_run,shippedrun_01,Appliance,106,False,1.0,1.0,0.057499999999999996
gptoss,extracted_per_run,shippedrun_02,Appliance,106,False,1.0,1.0,0.057499999999999996
gptoss,extracted_per_run,shippedrun_03,Appliance,106,False,1.0,1.0,0.024999999999999994
gptoss,extracted_per_run,shippedrun_04,Appliance,106,False,1.0,1.0,0.024999999999999994
gptoss,extracted_per_run,shippedrun_05,Appliance,106,False,1.0,1.0,0.015000000000000013
gptoss,order_control,control_01,Appliance,106,False,1.0,1.0,0.07999999999999999
gptoss,order_control,control_02,Appliance,106,False,1.0,1.0,0.057499999999999996
gptoss,order_control,control_03,Appliance,106,False,1.0,1.0,0.024999999999999994
gptoss,order_reversed,reversed_01,Appliance,106,False,1.0,1.0,0.057499999999999996
gptoss,order_reversed,reversed_02,Appliance,106,False,1.0,1.0,0.057499999999999996
gptoss,order_reversed,reversed_03,Appliance,106,False,1.0,1.0,0.13749999999999998
gptoss,order_reversed,reversed_04,Appliance,106,False,1.0,1.0,0.057499999999999996
gptoss,order_reversed,reversed_05,Appliance,106,False,1.0,1.0,0.057499999999999996
gptoss,extracted,,Appliance,107,False,1.0,1.0,0.03416666666666666
gptoss,default_params,,Appliance,107,False,-0.33333333333333337,0.0,0.3233333333333333
gptoss,extracted_per_run,shippedrun_01,Appliance,107,False,1.0,1.0,0.010000000000000002
gptoss,extracted_per_run,shippedrun_02,Appliance,107,False,1.0,1.0,0.05083333333333332
gptoss,extracted_per_run,shippedrun_03,Appliance,107,False,1.0,1.0,0.05083333333333332
gptoss,extracted_per_run,shippedrun_04,Appliance,107,False,1.0,1.0,0.05083333333333332
gptoss,extracted_per_run,shippedrun_05,Appliance,107,False,1.0,1.0,0.010000000000000002
gptoss,order_control,control_01,Appliance,107,False,1.0,1.0,0.05083333333333332
gptoss,order_control,control_02,Appliance,107,False,1.0,1.0,0.010000000000000002
gptoss,order_control,control_03,Appliance,107,False,1.0,1.0,0.05083333333333332
gptoss,order_reversed,reversed_01,Appliance,107,False,1.0,1.0,0.05083333333333332
gptoss,order_reversed,reversed_02,Appliance,107,False,1.0,1.0,0.010000000000000002
gptoss,order_reversed,reversed_03,Appliance,107,False,1.0,1.0,0.05083333333333332
gptoss,order_reversed,reversed_04,Appliance,107,False,1.0,1.0,0.05083333333333332
gptoss,order_reversed,reversed_05,Appliance,107,False,1.0,1.0,0.09333333333333334
gptoss,extracted,,Appliance,108,False,1.0,1.0,0.054999999999999966
gptoss,default_params,,Appliance,108,False,-1.0,0.0,0.23583333333333334
gptoss,extracted_per_run,shippedrun_01,Appliance,108,False,1.0,1.0,0.04416666666666665
gptoss,extracted_per_run,shippedrun_02,Appliance,108,False,1.0,1.0,0.04416666666666665
gptoss,extracted_per_run,shippedrun_03,Appliance,108,False,1.0,1.0,0.04416666666666665
gptoss,extracted_per_run,shippedrun_04,Appliance,108,False,1.0,1.0,0.09666666666666666
gptoss,extracted_per_run,shippedrun_05,Appliance,108,False,1.0,1.0,0.04416666666666665
gptoss,order_control,control_01,Appliance,108,False,1.0,1.0,0.04416666666666665
gptoss,order_control,control_02,Appliance,108,False,1.0,1.0,0.04416666666666665
gptoss,order_control,control_03,Appliance,108,False,1.0,1.0,0.019166666666666655
gptoss,order_reversed,reversed_01,Appliance,108,False,1.0,1.0,0.04416666666666665
gptoss,order_reversed,reversed_02,Appliance,108,False,1.0,1.0,0.04416666666666665
gptoss,order_reversed,reversed_03,Appliance,108,False,1.0,1.0,0.04416666666666665
gptoss,order_reversed,reversed_04,Appliance,108,False,1.0,1.0,0.04416666666666665
gptoss,order_reversed,reversed_05,Appliance,108,False,1.0,1.0,0.04416666666666665
gptoss,extracted,,Appliance,109,False,1.0,1.0,0.06749999999999999
gptoss,default_params,,Appliance,109,False,0.33333333333333337,0.0,0.2333333333333333
gptoss,extracted_per_run,shippedrun_01,Appliance,109,False,1.0,1.0,0.05583333333333334
gptoss,extracted_per_run,shippedrun_02,Appliance,109,False,1.0,1.0,0.05583333333333334
gptoss,extracted_per_run,shippedrun_03,Appliance,109,False,1.0,1.0,0.05583333333333334
gptoss,extracted_per_run,shippedrun_04,Appliance,109,False,1.0,1.0,0.11166666666666668
gptoss,extracted_per_run,shippedrun_05,Appliance,109,False,1.0,1.0,0.05583333333333334
gptoss,order_control,control_01,Appliance,109,False,1.0,1.0,0.016666666666666646
gptoss,order_control,control_02,Appliance,109,False,1.0,1.0,0.029166666666666657
gptoss,order_control,control_03,Appliance,109,False,1.0,1.0,0.21833333333333335
gptoss,order_reversed,reversed_01,Appliance,109,False,1.0,1.0,0.016666666666666646
gptoss,order_reversed,reversed_02,Appliance,109,False,1.0,1.0,0.016666666666666646
gptoss,order_reversed,reversed_03,Appliance,109,False,1.0,1.0,0.029166666666666657
gptoss,order_reversed,reversed_04,Appliance,109,False,1.0,1.0,0.15083333333333335
gptoss,order_reversed,reversed_05,Appliance,109,False,1.0,1.0,0.016666666666666646
gptoss,extracted,,Appliance,110,False,1.0,1.0,0.03333333333333332
gptoss,default_params,,Appliance,110,False,-0.33333333333333337,0.0,0.36833333333333335
gptoss,extracted_per_run,shippedrun_01,Appliance,110,False,1.0,1.0,0.055833333333333325
gptoss,extracted_per_run,shippedrun_02,Appliance,110,False,1.0,1.0,0.0
gptoss,extracted_per_run,shippedrun_03,Appliance,110,False,1.0,1.0,0.055833333333333325
gptoss,extracted_per_run,shippedrun_04,Appliance,110,False,1.0,1.0,0.0
gptoss,extracted_per_run,shippedrun_05,Appliance,110,False,1.0,1.0,0.055833333333333325
gptoss,order_control,control_01,Appliance,110,False,1.0,1.0,0.01833333333333334
gptoss,order_control,control_02,Appliance,110,False,1.0,1.0,0.01833333333333334
gptoss,order_control,control_03,Appliance,110,False,1.0,1.0,0.01833333333333334
gptoss,order_reversed,reversed_01,Appliance,110,False,1.0,1.0,0.055833333333333325
gptoss,order_reversed,reversed_02,Appliance,110,False,1.0,1.0,0.0
gptoss,order_reversed,reversed_03,Appliance,110,False,1.0,1.0,0.11333333333333334
gptoss,order_reversed,reversed_04,Appliance,110,False,1.0,1.0,0.01833333333333334
gptoss,order_reversed,reversed_05,Appliance,110,False,1.0,1.0,0.0
gptoss,extracted,,Appliance,111,False,1.0,1.0,0.033333333333333326
gptoss,default_params,,Appliance,111,False,0.33333333333333337,1.0,0.12083333333333333
gptoss,extracted_per_run,shippedrun_01,Appliance,111,False,1.0,1.0,0.033333333333333326
gptoss,extracted_per_run,shippedrun_02,Appliance,111,False,1.0,1.0,0.033333333333333326
gptoss,extracted_per_run,shippedrun_03,Appliance,111,False,1.0,1.0,0.033333333333333326
gptoss,extracted_per_run,shippedrun_04,Appliance,111,False,1.0,1.0,0.033333333333333326
gptoss,extracted_per_run,shippedrun_05,Appliance,111,False,1.0,1.0,0.033333333333333326
gptoss,order_control,control_01,Appliance,111,False,1.0,1.0,0.033333333333333326
gptoss,order_control,control_02,Appliance,111,False,1.0,1.0,0.033333333333333326
gptoss,order_control,control_03,Appliance,111,False,1.0,1.0,0.033333333333333326
gptoss,order_reversed,reversed_01,Appliance,111,False,1.0,1.0,0.033333333333333326
gptoss,order_reversed,reversed_02,Appliance,111,False,1.0,1.0,0.033333333333333326
gptoss,order_reversed,reversed_03,Appliance,111,False,1.0,1.0,0.033333333333333326
gptoss,order_reversed,reversed_04,Appliance,111,False,1.0,1.0,0.033333333333333326
gptoss,order_reversed,reversed_05,Appliance,111,False,1.0,1.0,0.033333333333333326
gptoss,extracted,,Appliance,112,False,1.0,1.0,0.08083333333333335
gptoss,default_params,,Appliance,112,False,0.33333333333333337,0.0,0.26333333333333336
gptoss,extracted_per_run,shippedrun_01,Appliance,112,False,1.0,1.0,0.0
gptoss,extracted_per_run,shippedrun_02,Appliance,112,False,1.0,1.0,0.10083333333333333
gptoss,extracted_per_run,shippedrun_03,Appliance,112,False,1.0,1.0,0.10083333333333333
gptoss,extracted_per_run,shippedrun_04,Appliance,112,False,1.0,1.0,0.10083333333333333
gptoss,extracted_per_run,shippedrun_05,Appliance,112,False,1.0,1.0,0.10083333333333333
gptoss,order_control,control_01,Appliance,112,False,1.0,1.0,0.10083333333333333
gptoss,order_control,control_02,Appliance,112,False,1.0,1.0,0.10083333333333333
gptoss,order_control,control_03,Appliance,112,False,1.0,1.0,0.0
gptoss,order_reversed,reversed_01,Appliance,112,False,1.0,1.0,0.10083333333333333
gptoss,order_reversed,reversed_02,Appliance,112,False,1.0,1.0,0.10083333333333333
gptoss,order_reversed,reversed_03,Appliance,112,False,1.0,1.0,0.10083333333333333
gptoss,order_reversed,reversed_04,Appliance,112,False,1.0,1.0,0.13166666666666668
gptoss,order_reversed,reversed_05,Appliance,112,False,1.0,1.0,0.10083333333333333
gptoss,extracted,,Appliance,113,False,1.0,1.0,0.03166666666666667
gptoss,default_params,,Appliance,113,False,0.33333333333333337,0.0,0.11499999999999999
gptoss,extracted_per_run,shippedrun_01,Appliance,113,False,1.0,1.0,0.03166666666666667
gptoss,extracted_per_run,shippedrun_02,Appliance,113,False,1.0,1.0,0.03166666666666667
gptoss,extracted_per_run,shippedrun_03,Appliance,113,False,1.0,1.0,0.03166666666666667
gptoss,extracted_per_run,shippedrun_04,Appliance,113,False,1.0,1.0,0.03166666666666667
gptoss,extracted_per_run,shippedrun_05,Appliance,113,False,1.0,1.0,0.03166666666666667
gptoss,order_control,control_01,Appliance,113,False,1.0,1.0,0.03166666666666667
gptoss,order_control,control_02,Appliance,113,False,1.0,1.0,0.03166666666666667
gptoss,order_control,control_03,Appliance,113,False,1.0,1.0,0.03166666666666667
gptoss,order_reversed,reversed_01,Appliance,113,False,1.0,1.0,0.03166666666666667
gptoss,order_reversed,reversed_02,Appliance,113,False,1.0,1.0,0.03166666666666667
gptoss,order_reversed,reversed_03,Appliance,113,False,1.0,1.0,0.03166666666666667
gptoss,order_reversed,reversed_04,Appliance,113,False,1.0,1.0,0.06916666666666664
gptoss,order_reversed,reversed_05,Appliance,113,False,1.0,1.0,0.03166666666666667
gptoss,extracted,,Appliance,114,False,1.0,1.0,0.09083333333333332
gptoss,default_params,,Appliance,114,False,1.0,1.0,0.12333333333333334
gptoss,extracted_per_run,shippedrun_01,Appliance,114,False,1.0,1.0,0.05249999999999999
gptoss,extracted_per_run,shippedrun_02,Appliance,114,False,1.0,1.0,0.02749999999999997
gptoss,extracted_per_run,shippedrun_03,Appliance,114,False,1.0,1.0,0.20333333333333334
gptoss,extracted_per_run,shippedrun_04,Appliance,114,False,1.0,1.0,0.02749999999999997
gptoss,extracted_per_run,shippedrun_05,Appliance,114,False,1.0,1.0,0.14083333333333334
gptoss,order_control,control_01,Appliance,114,False,1.0,1.0,0.07749999999999999
gptoss,order_control,control_02,Appliance,114,False,1.0,1.0,0.07749999999999999
gptoss,order_control,control_03,Appliance,114,False,1.0,1.0,0.05249999999999999
gptoss,order_reversed,reversed_01,Appliance,114,False,1.0,1.0,0.02749999999999997
gptoss,order_reversed,reversed_02,Appliance,114,False,1.0,1.0,0.07749999999999999
gptoss,order_reversed,reversed_03,Appliance,114,False,1.0,1.0,0.05249999999999999
gptoss,order_reversed,reversed_04,Appliance,114,False,1.0,1.0,0.02749999999999997
gptoss,order_reversed,reversed_05,Appliance,114,False,1.0,1.0,0.07749999999999999
gptoss,extracted,,Appliance,115,False,1.0,1.0,0.07916666666666668
gptoss,default_params,,Appliance,115,False,1.0,1.0,0.23416666666666663
gptoss,extracted_per_run,shippedrun_01,Appliance,115,False,1.0,1.0,0.06916666666666667
gptoss,extracted_per_run,shippedrun_02,Appliance,115,False,1.0,1.0,0.06916666666666667
gptoss,extracted_per_run,shippedrun_03,Appliance,115,False,1.0,1.0,0.06916666666666667
gptoss,extracted_per_run,shippedrun_04,Appliance,115,False,1.0,1.0,0.06916666666666667
gptoss,extracted_per_run,shippedrun_05,Appliance,115,False,1.0,1.0,0.10666666666666665
gptoss,order_control,control_01,Appliance,115,False,1.0,1.0,0.06916666666666667
gptoss,order_control,control_02,Appliance,115,False,1.0,1.0,0.06916666666666667
gptoss,order_control,control_03,Appliance,115,False,1.0,1.0,0.06916666666666667
gptoss,order_reversed,reversed_01,Appliance,115,False,1.0,1.0,0.06916666666666667
gptoss,order_reversed,reversed_02,Appliance,115,False,1.0,1.0,0.06916666666666667
gptoss,order_reversed,reversed_03,Appliance,115,False,1.0,1.0,0.06916666666666667
gptoss,order_reversed,reversed_04,Appliance,115,False,1.0,1.0,0.06916666666666667
gptoss,order_reversed,reversed_05,Appliance,115,False,1.0,1.0,0.06916666666666667
gptoss,extracted,,Appliance,116,False,1.0,1.0,0.07
gptoss,default_params,,Appliance,116,False,1.0,1.0,0.10999999999999999
gptoss,extracted_per_run,shippedrun_01,Appliance,116,False,1.0,1.0,0.065
gptoss,extracted_per_run,shippedrun_02,Appliance,116,False,1.0,1.0,0.155
gptoss,extracted_per_run,shippedrun_03,Appliance,116,False,1.0,1.0,0.065
gptoss,extracted_per_run,shippedrun_04,Appliance,116,False,1.0,1.0,0.027499999999999997
gptoss,extracted_per_run,shippedrun_05,Appliance,116,False,1.0,1.0,0.027499999999999997
gptoss,order_control,control_01,Appliance,116,False,1.0,1.0,0.027499999999999997
gptoss,order_control,control_02,Appliance,116,False,1.0,1.0,0.027499999999999997
gptoss,order_control,control_03,Appliance,116,False,1.0,1.0,0.027499999999999997
gptoss,order_reversed,reversed_01,Appliance,116,False,1.0,1.0,0.027499999999999997
gptoss,order_reversed,reversed_02,Appliance,116,False,1.0,1.0,0.027499999999999997
gptoss,order_reversed,reversed_03,Appliance,116,False,1.0,1.0,0.027499999999999997
gptoss,order_reversed,reversed_04,Appliance,116,False,1.0,1.0,0.027499999999999997
gptoss,order_reversed,reversed_05,Appliance,116,False,1.0,1.0,0.065
gptoss,extracted,,Appliance,117,False,0.33333333333333337,1.0,0.035
gptoss,default_params,,Appliance,117,False,0.33333333333333337,1.0,0.26416666666666666
gptoss,extracted_per_run,shippedrun_01,Appliance,117,False,0.33333333333333337,1.0,0.04250000000000001
gptoss,extracted_per_run,shippedrun_02,Appliance,117,False,1.0,1.0,0.026666666666666672
gptoss,extracted_per_run,shippedrun_03,Appliance,117,False,1.0,1.0,0.026666666666666672
gptoss,extracted_per_run,shippedrun_04,Appliance,117,False,0.33333333333333337,1.0,0.04250000000000001
gptoss,extracted_per_run,shippedrun_05,Appliance,117,False,1.0,1.0,0.026666666666666672
gptoss,order_control,control_01,Appliance,117,False,1.0,1.0,0.026666666666666672
gptoss,order_control,control_02,Appliance,117,False,1.0,1.0,0.026666666666666672
gptoss,order_control,control_03,Appliance,117,False,1.0,1.0,0.026666666666666672
gptoss,order_reversed,reversed_01,Appliance,117,False,1.0,1.0,0.026666666666666672
gptoss,order_reversed,reversed_02,Appliance,117,False,1.0,1.0,0.026666666666666672
gptoss,order_reversed,reversed_03,Appliance,117,False,1.0,1.0,0.06749999999999999
gptoss,order_reversed,reversed_04,Appliance,117,False,1.0,1.0,0.026666666666666672
gptoss,order_reversed,reversed_05,Appliance,117,False,1.0,1.0,0.026666666666666672
gptoss,extracted,,Appliance,118,False,1.0,1.0,0.033333333333333326
gptoss,default_params,,Appliance,118,False,-1.0,0.0,0.3016666666666667
gptoss,extracted_per_run,shippedrun_01,Appliance,118,False,1.0,1.0,0.07166666666666664
gptoss,extracted_per_run,shippedrun_02,Appliance,118,False,1.0,1.0,0.024999999999999984
gptoss,extracted_per_run,shippedrun_03,Appliance,118,False,1.0,1.0,0.014166666666666652
gptoss,extracted_per_run,shippedrun_04,Appliance,118,False,1.0,1.0,0.024999999999999984
gptoss,extracted_per_run,shippedrun_05,Appliance,118,False,1.0,1.0,0.024999999999999984
gptoss,order_control,control_01,Appliance,118,False,1.0,1.0,0.014166666666666652
gptoss,order_control,control_02,Appliance,118,False,1.0,1.0,0.04916666666666667
gptoss,order_control,control_03,Appliance,118,False,1.0,1.0,0.04916666666666667
gptoss,order_reversed,reversed_01,Appliance,118,False,1.0,1.0,0.024999999999999984
gptoss,order_reversed,reversed_02,Appliance,118,False,1.0,1.0,0.024999999999999984
gptoss,order_reversed,reversed_03,Appliance,118,False,1.0,1.0,0.024999999999999984
gptoss,order_reversed,reversed_04,Appliance,118,False,1.0,1.0,0.024999999999999984
gptoss,order_reversed,reversed_05,Appliance,118,False,1.0,1.0,0.024999999999999984
gptoss,extracted,,Appliance,119,False,1.0,1.0,0.029166666666666664
gptoss,default_params,,Appliance,119,False,-1.0,0.0,0.30583333333333335
gptoss,extracted_per_run,shippedrun_01,Appliance,119,False,1.0,1.0,0.03166666666666667
gptoss,extracted_per_run,shippedrun_02,Appliance,119,False,1.0,1.0,0.03166666666666667
gptoss,extracted_per_run,shippedrun_03,Appliance,119,False,1.0,1.0,0.03166666666666667
gptoss,extracted_per_run,shippedrun_04,Appliance,119,False,1.0,1.0,0.03166666666666667
gptoss,extracted_per_run,shippedrun_05,Appliance,119,False,1.0,1.0,0.02
gptoss,order_control,control_01,Appliance,119,False,1.0,1.0,0.02
gptoss,order_control,control_02,Appliance,119,False,1.0,1.0,0.08166666666666665
gptoss,order_control,control_03,Appliance,119,False,1.0,1.0,0.02
gptoss,order_reversed,reversed_01,Appliance,119,False,1.0,1.0,0.02
gptoss,order_reversed,reversed_02,Appliance,119,False,1.0,1.0,0.03166666666666667
gptoss,order_reversed,reversed_03,Appliance,119,False,1.0,1.0,0.02
gptoss,order_reversed,reversed_04,Appliance,119,False,1.0,1.0,0.02
gptoss,order_reversed,reversed_05,Appliance,119,False,1.0,1.0,0.05083333333333332
gptoss,extracted,,Appliance,120,False,1.0,1.0,0.035
gptoss,default_params,,Appliance,120,False,-1.0,0.0,0.44083333333333335
gptoss,extracted_per_run,shippedrun_01,Appliance,120,False,1.0,1.0,0.05999999999999999
gptoss,extracted_per_run,shippedrun_02,Appliance,120,False,1.0,1.0,0.061666666666666654
gptoss,extracted_per_run,shippedrun_03,Appliance,120,False,1.0,1.0,0.05999999999999999
gptoss,extracted_per_run,shippedrun_04,Appliance,120,False,1.0,1.0,0.05999999999999999
gptoss,extracted_per_run,shippedrun_05,Appliance,120,False,1.0,1.0,0.05999999999999999
gptoss,order_control,control_01,Appliance,120,False,1.0,1.0,0.061666666666666654
gptoss,order_control,control_02,Appliance,120,False,1.0,1.0,0.05999999999999999
gptoss,order_control,control_03,Appliance,120,False,1.0,1.0,0.05999999999999999
gptoss,order_reversed,reversed_01,Appliance,120,False,1.0,1.0,0.05999999999999999
gptoss,order_reversed,reversed_02,Appliance,120,False,1.0,1.0,0.05999999999999999
gptoss,order_reversed,reversed_03,Appliance,120,False,1.0,1.0,0.05999999999999999
gptoss,order_reversed,reversed_04,Appliance,120,False,1.0,1.0,0.05999999999999999
gptoss,order_reversed,reversed_05,Appliance,120,False,1.0,1.0,0.061666666666666654
gptoss,extracted,,Appliance,121,False,1.0,1.0,0.01999999999999999
gptoss,default_params,,Appliance,121,False,-0.33333333333333337,0.0,0.15583333333333335
gptoss,extracted_per_run,shippedrun_01,Appliance,121,False,1.0,1.0,0.027499999999999997
gptoss,extracted_per_run,shippedrun_02,Appliance,121,False,1.0,1.0,0.0025000000000000022
gptoss,extracted_per_run,shippedrun_03,Appliance,121,False,1.0,1.0,0.027499999999999997
gptoss,extracted_per_run,shippedrun_04,Appliance,121,False,1.0,1.0,0.027499999999999997
gptoss,extracted_per_run,shippedrun_05,Appliance,121,False,1.0,1.0,0.027499999999999997
gptoss,order_control,control_01,Appliance,121,False,1.0,1.0,0.027499999999999997
gptoss,order_control,control_02,Appliance,121,False,1.0,1.0,0.027499999999999997
gptoss,order_control,control_03,Appliance,121,False,1.0,1.0,0.027499999999999997
gptoss,order_reversed,reversed_01,Appliance,121,False,1.0,1.0,0.027499999999999997
gptoss,order_reversed,reversed_02,Appliance,121,False,1.0,1.0,0.027499999999999997
gptoss,order_reversed,reversed_03,Appliance,121,False,1.0,1.0,0.027499999999999997
gptoss,order_reversed,reversed_04,Appliance,121,False,1.0,1.0,0.027499999999999997
gptoss,order_reversed,reversed_05,Appliance,121,False,1.0,1.0,0.027499999999999997
gptoss,extracted,,Appliance,122,False,1.0,1.0,0.07083333333333332
gptoss,default_params,,Appliance,122,False,-0.33333333333333337,0.0,0.465
gptoss,extracted_per_run,shippedrun_01,Appliance,122,False,1.0,1.0,0.06666666666666665
gptoss,extracted_per_run,shippedrun_02,Appliance,122,False,1.0,1.0,0.06666666666666665
gptoss,extracted_per_run,shippedrun_03,Appliance,122,False,1.0,1.0,0.0825
gptoss,extracted_per_run,shippedrun_04,Appliance,122,False,1.0,1.0,0.06666666666666665
gptoss,extracted_per_run,shippedrun_05,Appliance,122,False,1.0,1.0,0.06666666666666665
gptoss,order_control,control_01,Appliance,122,False,1.0,1.0,0.06666666666666665
gptoss,order_control,control_02,Appliance,122,False,1.0,1.0,0.06666666666666665
gptoss,order_control,control_03,Appliance,122,False,1.0,1.0,0.06666666666666665
gptoss,order_reversed,reversed_01,Appliance,122,False,1.0,1.0,0.06666666666666665
gptoss,order_reversed,reversed_02,Appliance,122,False,1.0,1.0,0.021666666666666678
gptoss,order_reversed,reversed_03,Appliance,122,False,1.0,1.0,0.06666666666666665
gptoss,order_reversed,reversed_04,Appliance,122,False,1.0,1.0,0.06666666666666665
gptoss,order_reversed,reversed_05,Appliance,122,False,1.0,1.0,0.06666666666666665
gptoss,extracted,,Appliance,123,False,1.0,1.0,0.04999999999999999
gptoss,default_params,,Appliance,123,False,-0.33333333333333337,0.0,0.21833333333333335
gptoss,extracted_per_run,shippedrun_01,Appliance,123,False,1.0,1.0,0.04999999999999999
gptoss,extracted_per_run,shippedrun_02,Appliance,123,False,1.0,1.0,0.04999999999999999
gptoss,extracted_per_run,shippedrun_03,Appliance,123,False,1.0,1.0,0.04999999999999999
gptoss,extracted_per_run,shippedrun_04,Appliance,123,False,1.0,1.0,0.04999999999999999
gptoss,extracted_per_run,shippedrun_05,Appliance,123,False,1.0,1.0,0.04999999999999999
gptoss,order_control,control_01,Appliance,123,False,1.0,1.0,0.04999999999999999
gptoss,order_control,control_02,Appliance,123,False,1.0,1.0,0.04999999999999999
gptoss,order_control,control_03,Appliance,123,False,1.0,1.0,0.04999999999999999
gptoss,order_reversed,reversed_01,Appliance,123,False,1.0,1.0,0.04999999999999999
gptoss,order_reversed,reversed_02,Appliance,123,False,1.0,1.0,0.04999999999999999
gptoss,order_reversed,reversed_03,Appliance,123,False,1.0,1.0,0.04999999999999999
gptoss,order_reversed,reversed_04,Appliance,123,False,1.0,1.0,0.04999999999999999
gptoss,order_reversed,reversed_05,Appliance,123,False,1.0,1.0,0.04999999999999999
gptoss,extracted,,Appliance,124,False,1.0,1.0,0.07999999999999999
gptoss,default_params,,Appliance,124,False,1.0,1.0,0.2525
gptoss,extracted_per_run,shippedrun_01,Appliance,124,False,1.0,1.0,0.07999999999999999
gptoss,extracted_per_run,shippedrun_02,Appliance,124,False,1.0,1.0,0.09833333333333333
gptoss,extracted_per_run,shippedrun_03,Appliance,124,False,1.0,1.0,0.02416666666666667
gptoss,extracted_per_run,shippedrun_04,Appliance,124,False,1.0,1.0,0.07999999999999999
gptoss,extracted_per_run,shippedrun_05,Appliance,124,False,1.0,1.0,0.07999999999999999
gptoss,order_control,control_01,Appliance,124,False,1.0,1.0,0.07999999999999999
gptoss,order_control,control_02,Appliance,124,False,1.0,1.0,0.07999999999999999
gptoss,order_control,control_03,Appliance,124,False,1.0,1.0,0.07999999999999999
gptoss,order_reversed,reversed_01,Appliance,124,False,1.0,1.0,0.07999999999999999
gptoss,order_reversed,reversed_02,Appliance,124,False,1.0,1.0,0.07999999999999999
gptoss,order_reversed,reversed_03,Appliance,124,False,1.0,1.0,0.02416666666666667
gptoss,order_reversed,reversed_04,Appliance,124,False,1.0,1.0,0.07999999999999999
gptoss,order_reversed,reversed_05,Appliance,124,False,1.0,1.0,0.07999999999999999
gptoss,extracted,,Appliance,125,False,1.0,1.0,0.05416666666666665
gptoss,default_params,,Appliance,125,False,0.33333333333333337,1.0,0.11249999999999998
gptoss,extracted_per_run,shippedrun_01,Appliance,125,False,1.0,1.0,0.00416666666666667
gptoss,extracted_per_run,shippedrun_02,Appliance,125,False,1.0,1.0,0.00416666666666667
gptoss,extracted_per_run,shippedrun_03,Appliance,125,False,1.0,1.0,0.18333333333333332
gptoss,extracted_per_run,shippedrun_04,Appliance,125,False,1.0,1.0,0.02833333333333336
gptoss,extracted_per_run,shippedrun_05,Appliance,125,False,1.0,1.0,0.12833333333333333
gptoss,order_control,control_01,Appliance,125,False,1.0,1.0,0.03916666666666668
gptoss,order_control,control_02,Appliance,125,False,1.0,1.0,0.018333333333333295
gptoss,order_control,control_03,Appliance,125,False,1.0,1.0,0.00416666666666667
gptoss,order_reversed,reversed_01,Appliance,125,False,1.0,1.0,0.07249999999999998
gptoss,order_reversed,reversed_02,Appliance,125,False,1.0,1.0,0.00416666666666667
gptoss,order_reversed,reversed_03,Appliance,125,False,1.0,1.0,0.03916666666666668
gptoss,order_reversed,reversed_04,Appliance,125,False,1.0,1.0,0.00416666666666667
gptoss,order_reversed,reversed_05,Appliance,125,False,1.0,1.0,0.00416666666666667
gptoss,extracted,,Appliance,126,False,1.0,1.0,0.060000000000000005
gptoss,default_params,,Appliance,126,False,0.33333333333333337,1.0,0.13000000000000003
gptoss,extracted_per_run,shippedrun_01,Appliance,126,False,1.0,1.0,0.060000000000000005
gptoss,extracted_per_run,shippedrun_02,Appliance,126,False,1.0,1.0,0.060000000000000005
gptoss,extracted_per_run,shippedrun_03,Appliance,126,False,1.0,1.0,0.060000000000000005
gptoss,extracted_per_run,shippedrun_04,Appliance,126,False,1.0,1.0,0.060000000000000005
gptoss,extracted_per_run,shippedrun_05,Appliance,126,False,1.0,1.0,0.060000000000000005
gptoss,order_control,control_01,Appliance,126,False,1.0,1.0,0.060000000000000005
gptoss,order_control,control_02,Appliance,126,False,1.0,1.0,0.060000000000000005
gptoss,order_control,control_03,Appliance,126,False,1.0,1.0,0.060000000000000005
gptoss,order_reversed,reversed_01,Appliance,126,False,1.0,1.0,0.060000000000000005
gptoss,order_reversed,reversed_02,Appliance,126,False,1.0,1.0,0.060000000000000005
gptoss,order_reversed,reversed_03,Appliance,126,False,1.0,1.0,0.060000000000000005
gptoss,order_reversed,reversed_04,Appliance,126,False,1.0,1.0,0.060000000000000005
gptoss,order_reversed,reversed_05,Appliance,126,False,1.0,1.0,0.060000000000000005
gptoss,extracted,,Appliance,127,False,1.0,1.0,0.028333333333333332
gptoss,default_params,,Appliance,127,False,0.33333333333333337,1.0,0.18333333333333335
gptoss,extracted_per_run,shippedrun_01,Appliance,127,False,1.0,1.0,0.04666666666666668
gptoss,extracted_per_run,shippedrun_02,Appliance,127,False,1.0,1.0,0.02666666666666666
gptoss,extracted_per_run,shippedrun_03,Appliance,127,False,1.0,1.0,0.02666666666666666
gptoss,extracted_per_run,shippedrun_04,Appliance,127,False,1.0,1.0,0.016666666666666663
gptoss,extracted_per_run,shippedrun_05,Appliance,127,False,1.0,1.0,0.02666666666666666
gptoss,order_control,control_01,Appliance,127,False,1.0,1.0,0.04666666666666668
gptoss,order_control,control_02,Appliance,127,False,1.0,1.0,0.02666666666666666
gptoss,order_control,control_03,Appliance,127,False,1.0,1.0,0.04666666666666668
gptoss,order_reversed,reversed_01,Appliance,127,False,1.0,1.0,0.04666666666666668
gptoss,order_reversed,reversed_02,Appliance,127,False,1.0,1.0,0.036666666666666674
gptoss,order_reversed,reversed_03,Appliance,127,False,1.0,1.0,0.02666666666666666
gptoss,order_reversed,reversed_04,Appliance,127,False,1.0,1.0,0.02666666666666666
gptoss,order_reversed,reversed_05,Appliance,127,False,1.0,1.0,0.02666666666666666
gptoss,extracted,,Appliance,128,False,1.0,1.0,0.010833333333333335
gptoss,default_params,,Appliance,128,False,0.33333333333333337,1.0,0.2983333333333334
gptoss,extracted_per_run,shippedrun_01,Appliance,128,False,1.0,1.0,0.07166666666666667
gptoss,extracted_per_run,shippedrun_02,Appliance,128,False,1.0,1.0,0.055833333333333325
gptoss,extracted_per_run,shippedrun_03,Appliance,128,False,0.33333333333333337,1.0,0.16083333333333336
gptoss,extracted_per_run,shippedrun_04,Appliance,128,False,1.0,1.0,0.055833333333333325
gptoss,extracted_per_run,shippedrun_05,Appliance,128,False,1.0,1.0,0.03833333333333334
gptoss,order_control,control_01,Appliance,128,False,1.0,1.0,0.055833333333333325
gptoss,order_control,control_02,Appliance,128,False,1.0,1.0,0.055833333333333325
gptoss,order_control,control_03,Appliance,128,False,1.0,1.0,0.010833333333333335
gptoss,order_reversed,reversed_01,Appliance,128,False,1.0,1.0,0.055833333333333325
gptoss,order_reversed,reversed_02,Appliance,128,False,1.0,1.0,0.010833333333333335
gptoss,order_reversed,reversed_03,Appliance,128,False,1.0,1.0,0.010833333333333335
gptoss,order_reversed,reversed_04,Appliance,128,False,1.0,1.0,0.010833333333333335
gptoss,order_reversed,reversed_05,Appliance,128,False,1.0,1.0,0.055833333333333325
gptoss,extracted,,Appliance,129,False,1.0,1.0,0.029166666666666664
gptoss,default_params,,Appliance,129,False,0.33333333333333337,0.0,0.15916666666666668
gptoss,extracted_per_run,shippedrun_01,Appliance,129,False,1.0,1.0,0.029166666666666664
gptoss,extracted_per_run,shippedrun_02,Appliance,129,False,1.0,1.0,0.029166666666666664
gptoss,extracted_per_run,shippedrun_03,Appliance,129,False,1.0,1.0,0.029166666666666664
gptoss,extracted_per_run,shippedrun_04,Appliance,129,False,1.0,1.0,0.029166666666666664
gptoss,extracted_per_run,shippedrun_05,Appliance,129,False,1.0,1.0,0.029166666666666664
gptoss,order_control,control_01,Appliance,129,False,1.0,1.0,0.029166666666666664
gptoss,order_control,control_02,Appliance,129,False,1.0,1.0,0.029166666666666664
gptoss,order_control,control_03,Appliance,129,False,1.0,1.0,0.029166666666666664
gptoss,order_reversed,reversed_01,Appliance,129,False,1.0,1.0,0.029166666666666664
gptoss,order_reversed,reversed_02,Appliance,129,False,1.0,1.0,0.029166666666666664
gptoss,order_reversed,reversed_03,Appliance,129,False,1.0,1.0,0.029166666666666664
gptoss,order_reversed,reversed_04,Appliance,129,False,1.0,1.0,0.029166666666666664
gptoss,order_reversed,reversed_05,Appliance,129,False,1.0,1.0,0.029166666666666664
gptoss,extracted,,Appliance,130,False,1.0,1.0,0.024166666666666652
gptoss,default_params,,Appliance,130,False,1.0,1.0,0.10333333333333332
gptoss,extracted_per_run,shippedrun_01,Appliance,130,False,1.0,1.0,0.019166666666666648
gptoss,extracted_per_run,shippedrun_02,Appliance,130,False,1.0,1.0,0.019166666666666648
gptoss,extracted_per_run,shippedrun_03,Appliance,130,False,1.0,1.0,0.019166666666666648
gptoss,extracted_per_run,shippedrun_04,Appliance,130,False,1.0,1.0,0.043333333333333335
gptoss,extracted_per_run,shippedrun_05,Appliance,130,False,1.0,1.0,0.019166666666666648
gptoss,order_control,control_01,Appliance,130,False,1.0,1.0,0.0375
gptoss,order_control,control_02,Appliance,130,False,1.0,1.0,0.019166666666666648
gptoss,order_control,control_03,Appliance,130,False,1.0,1.0,0.019166666666666648
gptoss,order_reversed,reversed_01,Appliance,130,False,1.0,1.0,0.008333333333333312
gptoss,order_reversed,reversed_02,Appliance,130,False,1.0,1.0,0.019166666666666648
gptoss,order_reversed,reversed_03,Appliance,130,False,1.0,1.0,0.043333333333333335
gptoss,order_reversed,reversed_04,Appliance,130,False,1.0,1.0,0.019166666666666648
gptoss,order_reversed,reversed_05,Appliance,130,False,1.0,1.0,0.008333333333333312
gptoss,extracted,,Appliance,131,False,1.0,1.0,0.04916666666666666
gptoss,default_params,,Appliance,131,False,0.33333333333333337,1.0,0.3408333333333333
gptoss,extracted_per_run,shippedrun_01,Appliance,131,False,1.0,1.0,0.07
gptoss,extracted_per_run,shippedrun_02,Appliance,131,False,1.0,1.0,0.03916666666666665
gptoss,extracted_per_run,shippedrun_03,Appliance,131,False,1.0,1.0,0.03916666666666665
gptoss,extracted_per_run,shippedrun_04,Appliance,131,False,1.0,1.0,0.03916666666666665
gptoss,extracted_per_run,shippedrun_05,Appliance,131,False,1.0,1.0,0.03916666666666665
gptoss,order_control,control_01,Appliance,131,False,1.0,1.0,0.03916666666666665
gptoss,order_control,control_02,Appliance,131,False,1.0,1.0,0.03916666666666665
gptoss,order_control,control_03,Appliance,131,False,1.0,1.0,0.010000000000000002
gptoss,order_reversed,reversed_01,Appliance,131,False,1.0,1.0,0.03916666666666665
gptoss,order_reversed,reversed_02,Appliance,131,False,1.0,1.0,0.05749999999999999
gptoss,order_reversed,reversed_03,Appliance,131,False,1.0,1.0,0.03916666666666665
gptoss,order_reversed,reversed_04,Appliance,131,False,1.0,1.0,0.05749999999999999
gptoss,order_reversed,reversed_05,Appliance,131,False,1.0,1.0,0.07
gptoss,extracted,,Appliance,132,False,1.0,1.0,0.08583333333333332
gptoss,default_params,,Appliance,132,False,0.33333333333333337,1.0,0.17249999999999996
gptoss,extracted_per_run,shippedrun_01,Appliance,132,False,1.0,1.0,0.08583333333333332
gptoss,extracted_per_run,shippedrun_02,Appliance,132,False,1.0,1.0,0.08583333333333332
gptoss,extracted_per_run,shippedrun_03,Appliance,132,False,1.0,1.0,0.08583333333333332
gptoss,extracted_per_run,shippedrun_04,Appliance,132,False,1.0,1.0,0.08583333333333332
gptoss,extracted_per_run,shippedrun_05,Appliance,132,False,1.0,1.0,0.08583333333333332
gptoss,order_control,control_01,Appliance,132,False,1.0,1.0,0.08583333333333332
gptoss,order_control,control_02,Appliance,132,False,1.0,1.0,0.08583333333333332
gptoss,order_control,control_03,Appliance,132,False,1.0,1.0,0.08583333333333332
gptoss,order_reversed,reversed_01,Appliance,132,False,1.0,1.0,0.08583333333333332
gptoss,order_reversed,reversed_02,Appliance,132,False,1.0,1.0,0.08583333333333332
gptoss,order_reversed,reversed_03,Appliance,132,False,1.0,1.0,0.08583333333333332
gptoss,order_reversed,reversed_04,Appliance,132,False,1.0,1.0,0.08583333333333332
gptoss,order_reversed,reversed_05,Appliance,132,False,1.0,1.0,0.08583333333333332
gptoss,extracted,,Appliance,133,False,1.0,1.0,0.03583333333333333
gptoss,default_params,,Appliance,133,False,0.33333333333333337,0.0,0.13583333333333333
gptoss,extracted_per_run,shippedrun_01,Appliance,133,False,1.0,1.0,0.02666666666666666
gptoss,extracted_per_run,shippedrun_02,Appliance,133,False,1.0,1.0,0.03916666666666666
gptoss,extracted_per_run,shippedrun_03,Appliance,133,False,1.0,1.0,0.02666666666666666
gptoss,extracted_per_run,shippedrun_04,Appliance,133,False,1.0,1.0,0.03916666666666666
gptoss,extracted_per_run,shippedrun_05,Appliance,133,False,1.0,1.0,0.03916666666666666
gptoss,order_control,control_01,Appliance,133,False,1.0,1.0,0.06583333333333334
gptoss,order_control,control_02,Appliance,133,False,1.0,1.0,0.03916666666666666
gptoss,order_control,control_03,Appliance,133,False,1.0,1.0,0.02666666666666666
gptoss,order_reversed,reversed_01,Appliance,133,False,1.0,1.0,0.03916666666666666
gptoss,order_reversed,reversed_02,Appliance,133,False,1.0,1.0,0.03916666666666666
gptoss,order_reversed,reversed_03,Appliance,133,False,1.0,1.0,0.03916666666666666
gptoss,order_reversed,reversed_04,Appliance,133,False,1.0,1.0,0.03916666666666666
gptoss,order_reversed,reversed_05,Appliance,133,False,1.0,1.0,0.05250000000000001
gptoss,extracted,,Appliance,134,False,1.0,1.0,0.08333333333333333
gptoss,default_params,,Appliance,134,False,0.33333333333333337,1.0,0.29250000000000004
gptoss,extracted_per_run,shippedrun_01,Appliance,134,False,1.0,1.0,0.09416666666666668
gptoss,extracted_per_run,shippedrun_02,Appliance,134,False,1.0,1.0,0.07333333333333332
gptoss,extracted_per_run,shippedrun_03,Appliance,134,False,1.0,1.0,0.07333333333333332
gptoss,extracted_per_run,shippedrun_04,Appliance,134,False,1.0,1.0,0.07333333333333332
gptoss,extracted_per_run,shippedrun_05,Appliance,134,False,1.0,1.0,0.09416666666666668
gptoss,order_control,control_01,Appliance,134,False,1.0,1.0,0.07333333333333332
gptoss,order_control,control_02,Appliance,134,False,1.0,1.0,0.09416666666666668
gptoss,order_control,control_03,Appliance,134,False,1.0,1.0,0.09416666666666668
gptoss,order_reversed,reversed_01,Appliance,134,False,1.0,1.0,0.07333333333333332
gptoss,order_reversed,reversed_02,Appliance,134,False,1.0,1.0,0.07333333333333332
gptoss,order_reversed,reversed_03,Appliance,134,False,1.0,1.0,0.09416666666666668
gptoss,order_reversed,reversed_04,Appliance,134,False,1.0,1.0,0.03
gptoss,order_reversed,reversed_05,Appliance,134,False,1.0,1.0,0.07333333333333332
gptoss,extracted,,Appliance,135,False,1.0,1.0,0.04416666666666668
gptoss,default_params,,Appliance,135,False,1.0,1.0,0.09000000000000001
gptoss,extracted_per_run,shippedrun_01,Appliance,135,False,1.0,1.0,0.04416666666666668
gptoss,extracted_per_run,shippedrun_02,Appliance,135,False,1.0,1.0,0.04416666666666668
gptoss,extracted_per_run,shippedrun_03,Appliance,135,False,1.0,1.0,0.04416666666666668
gptoss,extracted_per_run,shippedrun_04,Appliance,135,False,1.0,1.0,0.04416666666666668
gptoss,extracted_per_run,shippedrun_05,Appliance,135,False,1.0,1.0,0.04416666666666668
gptoss,order_control,control_01,Appliance,135,False,1.0,1.0,0.04416666666666668
gptoss,order_control,control_02,Appliance,135,False,1.0,1.0,0.04416666666666668
gptoss,order_control,control_03,Appliance,135,False,1.0,1.0,0.04416666666666668
gptoss,order_reversed,reversed_01,Appliance,135,False,1.0,1.0,0.04416666666666668
gptoss,order_reversed,reversed_02,Appliance,135,False,1.0,1.0,0.04416666666666668
gptoss,order_reversed,reversed_03,Appliance,135,False,1.0,1.0,0.04416666666666668
gptoss,order_reversed,reversed_04,Appliance,135,False,1.0,1.0,0.04416666666666668
gptoss,order_reversed,reversed_05,Appliance,135,False,1.0,1.0,0.04416666666666668
gptoss,extracted,,Shower,136,False,0.33333333333333337,1.0,0.06000000000000002
gptoss,default_params,,Shower,136,False,-1.0,0.0,0.12
gptoss,extracted_per_run,shippedrun_01,Shower,136,False,1.0,1.0,0.04750000000000001
gptoss,extracted_per_run,shippedrun_02,Shower,136,False,-0.33333333333333337,0.0,0.07250000000000001
gptoss,extracted_per_run,shippedrun_03,Shower,136,False,1.0,1.0,0.04750000000000001
gptoss,extracted_per_run,shippedrun_04,Shower,136,False,1.0,1.0,0.04750000000000001
gptoss,extracted_per_run,shippedrun_05,Shower,136,False,-1.0,0.0,0.12
gptoss,order_control,control_01,Shower,136,False,1.0,1.0,0.04750000000000001
gptoss,order_control,control_02,Shower,136,False,1.0,1.0,0.04750000000000001
gptoss,order_control,control_03,Shower,136,False,1.0,1.0,0.04750000000000001
gptoss,order_reversed,reversed_01,Shower,136,False,-0.33333333333333337,0.0,0.07250000000000001
gptoss,order_reversed,reversed_02,Shower,136,False,1.0,1.0,0.04750000000000001
gptoss,order_reversed,reversed_03,Shower,136,False,1.0,1.0,0.04750000000000001
gptoss,order_reversed,reversed_04,Shower,136,False,1.0,1.0,0.04750000000000001
gptoss,order_reversed,reversed_05,Shower,136,False,-1.0,0.0,0.12
gptoss,extracted,,Shower,137,False,0.33333333333333337,1.0,0.1275
gptoss,default_params,,Shower,137,False,0.33333333333333337,1.0,0.1425
gptoss,extracted_per_run,shippedrun_01,Shower,137,False,0.33333333333333337,1.0,0.11916666666666666
gptoss,extracted_per_run,shippedrun_02,Shower,137,False,0.33333333333333337,1.0,0.1425
gptoss,extracted_per_run,shippedrun_03,Shower,137,False,-0.33333333333333337,0.0,0.17
gptoss,extracted_per_run,shippedrun_04,Shower,137,False,0.33333333333333337,1.0,0.1425
gptoss,extracted_per_run,shippedrun_05,Shower,137,False,1.0,1.0,0.041666666666666664
gptoss,order_control,control_01,Shower,137,False,1.0,1.0,0.041666666666666664
gptoss,order_control,control_02,Shower,137,False,0.33333333333333337,1.0,0.065
gptoss,order_control,control_03,Shower,137,False,1.0,1.0,0.041666666666666664
gptoss,order_reversed,reversed_01,Shower,137,False,-0.33333333333333337,0.0,0.17
gptoss,order_reversed,reversed_02,Shower,137,False,0.33333333333333337,1.0,0.065
gptoss,order_reversed,reversed_03,Shower,137,False,0.33333333333333337,1.0,0.1425
gptoss,order_reversed,reversed_04,Shower,137,False,0.33333333333333337,1.0,0.1425
gptoss,order_reversed,reversed_05,Shower,137,False,0.33333333333333337,1.0,0.1425
gptoss,extracted,,Shower,138,False,0.33333333333333337,0.0,0.07083333333333333
gptoss,default_params,,Shower,138,False,0.33333333333333337,0.0,0.11833333333333333
gptoss,extracted_per_run,shippedrun_01,Shower,138,False,0.33333333333333337,0.0,0.11833333333333333
gptoss,extracted_per_run,shippedrun_02,Shower,138,False,1.0,1.0,0.0
gptoss,extracted_per_run,shippedrun_03,Shower,138,False,0.33333333333333337,0.0,0.13999999999999999
gptoss,extracted_per_run,shippedrun_04,Shower,138,False,0.33333333333333337,0.0,0.13999999999999999
gptoss,extracted_per_run,shippedrun_05,Shower,138,False,1.0,1.0,0.0
gptoss,order_control,control_01,Shower,138,False,0.33333333333333337,0.0,0.3358333333333334
gptoss,order_control,control_02,Shower,138,False,0.33333333333333337,0.0,0.11833333333333333
gptoss,order_control,control_03,Shower,138,False,0.33333333333333337,0.0,0.11833333333333333
gptoss,order_reversed,reversed_01,Shower,138,False,0.33333333333333337,0.0,0.11833333333333333
gptoss,order_reversed,reversed_02,Shower,138,False,1.0,1.0,0.0
gptoss,order_reversed,reversed_03,Shower,138,False,1.0,1.0,0.0
gptoss,order_reversed,reversed_04,Shower,138,False,1.0,1.0,0.0
gptoss,order_reversed,reversed_05,Shower,138,False,1.0,1.0,0.0
gptoss,extracted,,Shower,139,False,1.0,1.0,0.029166666666666674
gptoss,default_params,,Shower,139,False,1.0,1.0,0.023333333333333334
gptoss,extracted_per_run,shippedrun_01,Shower,139,False,1.0,1.0,0.05666666666666667
gptoss,extracted_per_run,shippedrun_02,Shower,139,False,1.0,1.0,0.023333333333333334
gptoss,extracted_per_run,shippedrun_03,Shower,139,False,1.0,1.0,0.023333333333333334
gptoss,extracted_per_run,shippedrun_04,Shower,139,False,1.0,1.0,0.023333333333333334
gptoss,extracted_per_run,shippedrun_05,Shower,139,False,1.0,1.0,0.023333333333333334
gptoss,order_control,control_01,Shower,139,False,1.0,1.0,0.05666666666666667
gptoss,order_control,control_02,Shower,139,False,1.0,1.0,0.0
gptoss,order_control,control_03,Shower,139,False,1.0,1.0,0.023333333333333334
gptoss,order_reversed,reversed_01,Shower,139,False,1.0,1.0,0.05666666666666667
gptoss,order_reversed,reversed_02,Shower,139,False,1.0,1.0,0.023333333333333334
gptoss,order_reversed,reversed_03,Shower,139,False,1.0,1.0,0.023333333333333334
gptoss,order_reversed,reversed_04,Shower,139,False,1.0,1.0,0.023333333333333334
gptoss,order_reversed,reversed_05,Shower,139,False,1.0,1.0,0.0
gptoss,extracted,,Shower,140,False,1.0,1.0,0.023333333333333334
gptoss,default_params,,Shower,140,False,0.33333333333333337,0.0,0.13416666666666668
gptoss,extracted_per_run,shippedrun_01,Shower,140,False,1.0,1.0,0.023333333333333334
gptoss,extracted_per_run,shippedrun_02,Shower,140,False,1.0,1.0,0.0
gptoss,extracted_per_run,shippedrun_03,Shower,140,False,1.0,1.0,0.023333333333333334
gptoss,extracted_per_run,shippedrun_04,Shower,140,False,1.0,1.0,0.023333333333333334
gptoss,extracted_per_run,shippedrun_05,Shower,140,False,1.0,1.0,0.023333333333333334
gptoss,order_control,control_01,Shower,140,False,0.33333333333333337,0.0,0.15083333333333335
gptoss,order_control,control_02,Shower,140,False,1.0,1.0,0.10666666666666667
gptoss,order_control,control_03,Shower,140,False,1.0,1.0,0.023333333333333334
gptoss,order_reversed,reversed_01,Shower,140,False,0.33333333333333337,0.0,0.13416666666666668
gptoss,order_reversed,reversed_02,Shower,140,False,1.0,1.0,0.023333333333333334
gptoss,order_reversed,reversed_03,Shower,140,False,1.0,1.0,0.023333333333333334
gptoss,order_reversed,reversed_04,Shower,140,False,1.0,1.0,0.023333333333333334
gptoss,order_reversed,reversed_05,Shower,140,False,1.0,1.0,0.023333333333333334
gptoss,extracted,,Shower,141,False,1.0,1.0,0.029166666666666664
gptoss,default_params,,Shower,141,False,1.0,1.0,0.029166666666666664
gptoss,extracted_per_run,shippedrun_01,Shower,141,False,1.0,1.0,0.029166666666666664
gptoss,extracted_per_run,shippedrun_02,Shower,141,False,1.0,1.0,0.029166666666666664
gptoss,extracted_per_run,shippedrun_03,Shower,141,False,1.0,1.0,0.029166666666666664
gptoss,extracted_per_run,shippedrun_04,Shower,141,False,1.0,1.0,0.0
gptoss,extracted_per_run,shippedrun_05,Shower,141,False,1.0,1.0,0.029166666666666664
gptoss,order_control,control_01,Shower,141,False,1.0,1.0,0.08
gptoss,order_control,control_02,Shower,141,False,1.0,1.0,0.029166666666666664
gptoss,order_control,control_03,Shower,141,False,1.0,1.0,0.029166666666666664
gptoss,order_reversed,reversed_01,Shower,141,False,1.0,1.0,0.029166666666666664
gptoss,order_reversed,reversed_02,Shower,141,False,1.0,1.0,0.029166666666666664
gptoss,order_reversed,reversed_03,Shower,141,False,1.0,1.0,0.08
gptoss,order_reversed,reversed_04,Shower,141,False,1.0,1.0,0.029166666666666664
gptoss,order_reversed,reversed_05,Shower,141,False,1.0,1.0,0.029166666666666664
gptoss,extracted,,Shower,142,False,0.33333333333333337,1.0,0.06083333333333333
gptoss,default_params,,Shower,142,False,-0.33333333333333337,0.0,0.1025
gptoss,extracted_per_run,shippedrun_01,Shower,142,False,1.0,1.0,0.0
gptoss,extracted_per_run,shippedrun_02,Shower,142,False,1.0,1.0,0.0
gptoss,extracted_per_run,shippedrun_03,Shower,142,False,-0.33333333333333337,0.0,0.12583333333333332
gptoss,extracted_per_run,shippedrun_04,Shower,142,False,-0.33333333333333337,0.0,0.1025
gptoss,extracted_per_run,shippedrun_05,Shower,142,False,-0.33333333333333337,0.0,0.12583333333333332
gptoss,order_control,control_01,Shower,142,False,1.0,1.0,0.0
gptoss,order_control,control_02,Shower,142,False,1.0,1.0,0.0
gptoss,order_control,control_03,Shower,142,False,1.0,1.0,0.0
gptoss,order_reversed,reversed_01,Shower,142,False,1.0,1.0,0.0
gptoss,order_reversed,reversed_02,Shower,142,False,1.0,1.0,0.0
gptoss,order_reversed,reversed_03,Shower,142,False,-0.33333333333333337,0.0,0.1025
gptoss,order_reversed,reversed_04,Shower,142,False,-0.33333333333333337,0.0,0.1025
gptoss,order_reversed,reversed_05,Shower,142,False,1.0,1.0,0.0
gptoss,extracted,,Shower,143,False,0.33333333333333337,0.0,0.07583333333333335
gptoss,default_params,,Shower,143,False,0.33333333333333337,0.0,0.10916666666666668
gptoss,extracted_per_run,shippedrun_01,Shower,143,False,1.0,1.0,0.0
gptoss,extracted_per_run,shippedrun_02,Shower,143,False,0.33333333333333337,0.0,0.10916666666666668
gptoss,extracted_per_run,shippedrun_03,Shower,143,False,1.0,1.0,0.0
gptoss,extracted_per_run,shippedrun_04,Shower,143,False,0.33333333333333337,0.0,0.10916666666666668
gptoss,extracted_per_run,shippedrun_05,Shower,143,False,0.33333333333333337,0.0,0.10916666666666668
gptoss,order_control,control_01,Shower,143,False,1.0,1.0,0.0
gptoss,order_control,control_02,Shower,143,False,0.33333333333333337,0.0,0.10916666666666668
gptoss,order_control,control_03,Shower,143,False,1.0,1.0,0.0
gptoss,order_reversed,reversed_01,Shower,143,False,1.0,1.0,0.0
gptoss,order_reversed,reversed_02,Shower,143,False,0.33333333333333337,0.0,0.10916666666666668
gptoss,order_reversed,reversed_03,Shower,143,False,1.0,1.0,0.0
gptoss,order_reversed,reversed_04,Shower,143,False,0.33333333333333337,0.0,0.10916666666666668
gptoss,order_reversed,reversed_05,Shower,143,False,0.33333333333333337,0.0,0.10916666666666668
gptoss,extracted,,Shower,144,False,1.0,1.0,0.016666666666666666
gptoss,default_params,,Shower,144,False,1.0,1.0,0.016666666666666666
gptoss,extracted_per_run,shippedrun_01,Shower,144,False,1.0,1.0,0.016666666666666666
gptoss,extracted_per_run,shippedrun_02,Shower,144,False,1.0,1.0,0.016666666666666666
gptoss,extracted_per_run,shippedrun_03,Shower,144,False,1.0,1.0,0.016666666666666666
gptoss,extracted_per_run,shippedrun_04,Shower,144,False,1.0,1.0,0.016666666666666666
gptoss,extracted_per_run,shippedrun_05,Shower,144,False,1.0,1.0,0.016666666666666666
gptoss,order_control,control_01,Shower,144,False,1.0,1.0,0.016666666666666666
gptoss,order_control,control_02,Shower,144,False,1.0,1.0,0.016666666666666666
gptoss,order_control,control_03,Shower,144,False,1.0,1.0,0.016666666666666666
gptoss,order_reversed,reversed_01,Shower,144,False,1.0,1.0,0.016666666666666666
gptoss,order_reversed,reversed_02,Shower,144,False,1.0,1.0,0.016666666666666666
gptoss,order_reversed,reversed_03,Shower,144,False,1.0,1.0,0.016666666666666666
gptoss,order_reversed,reversed_04,Shower,144,False,1.0,1.0,0.03833333333333334
gptoss,order_reversed,reversed_05,Shower,144,False,1.0,1.0,0.016666666666666666
gptoss,extracted,,Shower,145,False,1.0,1.0,0.02583333333333333
gptoss,default_params,,Shower,145,False,1.0,1.0,0.09166666666666667
gptoss,extracted_per_run,shippedrun_01,Shower,145,False,1.0,1.0,0.09166666666666667
gptoss,extracted_per_run,shippedrun_02,Shower,145,False,1.0,1.0,0.056666666666666664
gptoss,extracted_per_run,shippedrun_03,Shower,145,False,1.0,1.0,0.056666666666666664
gptoss,extracted_per_run,shippedrun_04,Shower,145,False,1.0,1.0,0.056666666666666664
gptoss,extracted_per_run,shippedrun_05,Shower,145,False,1.0,1.0,0.09166666666666667
gptoss,order_control,control_01,Shower,145,False,0.33333333333333337,0.0,0.06499999999999999
gptoss,order_control,control_02,Shower,145,False,1.0,1.0,0.04416666666666666
gptoss,order_control,control_03,Shower,145,False,1.0,1.0,0.056666666666666664
gptoss,order_reversed,reversed_01,Shower,145,False,1.0,1.0,0.056666666666666664
gptoss,order_reversed,reversed_02,Shower,145,False,1.0,1.0,0.056666666666666664
gptoss,order_reversed,reversed_03,Shower,145,False,1.0,1.0,0.056666666666666664
gptoss,order_reversed,reversed_04,Shower,145,False,0.33333333333333337,0.0,0.06499999999999999
gptoss,order_reversed,reversed_05,Shower,145,False,1.0,1.0,0.09166666666666667
gptoss,extracted,,Shower,146,False,1.0,1.0,0.03333333333333333
gptoss,default_params,,Shower,146,False,1.0,1.0,0.09833333333333333
gptoss,extracted_per_run,shippedrun_01,Shower,146,False,1.0,1.0,0.09833333333333333
gptoss,extracted_per_run,shippedrun_02,Shower,146,False,1.0,1.0,0.06166666666666667
gptoss,extracted_per_run,shippedrun_03,Shower,146,False,1.0,1.0,0.09833333333333333
gptoss,extracted_per_run,shippedrun_04,Shower,146,False,1.0,1.0,0.05333333333333334
gptoss,extracted_per_run,shippedrun_05,Shower,146,False,1.0,1.0,0.06166666666666667
gptoss,order_control,control_01,Shower,146,False,1.0,1.0,0.05333333333333334
gptoss,order_control,control_02,Shower,146,False,1.0,1.0,0.05333333333333334
gptoss,order_control,control_03,Shower,146,False,1.0,1.0,0.09833333333333333
gptoss,order_reversed,reversed_01,Shower,146,False,1.0,1.0,0.09833333333333333
gptoss,order_reversed,reversed_02,Shower,146,False,1.0,1.0,0.09833333333333333
gptoss,order_reversed,reversed_03,Shower,146,False,1.0,1.0,0.09833333333333333
gptoss,order_reversed,reversed_04,Shower,146,False,1.0,1.0,0.035
gptoss,order_reversed,reversed_05,Shower,146,False,1.0,1.0,0.09833333333333333
gptoss,extracted,,Shower,147,False,1.0,1.0,0.029166666666666664
gptoss,default_params,,Shower,147,False,1.0,1.0,0.029166666666666664
gptoss,extracted_per_run,shippedrun_01,Shower,147,False,1.0,1.0,0.029166666666666664
gptoss,extracted_per_run,shippedrun_02,Shower,147,False,1.0,1.0,0.029166666666666664
gptoss,extracted_per_run,shippedrun_03,Shower,147,False,1.0,1.0,0.029166666666666664
gptoss,extracted_per_run,shippedrun_04,Shower,147,False,1.0,1.0,0.029166666666666664
gptoss,extracted_per_run,shippedrun_05,Shower,147,False,1.0,1.0,0.029166666666666664
gptoss,order_control,control_01,Shower,147,False,1.0,1.0,0.029166666666666664
gptoss,order_control,control_02,Shower,147,False,1.0,1.0,0.029166666666666664
gptoss,order_control,control_03,Shower,147,False,1.0,1.0,0.029166666666666664
gptoss,order_reversed,reversed_01,Shower,147,False,1.0,1.0,0.029166666666666664
gptoss,order_reversed,reversed_02,Shower,147,False,1.0,1.0,0.08749999999999998
gptoss,order_reversed,reversed_03,Shower,147,False,1.0,1.0,0.029166666666666664
gptoss,order_reversed,reversed_04,Shower,147,False,1.0,1.0,0.029166666666666664
gptoss,order_reversed,reversed_05,Shower,147,False,1.0,1.0,0.029166666666666664
gptoss,extracted,,Shower,148,False,1.0,1.0,0.0
gptoss,default_params,,Shower,148,False,1.0,1.0,0.0
gptoss,extracted_per_run,shippedrun_01,Shower,148,False,1.0,1.0,0.0
gptoss,extracted_per_run,shippedrun_02,Shower,148,False,1.0,1.0,0.0
gptoss,extracted_per_run,shippedrun_03,Shower,148,False,1.0,1.0,0.0
gptoss,extracted_per_run,shippedrun_04,Shower,148,False,1.0,1.0,0.0
gptoss,extracted_per_run,shippedrun_05,Shower,148,False,1.0,1.0,0.0
gptoss,order_control,control_01,Shower,148,False,1.0,1.0,0.04166666666666668
gptoss,order_control,control_02,Shower,148,False,1.0,1.0,0.0
gptoss,order_control,control_03,Shower,148,False,1.0,1.0,0.0
gptoss,order_reversed,reversed_01,Shower,148,False,1.0,1.0,0.0
gptoss,order_reversed,reversed_02,Shower,148,False,1.0,1.0,0.0
gptoss,order_reversed,reversed_03,Shower,148,False,1.0,1.0,0.0
gptoss,order_reversed,reversed_04,Shower,148,False,1.0,1.0,0.04166666666666668
gptoss,order_reversed,reversed_05,Shower,148,False,1.0,1.0,0.0
gptoss,extracted,,Shower,149,False,1.0,1.0,0.03166666666666667
gptoss,default_params,,Shower,149,False,1.0,1.0,0.09083333333333334
gptoss,extracted_per_run,shippedrun_01,Shower,149,False,1.0,1.0,0.09083333333333334
gptoss,extracted_per_run,shippedrun_02,Shower,149,False,1.0,1.0,0.07083333333333335
gptoss,extracted_per_run,shippedrun_03,Shower,149,False,1.0,1.0,0.09083333333333334
gptoss,extracted_per_run,shippedrun_04,Shower,149,False,1.0,1.0,0.07083333333333335
gptoss,extracted_per_run,shippedrun_05,Shower,149,False,1.0,1.0,0.07083333333333335
gptoss,order_control,control_01,Shower,149,False,1.0,1.0,0.09083333333333334
gptoss,order_control,control_02,Shower,149,False,1.0,1.0,0.08416666666666667
gptoss,order_control,control_03,Shower,149,False,1.0,1.0,0.07083333333333335
gptoss,order_reversed,reversed_01,Shower,149,False,1.0,1.0,0.07083333333333335
gptoss,order_reversed,reversed_02,Shower,149,False,1.0,1.0,0.09083333333333334
gptoss,order_reversed,reversed_03,Shower,149,False,1.0,1.0,0.09083333333333334
gptoss,order_reversed,reversed_04,Shower,149,False,1.0,1.0,0.07083333333333335
gptoss,order_reversed,reversed_05,Shower,149,False,1.0,1.0,0.07083333333333335
gptoss,extracted,,Shower,150,False,1.0,1.0,0.1366666666666667
gptoss,default_params,,Shower,150,False,1.0,1.0,0.1366666666666667
gptoss,extracted_per_run,shippedrun_01,Shower,150,False,1.0,1.0,0.1366666666666667
gptoss,extracted_per_run,shippedrun_02,Shower,150,False,1.0,1.0,0.1366666666666667
gptoss,extracted_per_run,shippedrun_03,Shower,150,False,1.0,1.0,0.1366666666666667
gptoss,extracted_per_run,shippedrun_04,Shower,150,False,1.0,1.0,0.1366666666666667
gptoss,extracted_per_run,shippedrun_05,Shower,150,False,1.0,1.0,0.1366666666666667
gptoss,order_control,control_01,Shower,150,False,1.0,1.0,0.1366666666666667
gptoss,order_control,control_02,Shower,150,False,1.0,1.0,0.1366666666666667
gptoss,order_control,control_03,Shower,150,False,1.0,1.0,0.07250000000000001
gptoss,order_reversed,reversed_01,Shower,150,False,1.0,1.0,0.1366666666666667
gptoss,order_reversed,reversed_02,Shower,150,False,1.0,1.0,0.1366666666666667
gptoss,order_reversed,reversed_03,Shower,150,False,1.0,1.0,0.07250000000000001
gptoss,order_reversed,reversed_04,Shower,150,False,1.0,1.0,0.10916666666666668
gptoss,order_reversed,reversed_05,Shower,150,False,1.0,1.0,0.1825
gptoss,extracted,,Shower,151,False,1.0,1.0,0.009166666666666667
gptoss,default_params,,Shower,151,False,1.0,1.0,0.0675
gptoss,extracted_per_run,shippedrun_01,Shower,151,False,1.0,1.0,0.006666666666666667
gptoss,extracted_per_run,shippedrun_02,Shower,151,False,1.0,1.0,0.023333333333333334
gptoss,extracted_per_run,shippedrun_03,Shower,151,False,1.0,1.0,0.0
gptoss,extracted_per_run,shippedrun_04,Shower,151,False,1.0,1.0,0.0675
gptoss,extracted_per_run,shippedrun_05,Shower,151,False,1.0,1.0,0.0675
gptoss,order_control,control_01,Shower,151,False,1.0,1.0,0.0
gptoss,order_control,control_02,Shower,151,False,1.0,1.0,0.0
gptoss,order_control,control_03,Shower,151,False,1.0,1.0,0.0675
gptoss,order_reversed,reversed_01,Shower,151,False,1.0,1.0,0.0675
gptoss,order_reversed,reversed_02,Shower,151,False,1.0,1.0,0.0
gptoss,order_reversed,reversed_03,Shower,151,False,1.0,1.0,0.0675
gptoss,order_reversed,reversed_04,Shower,151,False,1.0,1.0,0.0675
gptoss,order_reversed,reversed_05,Shower,151,False,1.0,1.0,0.0675
gptoss,extracted,,Shower,152,False,1.0,1.0,0.050833333333333335
gptoss,default_params,,Shower,152,False,1.0,1.0,0.049166666666666664
gptoss,extracted_per_run,shippedrun_01,Shower,152,False,1.0,1.0,0.06916666666666667
gptoss,extracted_per_run,shippedrun_02,Shower,152,False,1.0,1.0,0.06916666666666667
gptoss,extracted_per_run,shippedrun_03,Shower,152,False,1.0,1.0,0.06916666666666667
gptoss,extracted_per_run,shippedrun_04,Shower,152,False,1.0,1.0,0.049166666666666664
gptoss,extracted_per_run,shippedrun_05,Shower,152,False,1.0,1.0,0.06916666666666667
gptoss,order_control,control_01,Shower,152,False,1.0,1.0,0.06916666666666667
gptoss,order_control,control_02,Shower,152,False,1.0,1.0,0.049166666666666664
gptoss,order_control,control_03,Shower,152,False,1.0,1.0,0.049166666666666664
gptoss,order_reversed,reversed_01,Shower,152,False,1.0,1.0,0.06916666666666667
gptoss,order_reversed,reversed_02,Shower,152,False,1.0,1.0,0.06916666666666667
gptoss,order_reversed,reversed_03,Shower,152,False,1.0,1.0,0.049166666666666664
gptoss,order_reversed,reversed_04,Shower,152,False,1.0,1.0,0.06916666666666667
gptoss,order_reversed,reversed_05,Shower,152,False,1.0,1.0,0.06916666666666667
gptoss,extracted,,Shower,153,False,1.0,1.0,0.019166666666666665
gptoss,default_params,,Shower,153,False,1.0,1.0,0.13333333333333333
gptoss,extracted_per_run,shippedrun_01,Shower,153,False,1.0,1.0,0.13333333333333333
gptoss,extracted_per_run,shippedrun_02,Shower,153,False,1.0,1.0,0.028333333333333335
gptoss,extracted_per_run,shippedrun_03,Shower,153,False,1.0,1.0,0.13333333333333333
gptoss,extracted_per_run,shippedrun_04,Shower,153,False,1.0,1.0,0.036666666666666674
gptoss,extracted_per_run,shippedrun_05,Shower,153,False,1.0,1.0,0.07166666666666667
gptoss,order_control,control_01,Shower,153,False,1.0,1.0,0.036666666666666674
gptoss,order_control,control_02,Shower,153,False,1.0,1.0,0.036666666666666674
gptoss,order_control,control_03,Shower,153,False,1.0,1.0,0.036666666666666674
gptoss,order_reversed,reversed_01,Shower,153,False,1.0,1.0,0.13333333333333333
gptoss,order_reversed,reversed_02,Shower,153,False,1.0,1.0,0.13333333333333333
gptoss,order_reversed,reversed_03,Shower,153,False,1.0,1.0,0.13333333333333333
gptoss,order_reversed,reversed_04,Shower,153,False,1.0,1.0,0.036666666666666674
gptoss,order_reversed,reversed_05,Shower,153,False,1.0,1.0,0.13333333333333333
gptoss,extracted,,Shower,154,False,1.0,1.0,0.075
gptoss,default_params,,Shower,154,False,0.33333333333333337,1.0,0.08666666666666667
gptoss,extracted_per_run,shippedrun_01,Shower,154,False,0.33333333333333337,0.0,0.08
gptoss,extracted_per_run,shippedrun_02,Shower,154,False,0.33333333333333337,1.0,0.07
gptoss,extracted_per_run,shippedrun_03,Shower,154,False,0.33333333333333337,0.0,0.08
gptoss,extracted_per_run,shippedrun_04,Shower,154,False,0.33333333333333337,0.0,0.08
gptoss,extracted_per_run,shippedrun_05,Shower,154,False,0.33333333333333337,0.0,0.08
gptoss,order_control,control_01,Shower,154,False,0.33333333333333337,0.0,0.08
gptoss,order_control,control_02,Shower,154,False,0.33333333333333337,1.0,0.08666666666666667
gptoss,order_control,control_03,Shower,154,False,0.33333333333333337,0.0,0.08
gptoss,order_reversed,reversed_01,Shower,154,False,0.33333333333333337,0.0,0.08
gptoss,order_reversed,reversed_02,Shower,154,False,0.33333333333333337,1.0,0.08666666666666667
gptoss,order_reversed,reversed_03,Shower,154,False,0.33333333333333337,1.0,0.07
gptoss,order_reversed,reversed_04,Shower,154,False,0.33333333333333337,0.0,0.08
gptoss,order_reversed,reversed_05,Shower,154,False,0.33333333333333337,0.0,0.08
gptoss,extracted,,Shower,155,False,1.0,1.0,0.05916666666666667
gptoss,default_params,,Shower,155,False,1.0,1.0,0.050833333333333335
gptoss,extracted_per_run,shippedrun_01,Shower,155,False,1.0,1.0,0.050833333333333335
gptoss,extracted_per_run,shippedrun_02,Shower,155,False,1.0,1.0,0.050833333333333335
gptoss,extracted_per_run,shippedrun_03,Shower,155,False,1.0,1.0,0.050833333333333335
gptoss,extracted_per_run,shippedrun_04,Shower,155,False,0.33333333333333337,0.0,0.09000000000000001
gptoss,extracted_per_run,shippedrun_05,Shower,155,False,0.33333333333333337,1.0,0.07333333333333335
gptoss,order_control,control_01,Shower,155,False,1.0,1.0,0.050833333333333335
gptoss,order_control,control_02,Shower,155,False,1.0,1.0,0.050833333333333335
gptoss,order_control,control_03,Shower,155,False,1.0,1.0,0.050833333333333335
gptoss,order_reversed,reversed_01,Shower,155,False,1.0,1.0,0.050833333333333335
gptoss,order_reversed,reversed_02,Shower,155,False,1.0,1.0,0.050833333333333335
gptoss,order_reversed,reversed_03,Shower,155,False,1.0,1.0,0.050833333333333335
gptoss,order_reversed,reversed_04,Shower,155,False,1.0,1.0,0.050833333333333335
gptoss,order_reversed,reversed_05,Shower,155,False,1.0,1.0,0.050833333333333335
gptoss,extracted,,Shower,156,False,1.0,1.0,0.0625
gptoss,default_params,,Shower,156,False,1.0,1.0,0.0625
gptoss,extracted_per_run,shippedrun_01,Shower,156,False,1.0,1.0,0.0625
gptoss,extracted_per_run,shippedrun_02,Shower,156,False,1.0,1.0,0.0625
gptoss,extracted_per_run,shippedrun_03,Shower,156,False,1.0,1.0,0.0625
gptoss,extracted_per_run,shippedrun_04,Shower,156,False,1.0,1.0,0.0625
gptoss,extracted_per_run,shippedrun_05,Shower,156,False,1.0,1.0,0.0625
gptoss,order_control,control_01,Shower,156,False,1.0,1.0,0.0625
gptoss,order_control,control_02,Shower,156,False,1.0,1.0,0.0625
gptoss,order_control,control_03,Shower,156,False,1.0,1.0,0.0625
gptoss,order_reversed,reversed_01,Shower,156,False,1.0,1.0,0.0625
gptoss,order_reversed,reversed_02,Shower,156,False,1.0,1.0,0.0625
gptoss,order_reversed,reversed_03,Shower,156,False,1.0,1.0,0.0625
gptoss,order_reversed,reversed_04,Shower,156,False,1.0,1.0,0.0625
gptoss,order_reversed,reversed_05,Shower,156,False,1.0,1.0,0.12916666666666665
gptoss,extracted,,Shower,157,False,1.0,1.0,0.047499999999999994
gptoss,default_params,,Shower,157,False,1.0,1.0,0.07083333333333333
gptoss,extracted_per_run,shippedrun_01,Shower,157,False,1.0,1.0,0.047499999999999994
gptoss,extracted_per_run,shippedrun_02,Shower,157,False,1.0,1.0,0.047499999999999994
gptoss,extracted_per_run,shippedrun_03,Shower,157,False,1.0,1.0,0.047499999999999994
gptoss,extracted_per_run,shippedrun_04,Shower,157,False,1.0,1.0,0.047499999999999994
gptoss,extracted_per_run,shippedrun_05,Shower,157,False,1.0,1.0,0.047499999999999994
gptoss,order_control,control_01,Shower,157,False,1.0,1.0,0.047499999999999994
gptoss,order_control,control_02,Shower,157,False,1.0,1.0,0.047499999999999994
gptoss,order_control,control_03,Shower,157,False,1.0,1.0,0.07083333333333333
gptoss,order_reversed,reversed_01,Shower,157,False,1.0,1.0,0.047499999999999994
gptoss,order_reversed,reversed_02,Shower,157,False,1.0,1.0,0.047499999999999994
gptoss,order_reversed,reversed_03,Shower,157,False,1.0,1.0,0.047499999999999994
gptoss,order_reversed,reversed_04,Shower,157,False,1.0,1.0,0.07083333333333333
gptoss,order_reversed,reversed_05,Shower,157,False,1.0,1.0,0.07083333333333333
gptoss,extracted,,Shower,158,False,1.0,1.0,0.03833333333333332
gptoss,default_params,,Shower,158,False,1.0,1.0,0.12000000000000001
gptoss,extracted_per_run,shippedrun_01,Shower,158,False,1.0,1.0,0.12000000000000001
gptoss,extracted_per_run,shippedrun_02,Shower,158,False,1.0,1.0,0.12000000000000001
gptoss,extracted_per_run,shippedrun_03,Shower,158,False,0.33333333333333337,1.0,0.09249999999999999
gptoss,extracted_per_run,shippedrun_04,Shower,158,False,0.33333333333333337,1.0,0.09249999999999999
gptoss,extracted_per_run,shippedrun_05,Shower,158,False,0.33333333333333337,1.0,0.09249999999999999
gptoss,order_control,control_01,Shower,158,False,0.33333333333333337,1.0,0.09249999999999999
gptoss,order_control,control_02,Shower,158,False,0.33333333333333337,1.0,0.09249999999999999
gptoss,order_control,control_03,Shower,158,False,0.33333333333333337,1.0,0.09249999999999999
gptoss,order_reversed,reversed_01,Shower,158,False,0.33333333333333337,1.0,0.10916666666666668
gptoss,order_reversed,reversed_02,Shower,158,False,1.0,1.0,0.06749999999999999
gptoss,order_reversed,reversed_03,Shower,158,False,1.0,1.0,0.145
gptoss,order_reversed,reversed_04,Shower,158,False,1.0,1.0,0.12000000000000001
gptoss,order_reversed,reversed_05,Shower,158,False,1.0,1.0,0.12000000000000001
gptoss,extracted,,Shower,159,False,1.0,1.0,0.0275
gptoss,default_params,,Shower,159,False,1.0,1.0,0.13416666666666668
gptoss,extracted_per_run,shippedrun_01,Shower,159,False,1.0,1.0,0.11333333333333334
gptoss,extracted_per_run,shippedrun_02,Shower,159,False,1.0,1.0,0.13416666666666668
gptoss,extracted_per_run,shippedrun_03,Shower,159,False,1.0,1.0,0.13416666666666668
gptoss,extracted_per_run,shippedrun_04,Shower,159,False,1.0,1.0,0.11333333333333334
gptoss,extracted_per_run,shippedrun_05,Shower,159,False,1.0,1.0,0.13416666666666668
gptoss,order_control,control_01,Shower,159,False,1.0,1.0,0.13999999999999999
gptoss,order_control,control_02,Shower,159,False,1.0,1.0,0.13416666666666668
gptoss,order_control,control_03,Shower,159,False,1.0,1.0,0.13416666666666668
gptoss,order_reversed,reversed_01,Shower,159,False,1.0,1.0,0.13416666666666668
gptoss,order_reversed,reversed_02,Shower,159,False,1.0,1.0,0.15166666666666667
gptoss,order_reversed,reversed_03,Shower,159,False,1.0,1.0,0.13416666666666668
gptoss,order_reversed,reversed_04,Shower,159,False,1.0,1.0,0.06833333333333332
gptoss,order_reversed,reversed_05,Shower,159,False,1.0,1.0,0.13416666666666668
gptoss,extracted,,Shower,160,False,1.0,1.0,0.020833333333333332
gptoss,default_params,,Shower,160,False,1.0,1.0,0.13249999999999998
gptoss,extracted_per_run,shippedrun_01,Shower,160,False,1.0,1.0,0.13249999999999998
gptoss,extracted_per_run,shippedrun_02,Shower,160,False,1.0,1.0,0.13249999999999998
gptoss,extracted_per_run,shippedrun_03,Shower,160,False,1.0,1.0,0.08083333333333333
gptoss,extracted_per_run,shippedrun_04,Shower,160,False,1.0,1.0,0.10416666666666667
gptoss,extracted_per_run,shippedrun_05,Shower,160,False,1.0,1.0,0.08083333333333333
gptoss,order_control,control_01,Shower,160,False,1.0,1.0,0.13249999999999998
gptoss,order_control,control_02,Shower,160,False,1.0,1.0,0.13249999999999998
gptoss,order_control,control_03,Shower,160,False,1.0,1.0,0.08083333333333333
gptoss,order_reversed,reversed_01,Shower,160,False,1.0,1.0,0.13249999999999998
gptoss,order_reversed,reversed_02,Shower,160,False,1.0,1.0,0.0
gptoss,order_reversed,reversed_03,Shower,160,False,1.0,1.0,0.13249999999999998
gptoss,order_reversed,reversed_04,Shower,160,False,1.0,1.0,0.13249999999999998
gptoss,order_reversed,reversed_05,Shower,160,False,1.0,1.0,0.08083333333333333
gptoss,extracted,,Shower,161,False,1.0,1.0,0.00916666666666667
gptoss,default_params,,Shower,161,False,1.0,1.0,0.05416666666666666
gptoss,extracted_per_run,shippedrun_01,Shower,161,False,0.33333333333333337,0.0,0.07416666666666666
gptoss,extracted_per_run,shippedrun_02,Shower,161,False,1.0,1.0,0.05416666666666666
gptoss,extracted_per_run,shippedrun_03,Shower,161,False,0.33333333333333337,0.0,0.07416666666666666
gptoss,extracted_per_run,shippedrun_04,Shower,161,False,1.0,1.0,0.05416666666666666
gptoss,extracted_per_run,shippedrun_05,Shower,161,False,0.33333333333333337,0.0,0.07416666666666666
gptoss,order_control,control_01,Shower,161,False,1.0,1.0,0.05416666666666666
gptoss,order_control,control_02,Shower,161,False,0.33333333333333337,0.0,0.04916666666666666
gptoss,order_control,control_03,Shower,161,False,1.0,1.0,0.05416666666666666
gptoss,order_reversed,reversed_01,Shower,161,False,1.0,1.0,0.05416666666666666
gptoss,order_reversed,reversed_02,Shower,161,False,0.33333333333333337,0.0,0.07416666666666666
gptoss,order_reversed,reversed_03,Shower,161,False,0.33333333333333337,0.0,0.04916666666666666
gptoss,order_reversed,reversed_04,Shower,161,False,0.33333333333333337,0.0,0.07416666666666666
gptoss,order_reversed,reversed_05,Shower,161,False,0.33333333333333337,0.0,0.04916666666666666
gptoss,extracted,,Shower,162,False,1.0,1.0,0.0
gptoss,default_params,,Shower,162,False,1.0,1.0,0.023333333333333334
gptoss,extracted_per_run,shippedrun_01,Shower,162,False,1.0,1.0,0.0
gptoss,extracted_per_run,shippedrun_02,Shower,162,False,1.0,1.0,0.0
gptoss,extracted_per_run,shippedrun_03,Shower,162,False,1.0,1.0,0.0
gptoss,extracted_per_run,shippedrun_04,Shower,162,False,1.0,1.0,0.0
gptoss,extracted_per_run,shippedrun_05,Shower,162,False,1.0,1.0,0.023333333333333334
gptoss,order_control,control_01,Shower,162,False,1.0,1.0,0.023333333333333334
gptoss,order_control,control_02,Shower,162,False,1.0,1.0,0.023333333333333334
gptoss,order_control,control_03,Shower,162,False,1.0,1.0,0.023333333333333334
gptoss,order_reversed,reversed_01,Shower,162,False,1.0,1.0,0.0
gptoss,order_reversed,reversed_02,Shower,162,False,1.0,1.0,0.075
gptoss,order_reversed,reversed_03,Shower,162,False,1.0,1.0,0.023333333333333334
gptoss,order_reversed,reversed_04,Shower,162,False,1.0,1.0,0.075
gptoss,order_reversed,reversed_05,Shower,162,False,1.0,1.0,0.023333333333333334
gptoss,extracted,,Shower,163,False,1.0,1.0,0.014999999999999994
gptoss,default_params,,Shower,163,False,1.0,1.0,0.0575
gptoss,extracted_per_run,shippedrun_01,Shower,163,False,1.0,1.0,0.07749999999999999
gptoss,extracted_per_run,shippedrun_02,Shower,163,False,1.0,1.0,0.07749999999999999
gptoss,extracted_per_run,shippedrun_03,Shower,163,False,1.0,1.0,0.0575
gptoss,extracted_per_run,shippedrun_04,Shower,163,False,1.0,1.0,0.07749999999999999
gptoss,extracted_per_run,shippedrun_05,Shower,163,False,1.0,1.0,0.0575
gptoss,order_control,control_01,Shower,163,False,1.0,1.0,0.0575
gptoss,order_control,control_02,Shower,163,False,1.0,1.0,0.0575
gptoss,order_control,control_03,Shower,163,False,1.0,1.0,0.0575
gptoss,order_reversed,reversed_01,Shower,163,False,1.0,1.0,0.07749999999999999
gptoss,order_reversed,reversed_02,Shower,163,False,1.0,1.0,0.07749999999999999
gptoss,order_reversed,reversed_03,Shower,163,False,1.0,1.0,0.07749999999999999
gptoss,order_reversed,reversed_04,Shower,163,False,1.0,1.0,0.0575
gptoss,order_reversed,reversed_05,Shower,163,False,1.0,1.0,0.07749999999999999
gptoss,extracted,,Shower,164,False,1.0,1.0,0.0
gptoss,default_params,,Shower,164,False,1.0,1.0,0.0
gptoss,extracted_per_run,shippedrun_01,Shower,164,False,1.0,1.0,0.0
gptoss,extracted_per_run,shippedrun_02,Shower,164,False,1.0,1.0,0.0
gptoss,extracted_per_run,shippedrun_03,Shower,164,False,1.0,1.0,0.0
gptoss,extracted_per_run,shippedrun_04,Shower,164,False,1.0,1.0,0.0
gptoss,extracted_per_run,shippedrun_05,Shower,164,False,1.0,1.0,0.0
gptoss,order_control,control_01,Shower,164,False,1.0,1.0,0.0
gptoss,order_control,control_02,Shower,164,False,1.0,1.0,0.0
gptoss,order_control,control_03,Shower,164,False,1.0,1.0,0.0
gptoss,order_reversed,reversed_01,Shower,164,False,1.0,1.0,0.0
gptoss,order_reversed,reversed_02,Shower,164,False,1.0,1.0,0.0
gptoss,order_reversed,reversed_03,Shower,164,False,1.0,1.0,0.0
gptoss,order_reversed,reversed_04,Shower,164,False,0.33333333333333337,0.0,0.037500000000000006
gptoss,order_reversed,reversed_05,Shower,164,False,1.0,1.0,0.0
gptoss,extracted,,Shower,165,False,1.0,1.0,0.012500000000000006
gptoss,default_params,,Shower,165,False,1.0,1.0,0.06083333333333333
gptoss,extracted_per_run,shippedrun_01,Shower,165,False,1.0,1.0,0.08583333333333333
gptoss,extracted_per_run,shippedrun_02,Shower,165,False,1.0,1.0,0.08999999999999998
gptoss,extracted_per_run,shippedrun_03,Shower,165,False,1.0,1.0,0.0625
gptoss,extracted_per_run,shippedrun_04,Shower,165,False,1.0,1.0,0.08583333333333333
gptoss,extracted_per_run,shippedrun_05,Shower,165,False,1.0,1.0,0.06083333333333333
gptoss,order_control,control_01,Shower,165,False,1.0,1.0,0.08583333333333333
gptoss,order_control,control_02,Shower,165,False,1.0,1.0,0.08583333333333333
gptoss,order_control,control_03,Shower,165,False,1.0,1.0,0.08583333333333333
gptoss,order_reversed,reversed_01,Shower,165,False,1.0,1.0,0.06083333333333333
gptoss,order_reversed,reversed_02,Shower,165,False,1.0,1.0,0.08583333333333333
gptoss,order_reversed,reversed_03,Shower,165,False,1.0,1.0,0.06083333333333333
gptoss,order_reversed,reversed_04,Shower,165,False,1.0,1.0,0.0625
gptoss,order_reversed,reversed_05,Shower,165,False,1.0,1.0,0.06083333333333333
gptoss,extracted,,Shower,166,False,1.0,1.0,0.11583333333333333
gptoss,default_params,,Shower,166,False,0.33333333333333337,0.0,0.09500000000000001
gptoss,extracted_per_run,shippedrun_01,Shower,166,False,1.0,1.0,0.11583333333333333
gptoss,extracted_per_run,shippedrun_02,Shower,166,False,1.0,1.0,0.11583333333333333
gptoss,extracted_per_run,shippedrun_03,Shower,166,False,1.0,1.0,0.11583333333333333
gptoss,extracted_per_run,shippedrun_04,Shower,166,False,1.0,1.0,0.11583333333333333
gptoss,extracted_per_run,shippedrun_05,Shower,166,False,1.0,1.0,0.11583333333333333
gptoss,order_control,control_01,Shower,166,False,0.33333333333333337,0.0,0.09500000000000001
gptoss,order_control,control_02,Shower,166,False,0.33333333333333337,0.0,0.09500000000000001
gptoss,order_control,control_03,Shower,166,False,1.0,1.0,0.11583333333333333
gptoss,order_reversed,reversed_01,Shower,166,False,0.33333333333333337,0.0,0.09500000000000001
gptoss,order_reversed,reversed_02,Shower,166,False,0.33333333333333337,0.0,0.1366666666666667
gptoss,order_reversed,reversed_03,Shower,166,False,1.0,1.0,0.09416666666666666
gptoss,order_reversed,reversed_04,Shower,166,False,0.33333333333333337,0.0,0.09500000000000001
gptoss,order_reversed,reversed_05,Shower,166,False,0.33333333333333337,0.0,0.09500000000000001
gptoss,extracted,,Shower,167,False,1.0,1.0,0.041666666666666664
gptoss,default_params,,Shower,167,False,1.0,1.0,0.041666666666666664
gptoss,extracted_per_run,shippedrun_01,Shower,167,False,1.0,1.0,0.041666666666666664
gptoss,extracted_per_run,shippedrun_02,Shower,167,False,1.0,1.0,0.041666666666666664
gptoss,extracted_per_run,shippedrun_03,Shower,167,False,1.0,1.0,0.041666666666666664
gptoss,extracted_per_run,shippedrun_04,Shower,167,False,1.0,1.0,0.041666666666666664
gptoss,extracted_per_run,shippedrun_05,Shower,167,False,1.0,1.0,0.041666666666666664
gptoss,order_control,control_01,Shower,167,False,1.0,1.0,0.041666666666666664
gptoss,order_control,control_02,Shower,167,False,1.0,1.0,0.041666666666666664
gptoss,order_control,control_03,Shower,167,False,1.0,1.0,0.041666666666666664
gptoss,order_reversed,reversed_01,Shower,167,False,1.0,1.0,0.041666666666666664
gptoss,order_reversed,reversed_02,Shower,167,False,1.0,1.0,0.041666666666666664
gptoss,order_reversed,reversed_03,Shower,167,False,1.0,1.0,0.041666666666666664
gptoss,order_reversed,reversed_04,Shower,167,False,1.0,1.0,0.041666666666666664
gptoss,order_reversed,reversed_05,Shower,167,False,1.0,1.0,0.041666666666666664
gptoss,extracted,,Shower,168,False,1.0,1.0,0.09499999999999999
gptoss,default_params,,Shower,168,False,0.33333333333333337,0.0,0.09250000000000001
gptoss,extracted_per_run,shippedrun_01,Shower,168,False,1.0,1.0,0.11416666666666665
gptoss,extracted_per_run,shippedrun_02,Shower,168,False,1.0,1.0,0.11416666666666665
gptoss,extracted_per_run,shippedrun_03,Shower,168,False,1.0,1.0,0.11416666666666665
gptoss,extracted_per_run,shippedrun_04,Shower,168,False,0.33333333333333337,0.0,0.11416666666666668
gptoss,extracted_per_run,shippedrun_05,Shower,168,False,1.0,1.0,0.11416666666666665
gptoss,order_control,control_01,Shower,168,False,1.0,1.0,0.11416666666666665
gptoss,order_control,control_02,Shower,168,False,1.0,1.0,0.11416666666666665
gptoss,order_control,control_03,Shower,168,False,1.0,1.0,0.11416666666666665
gptoss,order_reversed,reversed_01,Shower,168,False,1.0,1.0,0.11416666666666665
gptoss,order_reversed,reversed_02,Shower,168,False,1.0,1.0,0.11416666666666665
gptoss,order_reversed,reversed_03,Shower,168,False,1.0,1.0,0.11416666666666665
gptoss,order_reversed,reversed_04,Shower,168,False,1.0,1.0,0.11416666666666665
gptoss,order_reversed,reversed_05,Shower,168,False,1.0,1.0,0.11416666666666665
gptoss,extracted,,Shower,169,False,1.0,1.0,0.034999999999999996
gptoss,default_params,,Shower,169,False,1.0,1.0,0.024999999999999998
gptoss,extracted_per_run,shippedrun_01,Shower,169,False,1.0,1.0,0.024999999999999998
gptoss,extracted_per_run,shippedrun_02,Shower,169,False,1.0,1.0,0.024999999999999998
gptoss,extracted_per_run,shippedrun_03,Shower,169,False,1.0,1.0,0.024999999999999998
gptoss,extracted_per_run,shippedrun_04,Shower,169,False,1.0,1.0,0.024999999999999998
gptoss,extracted_per_run,shippedrun_05,Shower,169,False,0.33333333333333337,0.0,0.0425
gptoss,order_control,control_01,Shower,169,False,0.33333333333333337,0.0,0.0425
gptoss,order_control,control_02,Shower,169,False,1.0,1.0,0.024999999999999998
gptoss,order_control,control_03,Shower,169,False,1.0,1.0,0.024999999999999998
gptoss,order_reversed,reversed_01,Shower,169,False,1.0,1.0,0.024999999999999998
gptoss,order_reversed,reversed_02,Shower,169,False,1.0,1.0,0.024999999999999998
gptoss,order_reversed,reversed_03,Shower,169,False,1.0,1.0,0.024999999999999998
gptoss,order_reversed,reversed_04,Shower,169,False,1.0,1.0,0.024999999999999998
gptoss,order_reversed,reversed_05,Shower,169,False,0.33333333333333337,0.0,0.0425
gptoss,extracted,,Shower,170,False,1.0,1.0,0.016666666666666666
gptoss,default_params,,Shower,170,False,1.0,1.0,0.0
gptoss,extracted_per_run,shippedrun_01,Shower,170,False,1.0,1.0,0.0
gptoss,extracted_per_run,shippedrun_02,Shower,170,False,1.0,1.0,0.016666666666666666
gptoss,extracted_per_run,shippedrun_03,Shower,170,False,1.0,1.0,0.0
gptoss,extracted_per_run,shippedrun_04,Shower,170,False,1.0,1.0,0.0
gptoss,extracted_per_run,shippedrun_05,Shower,170,False,1.0,1.0,0.0
gptoss,order_control,control_01,Shower,170,False,1.0,1.0,0.0
gptoss,order_control,control_02,Shower,170,False,1.0,1.0,0.016666666666666666
gptoss,order_control,control_03,Shower,170,False,1.0,1.0,0.0
gptoss,order_reversed,reversed_01,Shower,170,False,1.0,1.0,0.0
gptoss,order_reversed,reversed_02,Shower,170,False,1.0,1.0,0.0
gptoss,order_reversed,reversed_03,Shower,170,False,1.0,1.0,0.0
gptoss,order_reversed,reversed_04,Shower,170,False,1.0,1.0,0.0
gptoss,order_reversed,reversed_05,Shower,170,False,1.0,1.0,0.016666666666666666
gptoss,extracted,,Shower,171,False,1.0,1.0,0.0
gptoss,default_params,,Shower,171,False,1.0,1.0,0.0
gptoss,extracted_per_run,shippedrun_01,Shower,171,False,1.0,1.0,0.0
gptoss,extracted_per_run,shippedrun_02,Shower,171,False,1.0,1.0,0.0
gptoss,extracted_per_run,shippedrun_03,Shower,171,False,1.0,1.0,0.0
gptoss,extracted_per_run,shippedrun_04,Shower,171,False,1.0,1.0,0.0
gptoss,extracted_per_run,shippedrun_05,Shower,171,False,1.0,1.0,0.0
gptoss,order_control,control_01,Shower,171,False,1.0,1.0,0.0
gptoss,order_control,control_02,Shower,171,False,1.0,1.0,0.0
gptoss,order_control,control_03,Shower,171,False,1.0,1.0,0.0
gptoss,order_reversed,reversed_01,Shower,171,False,1.0,1.0,0.0
gptoss,order_reversed,reversed_02,Shower,171,False,1.0,1.0,0.0
gptoss,order_reversed,reversed_03,Shower,171,False,1.0,1.0,0.0
gptoss,order_reversed,reversed_04,Shower,171,False,1.0,1.0,0.0
gptoss,order_reversed,reversed_05,Shower,171,False,1.0,1.0,0.0
gptoss,extracted,,Shower,172,False,1.0,1.0,0.06416666666666666
gptoss,default_params,,Shower,172,False,1.0,1.0,0.06416666666666666
gptoss,extracted_per_run,shippedrun_01,Shower,172,False,1.0,1.0,0.06416666666666666
gptoss,extracted_per_run,shippedrun_02,Shower,172,False,1.0,1.0,0.06416666666666666
gptoss,extracted_per_run,shippedrun_03,Shower,172,False,1.0,1.0,0.06416666666666666
gptoss,extracted_per_run,shippedrun_04,Shower,172,False,1.0,1.0,0.06416666666666666
gptoss,extracted_per_run,shippedrun_05,Shower,172,False,1.0,1.0,0.06416666666666666
gptoss,order_control,control_01,Shower,172,False,1.0,1.0,0.06416666666666666
gptoss,order_control,control_02,Shower,172,False,1.0,1.0,0.06416666666666666
gptoss,order_control,control_03,Shower,172,False,1.0,1.0,0.06416666666666666
gptoss,order_reversed,reversed_01,Shower,172,False,1.0,1.0,0.06416666666666666
gptoss,order_reversed,reversed_02,Shower,172,False,1.0,1.0,0.06416666666666666
gptoss,order_reversed,reversed_03,Shower,172,False,1.0,1.0,0.06416666666666666
gptoss,order_reversed,reversed_04,Shower,172,False,1.0,1.0,0.11583333333333333
gptoss,order_reversed,reversed_05,Shower,172,False,1.0,1.0,0.06416666666666666
gptoss,extracted,,Shower,173,False,1.0,1.0,0.009999999999999995
gptoss,default_params,,Shower,173,False,1.0,1.0,0.0
gptoss,extracted_per_run,shippedrun_01,Shower,173,False,1.0,1.0,0.0
gptoss,extracted_per_run,shippedrun_02,Shower,173,False,1.0,1.0,0.0
gptoss,extracted_per_run,shippedrun_03,Shower,173,False,1.0,1.0,0.0
gptoss,extracted_per_run,shippedrun_04,Shower,173,False,1.0,1.0,0.0
gptoss,extracted_per_run,shippedrun_05,Shower,173,False,1.0,1.0,0.04916666666666666
gptoss,order_control,control_01,Shower,173,False,1.0,1.0,0.0
gptoss,order_control,control_02,Shower,173,False,1.0,1.0,0.0
gptoss,order_control,control_03,Shower,173,False,1.0,1.0,0.0
gptoss,order_reversed,reversed_01,Shower,173,False,1.0,1.0,0.0
gptoss,order_reversed,reversed_02,Shower,173,False,1.0,1.0,0.0
gptoss,order_reversed,reversed_03,Shower,173,False,1.0,1.0,0.0
gptoss,order_reversed,reversed_04,Shower,173,False,1.0,1.0,0.0
gptoss,order_reversed,reversed_05,Shower,173,False,1.0,1.0,0.0
gptoss,extracted,,Shower,174,False,1.0,1.0,0.03916666666666666
gptoss,default_params,,Shower,174,False,1.0,1.0,0.06333333333333334
gptoss,extracted_per_run,shippedrun_01,Shower,174,False,1.0,1.0,0.06416666666666665
gptoss,extracted_per_run,shippedrun_02,Shower,174,False,1.0,1.0,0.06333333333333334
gptoss,extracted_per_run,shippedrun_03,Shower,174,False,1.0,1.0,0.06416666666666665
gptoss,extracted_per_run,shippedrun_04,Shower,174,False,1.0,1.0,0.06416666666666665
gptoss,extracted_per_run,shippedrun_05,Shower,174,False,1.0,1.0,0.06416666666666665
gptoss,order_control,control_01,Shower,174,False,1.0,1.0,0.06416666666666665
gptoss,order_control,control_02,Shower,174,False,1.0,1.0,0.06333333333333334
gptoss,order_control,control_03,Shower,174,False,1.0,1.0,0.06333333333333334
gptoss,order_reversed,reversed_01,Shower,174,False,1.0,1.0,0.06416666666666665
gptoss,order_reversed,reversed_02,Shower,174,False,1.0,1.0,0.06416666666666665
gptoss,order_reversed,reversed_03,Shower,174,False,1.0,1.0,0.06416666666666665
gptoss,order_reversed,reversed_04,Shower,174,False,1.0,1.0,0.06416666666666665
gptoss,order_reversed,reversed_05,Shower,174,False,1.0,1.0,0.06333333333333334
gptoss,extracted,,Shower,175,False,1.0,1.0,0.010000000000000004
gptoss,default_params,,Shower,175,False,1.0,1.0,0.0
gptoss,extracted_per_run,shippedrun_01,Shower,175,False,1.0,1.0,0.0
gptoss,extracted_per_run,shippedrun_02,Shower,175,False,1.0,1.0,0.0
gptoss,extracted_per_run,shippedrun_03,Shower,175,False,1.0,1.0,0.0
gptoss,extracted_per_run,shippedrun_04,Shower,175,False,1.0,1.0,0.0
gptoss,extracted_per_run,shippedrun_05,Shower,175,False,1.0,1.0,0.04916666666666666
gptoss,order_control,control_01,Shower,175,False,1.0,1.0,0.04916666666666666
gptoss,order_control,control_02,Shower,175,False,1.0,1.0,0.04916666666666666
gptoss,order_control,control_03,Shower,175,False,1.0,1.0,0.0
gptoss,order_reversed,reversed_01,Shower,175,False,1.0,1.0,0.0
gptoss,order_reversed,reversed_02,Shower,175,False,1.0,1.0,0.04916666666666666
gptoss,order_reversed,reversed_03,Shower,175,False,1.0,1.0,0.0
gptoss,order_reversed,reversed_04,Shower,175,False,1.0,1.0,0.04916666666666666
gptoss,order_reversed,reversed_05,Shower,175,False,1.0,1.0,0.0
gptoss,extracted,,Shower,176,False,1.0,1.0,0.0
gptoss,default_params,,Shower,176,False,1.0,1.0,0.0
gptoss,extracted_per_run,shippedrun_01,Shower,176,False,1.0,1.0,0.0
gptoss,extracted_per_run,shippedrun_02,Shower,176,False,1.0,1.0,0.0
gptoss,extracted_per_run,shippedrun_03,Shower,176,False,1.0,1.0,0.0
gptoss,extracted_per_run,shippedrun_04,Shower,176,False,1.0,1.0,0.0
gptoss,extracted_per_run,shippedrun_05,Shower,176,False,1.0,1.0,0.0
gptoss,order_control,control_01,Shower,176,False,1.0,1.0,0.0
gptoss,order_control,control_02,Shower,176,False,1.0,1.0,0.0
gptoss,order_control,control_03,Shower,176,False,1.0,1.0,0.0
gptoss,order_reversed,reversed_01,Shower,176,False,1.0,1.0,0.0
gptoss,order_reversed,reversed_02,Shower,176,False,1.0,1.0,0.0
gptoss,order_reversed,reversed_03,Shower,176,False,1.0,1.0,0.0
gptoss,order_reversed,reversed_04,Shower,176,False,1.0,1.0,0.0
gptoss,order_reversed,reversed_05,Shower,176,False,1.0,1.0,0.0
gptoss,extracted,,Shower,177,False,0.33333333333333337,0.0,0.056666666666666664
gptoss,default_params,,Shower,177,False,1.0,1.0,0.06
gptoss,extracted_per_run,shippedrun_01,Shower,177,False,0.33333333333333337,0.0,0.08
gptoss,extracted_per_run,shippedrun_02,Shower,177,False,0.33333333333333337,0.0,0.08
gptoss,extracted_per_run,shippedrun_03,Shower,177,False,0.33333333333333337,0.0,0.08
gptoss,extracted_per_run,shippedrun_04,Shower,177,False,1.0,1.0,0.06
gptoss,extracted_per_run,shippedrun_05,Shower,177,False,0.33333333333333337,0.0,0.08
gptoss,order_control,control_01,Shower,177,False,1.0,1.0,0.06
gptoss,order_control,control_02,Shower,177,False,0.33333333333333337,0.0,0.08
gptoss,order_control,control_03,Shower,177,False,0.33333333333333337,0.0,0.08
gptoss,order_reversed,reversed_01,Shower,177,False,0.33333333333333337,0.0,0.08
gptoss,order_reversed,reversed_02,Shower,177,False,0.33333333333333337,0.0,0.08
gptoss,order_reversed,reversed_03,Shower,177,False,0.33333333333333337,0.0,0.08
gptoss,order_reversed,reversed_04,Shower,177,False,0.33333333333333337,0.0,0.08
gptoss,order_reversed,reversed_05,Shower,177,False,0.33333333333333337,0.0,0.08
gptoss,extracted,,Shower,178,False,1.0,1.0,0.0
gptoss,default_params,,Shower,178,False,1.0,1.0,0.0
gptoss,extracted_per_run,shippedrun_01,Shower,178,False,1.0,1.0,0.0
gptoss,extracted_per_run,shippedrun_02,Shower,178,False,1.0,1.0,0.0
gptoss,extracted_per_run,shippedrun_03,Shower,178,False,1.0,1.0,0.0
gptoss,extracted_per_run,shippedrun_04,Shower,178,False,1.0,1.0,0.0
gptoss,extracted_per_run,shippedrun_05,Shower,178,False,1.0,1.0,0.0
gptoss,order_control,control_01,Shower,178,False,1.0,1.0,0.047499999999999994
gptoss,order_control,control_02,Shower,178,False,1.0,1.0,0.0
gptoss,order_control,control_03,Shower,178,False,1.0,1.0,0.0
gptoss,order_reversed,reversed_01,Shower,178,False,1.0,1.0,0.0
gptoss,order_reversed,reversed_02,Shower,178,False,1.0,1.0,0.0
gptoss,order_reversed,reversed_03,Shower,178,False,1.0,1.0,0.0
gptoss,order_reversed,reversed_04,Shower,178,False,1.0,1.0,0.0
gptoss,order_reversed,reversed_05,Shower,178,False,1.0,1.0,0.0
gptoss,extracted,,Shower,179,False,1.0,1.0,0.014166666666666666
gptoss,default_params,,Shower,179,False,1.0,1.0,0.0
gptoss,extracted_per_run,shippedrun_01,Shower,179,False,1.0,1.0,0.0
gptoss,extracted_per_run,shippedrun_02,Shower,179,False,1.0,1.0,0.0
gptoss,extracted_per_run,shippedrun_03,Shower,179,False,1.0,1.0,0.0
gptoss,extracted_per_run,shippedrun_04,Shower,179,False,0.33333333333333337,0.0,0.06333333333333334
gptoss,extracted_per_run,shippedrun_05,Shower,179,False,1.0,1.0,0.03833333333333334
gptoss,order_control,control_01,Shower,179,False,1.0,1.0,0.0
gptoss,order_control,control_02,Shower,179,False,1.0,1.0,0.0
gptoss,order_control,control_03,Shower,179,False,1.0,1.0,0.0
gptoss,order_reversed,reversed_01,Shower,179,False,1.0,1.0,0.0
gptoss,order_reversed,reversed_02,Shower,179,False,1.0,1.0,0.0
gptoss,order_reversed,reversed_03,Shower,179,False,1.0,1.0,0.0
gptoss,order_reversed,reversed_04,Shower,179,False,1.0,1.0,0.0
gptoss,order_reversed,reversed_05,Shower,179,False,1.0,1.0,0.0
gptoss,extracted,,Shower,180,False,1.0,1.0,0.07416666666666667
gptoss,default_params,,Shower,180,False,1.0,1.0,0.09749999999999999
gptoss,extracted_per_run,shippedrun_01,Shower,180,False,1.0,1.0,0.09749999999999999
gptoss,extracted_per_run,shippedrun_02,Shower,180,False,1.0,1.0,0.09749999999999999
gptoss,extracted_per_run,shippedrun_03,Shower,180,False,1.0,1.0,0.07416666666666667
gptoss,extracted_per_run,shippedrun_04,Shower,180,False,1.0,1.0,0.07416666666666667
gptoss,extracted_per_run,shippedrun_05,Shower,180,False,1.0,1.0,0.09749999999999999
gptoss,order_control,control_01,Shower,180,False,1.0,1.0,0.07416666666666667
gptoss,order_control,control_02,Shower,180,False,1.0,1.0,0.09749999999999999
gptoss,order_control,control_03,Shower,180,False,1.0,1.0,0.09749999999999999
gptoss,order_reversed,reversed_01,Shower,180,False,1.0,1.0,0.09749999999999999
gptoss,order_reversed,reversed_02,Shower,180,False,1.0,1.0,0.07416666666666667
gptoss,order_reversed,reversed_03,Shower,180,False,1.0,1.0,0.11249999999999999
gptoss,order_reversed,reversed_04,Shower,180,False,1.0,1.0,0.09749999999999999
gptoss,order_reversed,reversed_05,Shower,180,False,1.0,1.0,0.09749999999999999
gptoss,extracted,,Shower,181,False,1.0,1.0,0.15416666666666665
gptoss,default_params,,Shower,181,False,1.0,1.0,0.15416666666666665
gptoss,extracted_per_run,shippedrun_01,Shower,181,False,1.0,1.0,0.15416666666666665
gptoss,extracted_per_run,shippedrun_02,Shower,181,False,1.0,1.0,0.15416666666666665
gptoss,extracted_per_run,shippedrun_03,Shower,181,False,1.0,1.0,0.15416666666666665
gptoss,extracted_per_run,shippedrun_04,Shower,181,False,1.0,1.0,0.15416666666666665
gptoss,extracted_per_run,shippedrun_05,Shower,181,False,1.0,1.0,0.15416666666666665
gptoss,order_control,control_01,Shower,181,False,1.0,1.0,0.06083333333333333
gptoss,order_control,control_02,Shower,181,False,1.0,1.0,0.06083333333333333
gptoss,order_control,control_03,Shower,181,False,1.0,1.0,0.15416666666666665
gptoss,order_reversed,reversed_01,Shower,181,False,1.0,1.0,0.06083333333333333
gptoss,order_reversed,reversed_02,Shower,181,False,1.0,1.0,0.06083333333333333
gptoss,order_reversed,reversed_03,Shower,181,False,1.0,1.0,0.15416666666666665
gptoss,order_reversed,reversed_04,Shower,181,False,1.0,1.0,0.15416666666666665
gptoss,order_reversed,reversed_05,Shower,181,False,1.0,1.0,0.15416666666666665
gptoss,extracted,,Shower,182,False,0.33333333333333337,1.0,0.022500000000000003
gptoss,default_params,,Shower,182,False,1.0,1.0,0.03833333333333333
gptoss,extracted_per_run,shippedrun_01,Shower,182,False,0.33333333333333337,1.0,0.0375
gptoss,extracted_per_run,shippedrun_02,Shower,182,False,0.33333333333333337,1.0,0.0375
gptoss,extracted_per_run,shippedrun_03,Shower,182,False,1.0,1.0,0.03833333333333333
gptoss,extracted_per_run,shippedrun_04,Shower,182,False,0.33333333333333337,1.0,0.0375
gptoss,extracted_per_run,shippedrun_05,Shower,182,False,0.33333333333333337,1.0,0.0375
gptoss,order_control,control_01,Shower,182,False,0.33333333333333337,1.0,0.0375
gptoss,order_control,control_02,Shower,182,False,0.33333333333333337,1.0,0.0375
gptoss,order_control,control_03,Shower,182,False,0.33333333333333337,1.0,0.0375
gptoss,order_reversed,reversed_01,Shower,182,False,0.33333333333333337,1.0,0.0375
gptoss,order_reversed,reversed_02,Shower,182,False,0.33333333333333337,1.0,0.0375
gptoss,order_reversed,reversed_03,Shower,182,False,0.33333333333333337,1.0,0.0375
gptoss,order_reversed,reversed_04,Shower,182,False,1.0,1.0,0.03833333333333333
gptoss,order_reversed,reversed_05,Shower,182,False,1.0,1.0,0.03833333333333333
gptoss,extracted,,Shower,183,False,1.0,1.0,0.006666666666666664
gptoss,default_params,,Shower,183,False,1.0,1.0,0.0
gptoss,extracted_per_run,shippedrun_01,Shower,183,False,1.0,1.0,0.0
gptoss,extracted_per_run,shippedrun_02,Shower,183,False,1.0,1.0,0.0
gptoss,extracted_per_run,shippedrun_03,Shower,183,False,1.0,1.0,0.0
gptoss,extracted_per_run,shippedrun_04,Shower,183,False,1.0,1.0,0.040000000000000015
gptoss,extracted_per_run,shippedrun_05,Shower,183,False,1.0,1.0,0.0
gptoss,order_control,control_01,Shower,183,False,1.0,1.0,0.0
gptoss,order_control,control_02,Shower,183,False,1.0,1.0,0.0
gptoss,order_control,control_03,Shower,183,False,1.0,1.0,0.0
gptoss,order_reversed,reversed_01,Shower,183,False,1.0,1.0,0.0
gptoss,order_reversed,reversed_02,Shower,183,False,1.0,1.0,0.0
gptoss,order_reversed,reversed_03,Shower,183,False,1.0,1.0,0.0
gptoss,order_reversed,reversed_04,Shower,183,False,1.0,1.0,0.040000000000000015
gptoss,order_reversed,reversed_05,Shower,183,False,1.0,1.0,0.0
gptoss,extracted,,Shower,184,False,0.33333333333333337,0.0,0.07583333333333334
gptoss,default_params,,Shower,184,False,1.0,1.0,0.09583333333333333
gptoss,extracted_per_run,shippedrun_01,Shower,184,False,0.33333333333333337,0.0,0.11916666666666664
gptoss,extracted_per_run,shippedrun_02,Shower,184,False,0.33333333333333337,0.0,0.11916666666666664
gptoss,extracted_per_run,shippedrun_03,Shower,184,False,0.33333333333333337,0.0,0.11916666666666664
gptoss,extracted_per_run,shippedrun_04,Shower,184,False,1.0,1.0,0.09583333333333333
gptoss,extracted_per_run,shippedrun_05,Shower,184,False,1.0,1.0,0.09583333333333333
gptoss,order_control,control_01,Shower,184,False,0.33333333333333337,0.0,0.11916666666666664
gptoss,order_control,control_02,Shower,184,False,0.33333333333333337,0.0,0.11916666666666664
gptoss,order_control,control_03,Shower,184,False,0.33333333333333337,0.0,0.11916666666666664
gptoss,order_reversed,reversed_01,Shower,184,False,0.33333333333333337,0.0,0.11916666666666664
gptoss,order_reversed,reversed_02,Shower,184,False,0.33333333333333337,0.0,0.11916666666666664
gptoss,order_reversed,reversed_03,Shower,184,False,1.0,1.0,0.09583333333333333
gptoss,order_reversed,reversed_04,Shower,184,False,0.33333333333333337,0.0,0.1408333333333333
gptoss,order_reversed,reversed_05,Shower,184,False,1.0,1.0,0.09583333333333333
gptoss,extracted,,Shower,185,False,1.0,1.0,0.008333333333333337
gptoss,default_params,,Shower,185,False,1.0,1.0,0.0
gptoss,extracted_per_run,shippedrun_01,Shower,185,False,1.0,1.0,0.0
gptoss,extracted_per_run,shippedrun_02,Shower,185,False,1.0,1.0,0.0
gptoss,extracted_per_run,shippedrun_03,Shower,185,False,1.0,1.0,0.06583333333333334
gptoss,extracted_per_run,shippedrun_04,Shower,185,False,1.0,1.0,0.0
gptoss,extracted_per_run,shippedrun_05,Shower,185,False,1.0,1.0,0.0
gptoss,order_control,control_01,Shower,185,False,1.0,1.0,0.0
gptoss,order_control,control_02,Shower,185,False,1.0,1.0,0.0
gptoss,order_control,control_03,Shower,185,False,1.0,1.0,0.0
gptoss,order_reversed,reversed_01,Shower,185,False,1.0,1.0,0.0
gptoss,order_reversed,reversed_02,Shower,185,False,0.33333333333333337,0.0,0.0625
gptoss,order_reversed,reversed_03,Shower,185,False,1.0,1.0,0.0
gptoss,order_reversed,reversed_04,Shower,185,False,1.0,1.0,0.0
gptoss,order_reversed,reversed_05,Shower,185,False,1.0,1.0,0.0
gptoss,extracted,,Shower,186,False,1.0,1.0,0.0
gptoss,default_params,,Shower,186,False,1.0,1.0,0.0
gptoss,extracted_per_run,shippedrun_01,Shower,186,False,1.0,1.0,0.0
gptoss,extracted_per_run,shippedrun_02,Shower,186,False,1.0,1.0,0.0
gptoss,extracted_per_run,shippedrun_03,Shower,186,False,1.0,1.0,0.0
gptoss,extracted_per_run,shippedrun_04,Shower,186,False,1.0,1.0,0.0
gptoss,extracted_per_run,shippedrun_05,Shower,186,False,1.0,1.0,0.0
gptoss,order_control,control_01,Shower,186,False,1.0,1.0,0.0
gptoss,order_control,control_02,Shower,186,False,1.0,1.0,0.0
gptoss,order_control,control_03,Shower,186,False,1.0,1.0,0.0
gptoss,order_reversed,reversed_01,Shower,186,False,1.0,1.0,0.0
gptoss,order_reversed,reversed_02,Shower,186,False,1.0,1.0,0.0
gptoss,order_reversed,reversed_03,Shower,186,False,1.0,1.0,0.0
gptoss,order_reversed,reversed_04,Shower,186,False,1.0,1.0,0.0
gptoss,order_reversed,reversed_05,Shower,186,False,1.0,1.0,0.06999999999999998
gptoss,extracted,,Shower,187,False,1.0,1.0,0.010000000000000004
gptoss,default_params,,Shower,187,False,1.0,1.0,0.0
gptoss,extracted_per_run,shippedrun_01,Shower,187,False,1.0,1.0,0.0
gptoss,extracted_per_run,shippedrun_02,Shower,187,False,1.0,1.0,0.0
gptoss,extracted_per_run,shippedrun_03,Shower,187,False,1.0,1.0,0.0
gptoss,extracted_per_run,shippedrun_04,Shower,187,False,1.0,1.0,0.04916666666666666
gptoss,extracted_per_run,shippedrun_05,Shower,187,False,1.0,1.0,0.0
gptoss,order_control,control_01,Shower,187,False,1.0,1.0,0.0
gptoss,order_control,control_02,Shower,187,False,1.0,1.0,0.0
gptoss,order_control,control_03,Shower,187,False,1.0,1.0,0.0
gptoss,order_reversed,reversed_01,Shower,187,False,1.0,1.0,0.0
gptoss,order_reversed,reversed_02,Shower,187,False,1.0,1.0,0.0
gptoss,order_reversed,reversed_03,Shower,187,False,1.0,1.0,0.0
gptoss,order_reversed,reversed_04,Shower,187,False,1.0,1.0,0.04916666666666666
gptoss,order_reversed,reversed_05,Shower,187,False,1.0,1.0,0.0
gptoss,extracted,,Shower,188,False,0.33333333333333337,0.0,0.056666666666666664
gptoss,default_params,,Shower,188,False,1.0,1.0,0.06
gptoss,extracted_per_run,shippedrun_01,Shower,188,False,0.33333333333333337,0.0,0.08
gptoss,extracted_per_run,shippedrun_02,Shower,188,False,1.0,1.0,0.06
gptoss,extracted_per_run,shippedrun_03,Shower,188,False,0.33333333333333337,0.0,0.08
gptoss,extracted_per_run,shippedrun_04,Shower,188,False,0.33333333333333337,0.0,0.08
gptoss,extracted_per_run,shippedrun_05,Shower,188,False,0.33333333333333337,0.0,0.08
gptoss,order_control,control_01,Shower,188,False,0.33333333333333337,0.0,0.08
gptoss,order_control,control_02,Shower,188,False,0.33333333333333337,0.0,0.08
gptoss,order_control,control_03,Shower,188,False,1.0,1.0,0.06
gptoss,order_reversed,reversed_01,Shower,188,False,0.33333333333333337,0.0,0.08
gptoss,order_reversed,reversed_02,Shower,188,False,1.0,1.0,0.06
gptoss,order_reversed,reversed_03,Shower,188,False,0.33333333333333337,0.0,0.08
gptoss,order_reversed,reversed_04,Shower,188,False,0.33333333333333337,0.0,0.08
gptoss,order_reversed,reversed_05,Shower,188,False,0.33333333333333337,0.0,0.08
gptoss,extracted,,Shower,189,False,0.33333333333333337,1.0,0.005833333333333339
gptoss,default_params,,Shower,189,False,-0.33333333333333337,0.0,0.03166666666666668
gptoss,extracted_per_run,shippedrun_01,Shower,189,False,-0.33333333333333337,0.0,0.03166666666666668
gptoss,extracted_per_run,shippedrun_02,Shower,189,False,0.33333333333333337,1.0,0.026666666666666655
gptoss,extracted_per_run,shippedrun_03,Shower,189,False,-0.33333333333333337,0.0,0.03166666666666668
gptoss,extracted_per_run,shippedrun_04,Shower,189,False,0.33333333333333337,1.0,0.026666666666666655
gptoss,extracted_per_run,shippedrun_05,Shower,189,False,0.33333333333333337,1.0,0.026666666666666655
gptoss,order_control,control_01,Shower,189,False,-0.33333333333333337,0.0,0.03166666666666668
gptoss,order_control,control_02,Shower,189,False,0.33333333333333337,1.0,0.026666666666666655
gptoss,order_control,control_03,Shower,189,False,-0.33333333333333337,0.0,0.03166666666666668
gptoss,order_reversed,reversed_01,Shower,189,False,-0.33333333333333337,0.0,0.03166666666666668
gptoss,order_reversed,reversed_02,Shower,189,False,0.33333333333333337,1.0,0.026666666666666655
gptoss,order_reversed,reversed_03,Shower,189,False,-0.33333333333333337,0.0,0.03166666666666668
gptoss,order_reversed,reversed_04,Shower,189,False,-0.33333333333333337,0.0,0.03166666666666668
gptoss,order_reversed,reversed_05,Shower,189,False,0.33333333333333337,1.0,0.026666666666666655
gptoss,extracted,,Shower,190,False,1.0,1.0,0.0050000000000000044
gptoss,default_params,,Shower,190,False,1.0,1.0,0.0
gptoss,extracted_per_run,shippedrun_01,Shower,190,False,1.0,1.0,0.0
gptoss,extracted_per_run,shippedrun_02,Shower,190,False,0.33333333333333337,0.0,0.02250000000000001
gptoss,extracted_per_run,shippedrun_03,Shower,190,False,1.0,1.0,0.0
gptoss,extracted_per_run,shippedrun_04,Shower,190,False,1.0,1.0,0.0
gptoss,extracted_per_run,shippedrun_05,Shower,190,False,1.0,1.0,0.0
gptoss,order_control,control_01,Shower,190,False,1.0,1.0,0.0
gptoss,order_control,control_02,Shower,190,False,1.0,1.0,0.0
gptoss,order_control,control_03,Shower,190,False,1.0,1.0,0.0
gptoss,order_reversed,reversed_01,Shower,190,False,1.0,1.0,0.0
gptoss,order_reversed,reversed_02,Shower,190,False,1.0,1.0,0.0
gptoss,order_reversed,reversed_03,Shower,190,False,1.0,1.0,0.0
gptoss,order_reversed,reversed_04,Shower,190,False,1.0,1.0,0.0
gptoss,order_reversed,reversed_05,Shower,190,False,1.0,1.0,0.0
gptoss,extracted,,Shower,191,False,1.0,1.0,0.006666666666666672
gptoss,default_params,,Shower,191,False,1.0,1.0,0.0
gptoss,extracted_per_run,shippedrun_01,Shower,191,False,-1.0,0.0,0.04916666666666667
gptoss,extracted_per_run,shippedrun_02,Shower,191,False,1.0,1.0,0.0
gptoss,extracted_per_run,shippedrun_03,Shower,191,False,1.0,1.0,0.0
gptoss,extracted_per_run,shippedrun_04,Shower,191,False,1.0,1.0,0.0
gptoss,extracted_per_run,shippedrun_05,Shower,191,False,1.0,1.0,0.0
gptoss,order_control,control_01,Shower,191,False,-1.0,0.0,0.04916666666666667
gptoss,order_control,control_02,Shower,191,False,1.0,1.0,0.0
gptoss,order_control,control_03,Shower,191,False,1.0,1.0,0.0
gptoss,order_reversed,reversed_01,Shower,191,False,1.0,1.0,0.0
gptoss,order_reversed,reversed_02,Shower,191,False,1.0,1.0,0.0
gptoss,order_reversed,reversed_03,Shower,191,False,1.0,1.0,0.0
gptoss,order_reversed,reversed_04,Shower,191,False,-1.0,0.0,0.04916666666666667
gptoss,order_reversed,reversed_05,Shower,191,False,1.0,1.0,0.0
gptoss,extracted,,Shower,192,False,0.33333333333333337,0.0,0.0050000000000000044
gptoss,default_params,,Shower,192,False,0.33333333333333337,1.0,0.03333333333333335
gptoss,extracted_per_run,shippedrun_01,Shower,192,False,-0.33333333333333337,0.0,0.027499999999999986
gptoss,extracted_per_run,shippedrun_02,Shower,192,False,-0.33333333333333337,0.0,0.027499999999999986
gptoss,extracted_per_run,shippedrun_03,Shower,192,False,-0.33333333333333337,0.0,0.027499999999999986
gptoss,extracted_per_run,shippedrun_04,Shower,192,False,0.33333333333333337,1.0,0.03333333333333335
gptoss,extracted_per_run,shippedrun_05,Shower,192,False,0.33333333333333337,1.0,0.03333333333333335
gptoss,order_control,control_01,Shower,192,False,-0.33333333333333337,0.0,0.027499999999999986
gptoss,order_control,control_02,Shower,192,False,-0.33333333333333337,0.0,0.027499999999999986
gptoss,order_control,control_03,Shower,192,False,0.33333333333333337,1.0,0.03333333333333335
gptoss,order_reversed,reversed_01,Shower,192,False,-0.33333333333333337,0.0,0.027499999999999986
gptoss,order_reversed,reversed_02,Shower,192,False,0.33333333333333337,1.0,0.03333333333333335
gptoss,order_reversed,reversed_03,Shower,192,False,-0.33333333333333337,0.0,0.027499999999999986
gptoss,order_reversed,reversed_04,Shower,192,False,-0.33333333333333337,0.0,0.027499999999999986
gptoss,order_reversed,reversed_05,Shower,192,False,0.33333333333333337,1.0,0.03333333333333335
gptoss,extracted,,Shower,193,False,-1.0,0.0,0.06083333333333333
gptoss,default_params,,Shower,193,False,-1.0,0.0,0.13499999999999998
gptoss,extracted_per_run,shippedrun_01,Shower,193,False,-1.0,0.0,0.13499999999999998
gptoss,extracted_per_run,shippedrun_02,Shower,193,False,0.33333333333333337,0.0,0.04333333333333333
gptoss,extracted_per_run,shippedrun_03,Shower,193,False,0.33333333333333337,0.0,0.04333333333333333
gptoss,extracted_per_run,shippedrun_04,Shower,193,False,0.33333333333333337,0.0,0.04333333333333333
gptoss,extracted_per_run,shippedrun_05,Shower,193,False,0.33333333333333337,0.0,0.04333333333333333
gptoss,order_control,control_01,Shower,193,False,0.33333333333333337,0.0,0.04333333333333333
gptoss,order_control,control_02,Shower,193,False,0.33333333333333337,0.0,0.04333333333333333
gptoss,order_control,control_03,Shower,193,False,0.33333333333333337,0.0,0.04333333333333333
gptoss,order_reversed,reversed_01,Shower,193,False,0.33333333333333337,0.0,0.04333333333333333
gptoss,order_reversed,reversed_02,Shower,193,False,-1.0,0.0,0.13499999999999998
gptoss,order_reversed,reversed_03,Shower,193,False,0.33333333333333337,0.0,0.04333333333333333
gptoss,order_reversed,reversed_04,Shower,193,False,0.33333333333333337,0.0,0.04333333333333333
gptoss,order_reversed,reversed_05,Shower,193,False,0.33333333333333337,0.0,0.04333333333333333
gptoss,extracted,,Shower,194,False,1.0,1.0,0.07083333333333333
gptoss,default_params,,Shower,194,False,1.0,1.0,0.08833333333333333
gptoss,extracted_per_run,shippedrun_01,Shower,194,False,-0.33333333333333337,0.0,0.08833333333333333
gptoss,extracted_per_run,shippedrun_02,Shower,194,False,-0.33333333333333337,0.0,0.08833333333333333
gptoss,extracted_per_run,shippedrun_03,Shower,194,False,1.0,1.0,0.08833333333333333
gptoss,extracted_per_run,shippedrun_04,Shower,194,False,-0.33333333333333337,0.0,0.08833333333333333
gptoss,extracted_per_run,shippedrun_05,Shower,194,False,-0.33333333333333337,0.0,0.08833333333333333
gptoss,order_control,control_01,Shower,194,False,-0.33333333333333337,0.0,0.08833333333333333
gptoss,order_control,control_02,Shower,194,False,-0.33333333333333337,0.0,0.08833333333333333
gptoss,order_control,control_03,Shower,194,False,-0.33333333333333337,0.0,0.08833333333333333
gptoss,order_reversed,reversed_01,Shower,194,False,-0.33333333333333337,0.0,0.08833333333333333
gptoss,order_reversed,reversed_02,Shower,194,False,-0.33333333333333337,0.0,0.08833333333333333
gptoss,order_reversed,reversed_03,Shower,194,False,-0.33333333333333337,0.0,0.08833333333333333
gptoss,order_reversed,reversed_04,Shower,194,False,-0.33333333333333337,0.0,0.08833333333333333
gptoss,order_reversed,reversed_05,Shower,194,False,-0.33333333333333337,0.0,0.08833333333333333
gptoss,extracted,,Shower,195,False,0.33333333333333337,1.0,0.006666666666666672
gptoss,default_params,,Shower,195,False,1.0,1.0,0.03583333333333333
gptoss,extracted_per_run,shippedrun_01,Shower,195,False,1.0,1.0,0.03583333333333333
gptoss,extracted_per_run,shippedrun_02,Shower,195,False,-1.0,0.0,0.03250000000000001
gptoss,extracted_per_run,shippedrun_03,Shower,195,False,-1.0,0.0,0.03250000000000001
gptoss,extracted_per_run,shippedrun_04,Shower,195,False,1.0,1.0,0.03583333333333333
gptoss,extracted_per_run,shippedrun_05,Shower,195,False,-1.0,0.0,0.03250000000000001
gptoss,order_control,control_01,Shower,195,False,1.0,1.0,0.03583333333333333
gptoss,order_control,control_02,Shower,195,False,-1.0,0.0,0.03250000000000001
gptoss,order_control,control_03,Shower,195,False,-1.0,0.0,0.03250000000000001
gptoss,order_reversed,reversed_01,Shower,195,False,1.0,1.0,0.03583333333333333
gptoss,order_reversed,reversed_02,Shower,195,False,1.0,1.0,0.03583333333333333
gptoss,order_reversed,reversed_03,Shower,195,False,-1.0,0.0,0.03250000000000001
gptoss,order_reversed,reversed_04,Shower,195,False,-1.0,0.0,0.03250000000000001
gptoss,order_reversed,reversed_05,Shower,195,False,-1.0,0.0,0.03250000000000001
qwen,extracted,,HVAC,1,False,1.0,1.0,0.00999999999999999
qwen,default_params,,HVAC,1,False,1.0,1.0,0.01166666666666664
qwen,extracted_per_run,shippedrun_01,HVAC,1,False,1.0,1.0,0.009999999999999972
qwen,extracted_per_run,shippedrun_02,HVAC,1,False,1.0,1.0,0.020833333333333332
qwen,extracted_per_run,shippedrun_03,HVAC,1,False,1.0,1.0,0.00999999999999999
qwen,extracted_per_run,shippedrun_04,HVAC,1,False,1.0,1.0,0.014999999999999994
qwen,extracted_per_run,shippedrun_05,HVAC,1,False,1.0,1.0,0.012499999999999992
qwen,order_control,control_01,HVAC,1,False,1.0,1.0,0.012499999999999992
qwen,order_control,control_02,HVAC,1,False,1.0,1.0,0.00999999999999999
qwen,order_control,control_03,HVAC,1,False,1.0,1.0,0.00999999999999999
qwen,order_reversed,reversed_01,HVAC,1,False,1.0,1.0,0.00999999999999999
qwen,order_reversed,reversed_02,HVAC,1,False,1.0,1.0,0.00999999999999999
qwen,order_reversed,reversed_03,HVAC,1,False,1.0,1.0,0.00999999999999999
qwen,order_reversed,reversed_04,HVAC,1,False,1.0,1.0,0.010000000000000009
qwen,order_reversed,reversed_05,HVAC,1,False,1.0,1.0,0.00999999999999999
qwen,extracted,,HVAC,2,False,1.0,1.0,0.02999999999999999
qwen,default_params,,HVAC,2,False,1.0,1.0,0.03249999999999998
qwen,extracted_per_run,shippedrun_01,HVAC,2,False,1.0,1.0,0.019166666666666665
qwen,extracted_per_run,shippedrun_02,HVAC,2,False,1.0,1.0,0.05833333333333333
qwen,extracted_per_run,shippedrun_03,HVAC,2,False,1.0,1.0,0.019166666666666665
qwen,extracted_per_run,shippedrun_04,HVAC,2,False,1.0,1.0,0.019166666666666665
qwen,extracted_per_run,shippedrun_05,HVAC,2,False,1.0,1.0,0.05833333333333333
qwen,order_control,control_01,HVAC,2,False,1.0,1.0,0.019166666666666665
qwen,order_control,control_02,HVAC,2,False,1.0,1.0,0.019166666666666665
qwen,order_control,control_03,HVAC,2,False,1.0,1.0,0.019166666666666665
qwen,order_reversed,reversed_01,HVAC,2,False,1.0,1.0,0.019166666666666665
qwen,order_reversed,reversed_02,HVAC,2,False,1.0,1.0,0.019166666666666665
qwen,order_reversed,reversed_03,HVAC,2,False,1.0,1.0,0.019166666666666665
qwen,order_reversed,reversed_04,HVAC,2,False,1.0,1.0,0.019166666666666665
qwen,order_reversed,reversed_05,HVAC,2,False,1.0,1.0,0.019166666666666665
qwen,extracted,,HVAC,3,False,1.0,1.0,0.027500000000000007
qwen,default_params,,HVAC,3,False,1.0,1.0,0.04833333333333333
qwen,extracted_per_run,shippedrun_01,HVAC,3,False,1.0,1.0,0.025000000000000005
qwen,extracted_per_run,shippedrun_02,HVAC,3,False,1.0,1.0,0.03250000000000001
qwen,extracted_per_run,shippedrun_03,HVAC,3,False,1.0,1.0,0.025000000000000005
qwen,extracted_per_run,shippedrun_04,HVAC,3,False,1.0,1.0,0.025000000000000005
qwen,extracted_per_run,shippedrun_05,HVAC,3,False,1.0,1.0,0.025000000000000005
qwen,order_control,control_01,HVAC,3,False,1.0,1.0,0.0425
qwen,order_control,control_02,HVAC,3,False,1.0,1.0,0.025000000000000005
qwen,order_control,control_03,HVAC,3,False,1.0,1.0,0.0325
qwen,order_reversed,reversed_01,HVAC,3,False,1.0,1.0,0.024999999999999994
qwen,order_reversed,reversed_02,HVAC,3,False,1.0,1.0,0.025000000000000005
qwen,order_reversed,reversed_03,HVAC,3,False,1.0,1.0,0.03250000000000001
qwen,order_reversed,reversed_04,HVAC,3,False,1.0,1.0,0.0425
qwen,order_reversed,reversed_05,HVAC,3,False,1.0,1.0,0.0325
qwen,extracted,,HVAC,4,False,1.0,1.0,0.009166666666666675
qwen,default_params,,HVAC,4,False,1.0,1.0,0.043333333333333335
qwen,extracted_per_run,shippedrun_01,HVAC,4,False,1.0,1.0,0.005833333333333339
qwen,extracted_per_run,shippedrun_02,HVAC,4,False,1.0,1.0,0.005833333333333339
qwen,extracted_per_run,shippedrun_03,HVAC,4,False,1.0,1.0,0.021666666666666667
qwen,extracted_per_run,shippedrun_04,HVAC,4,False,1.0,1.0,0.005833333333333339
qwen,extracted_per_run,shippedrun_05,HVAC,4,False,1.0,1.0,0.005833333333333339
qwen,order_control,control_01,HVAC,4,False,1.0,1.0,0.01583333333333335
qwen,order_control,control_02,HVAC,4,False,1.0,1.0,0.005833333333333339
qwen,order_control,control_03,HVAC,4,False,1.0,1.0,0.005833333333333339
qwen,order_reversed,reversed_01,HVAC,4,False,1.0,1.0,0.05166666666666667
qwen,order_reversed,reversed_02,HVAC,4,False,1.0,1.0,0.041666666666666664
qwen,order_reversed,reversed_03,HVAC,4,False,1.0,1.0,0.05166666666666667
qwen,order_reversed,reversed_04,HVAC,4,False,1.0,1.0,0.01583333333333335
qwen,order_reversed,reversed_05,HVAC,4,False,1.0,1.0,0.01583333333333335
qwen,extracted,,HVAC,5,False,1.0,1.0,0.037500000000000006
qwen,default_params,,HVAC,5,False,0.33333333333333337,1.0,0.020833333333333325
qwen,extracted_per_run,shippedrun_01,HVAC,5,False,1.0,1.0,0.030833333333333334
qwen,extracted_per_run,shippedrun_02,HVAC,5,False,1.0,1.0,0.040833333333333326
qwen,extracted_per_run,shippedrun_03,HVAC,5,False,1.0,1.0,0.05249999999999999
qwen,extracted_per_run,shippedrun_04,HVAC,5,False,0.33333333333333337,1.0,0.02416666666666667
qwen,extracted_per_run,shippedrun_05,HVAC,5,False,1.0,1.0,0.030833333333333334
qwen,order_control,control_01,HVAC,5,False,1.0,1.0,0.040833333333333326
qwen,order_control,control_02,HVAC,5,False,1.0,1.0,0.030833333333333334
qwen,order_control,control_03,HVAC,5,False,1.0,1.0,0.030833333333333334
qwen,order_reversed,reversed_01,HVAC,5,False,1.0,1.0,0.035833333333333335
qwen,order_reversed,reversed_02,HVAC,5,False,1.0,1.0,0.045833333333333316
qwen,order_reversed,reversed_03,HVAC,5,False,1.0,1.0,0.035833333333333335
qwen,order_reversed,reversed_04,HVAC,5,False,1.0,1.0,0.027500000000000007
qwen,order_reversed,reversed_05,HVAC,5,False,1.0,1.0,0.040833333333333326
qwen,extracted,,HVAC,6,False,1.0,1.0,0.019166666666666655
qwen,default_params,,HVAC,6,False,1.0,1.0,0.08249999999999999
qwen,extracted_per_run,shippedrun_01,HVAC,6,False,1.0,1.0,0.04333333333333336
qwen,extracted_per_run,shippedrun_02,HVAC,6,False,0.33333333333333337,0.0,0.07833333333333332
qwen,extracted_per_run,shippedrun_03,HVAC,6,False,0.33333333333333337,0.0,0.07333333333333332
qwen,extracted_per_run,shippedrun_04,HVAC,6,False,0.33333333333333337,0.0,0.07833333333333332
qwen,extracted_per_run,shippedrun_05,HVAC,6,False,0.33333333333333337,0.0,0.07833333333333332
qwen,order_control,control_01,HVAC,6,False,0.33333333333333337,0.0,0.08333333333333333
qwen,order_control,control_02,HVAC,6,False,0.33333333333333337,0.0,0.08749999999999998
qwen,order_control,control_03,HVAC,6,False,0.33333333333333337,0.0,0.07833333333333332
qwen,order_reversed,reversed_01,HVAC,6,False,0.33333333333333337,0.0,0.08333333333333333
qwen,order_reversed,reversed_02,HVAC,6,False,0.33333333333333337,0.0,0.07833333333333332
qwen,order_reversed,reversed_03,HVAC,6,False,1.0,1.0,0.06499999999999997
qwen,order_reversed,reversed_04,HVAC,6,False,-1.0,0.0,0.24083333333333334
qwen,order_reversed,reversed_05,HVAC,6,False,0.33333333333333337,0.0,0.08333333333333333
qwen,extracted,,HVAC,7,False,1.0,1.0,0.03999999999999996
qwen,default_params,,HVAC,7,False,1.0,1.0,0.12666666666666668
qwen,extracted_per_run,shippedrun_01,HVAC,7,False,1.0,1.0,0.0733333333333333
qwen,extracted_per_run,shippedrun_02,HVAC,7,False,1.0,1.0,0.09416666666666662
qwen,extracted_per_run,shippedrun_03,HVAC,7,False,1.0,1.0,0.08083333333333331
qwen,extracted_per_run,shippedrun_04,HVAC,7,False,1.0,1.0,0.30249999999999994
qwen,extracted_per_run,shippedrun_05,HVAC,7,False,1.0,1.0,0.30249999999999994
qwen,order_control,control_01,HVAC,7,False,-1.0,0.0,0.23833333333333337
qwen,order_control,control_02,HVAC,7,False,1.0,1.0,0.30749999999999994
qwen,order_control,control_03,HVAC,7,False,1.0,1.0,0.08083333333333331
qwen,order_reversed,reversed_01,HVAC,7,False,1.0,1.0,0.31
qwen,order_reversed,reversed_02,HVAC,7,False,1.0,1.0,0.0733333333333333
qwen,order_reversed,reversed_03,HVAC,7,False,1.0,1.0,0.0733333333333333
qwen,order_reversed,reversed_04,HVAC,7,False,1.0,1.0,0.0733333333333333
qwen,order_reversed,reversed_05,HVAC,7,False,1.0,1.0,0.30249999999999994
qwen,extracted,,HVAC,8,False,1.0,1.0,0.00583333333333332
qwen,default_params,,HVAC,8,False,1.0,1.0,0.01166666666666664
qwen,extracted_per_run,shippedrun_01,HVAC,8,False,1.0,1.0,0.010833333333333315
qwen,extracted_per_run,shippedrun_02,HVAC,8,False,1.0,1.0,0.010833333333333315
qwen,extracted_per_run,shippedrun_03,HVAC,8,False,1.0,1.0,0.010833333333333306
qwen,extracted_per_run,shippedrun_04,HVAC,8,False,1.0,1.0,0.004999999999999995
qwen,extracted_per_run,shippedrun_05,HVAC,8,False,1.0,1.0,0.010833333333333325
qwen,order_control,control_01,HVAC,8,False,1.0,1.0,0.010833333333333315
qwen,order_control,control_02,HVAC,8,False,1.0,1.0,0.010833333333333315
qwen,order_control,control_03,HVAC,8,False,1.0,1.0,0.010833333333333315
qwen,order_reversed,reversed_01,HVAC,8,False,1.0,1.0,0.010833333333333315
qwen,order_reversed,reversed_02,HVAC,8,False,1.0,1.0,0.010833333333333315
qwen,order_reversed,reversed_03,HVAC,8,False,1.0,1.0,0.010833333333333315
qwen,order_reversed,reversed_04,HVAC,8,False,1.0,1.0,0.02166666666666665
qwen,order_reversed,reversed_05,HVAC,8,False,1.0,1.0,0.016666666666666663
qwen,extracted,,HVAC,9,False,1.0,1.0,0.03000000000000001
qwen,default_params,,HVAC,9,False,1.0,1.0,0.04083333333333335
qwen,extracted_per_run,shippedrun_01,HVAC,9,False,1.0,1.0,0.07500000000000001
qwen,extracted_per_run,shippedrun_02,HVAC,9,False,1.0,1.0,0.023333333333333334
qwen,extracted_per_run,shippedrun_03,HVAC,9,False,1.0,1.0,0.023333333333333334
qwen,extracted_per_run,shippedrun_04,HVAC,9,False,1.0,1.0,0.023333333333333334
qwen,extracted_per_run,shippedrun_05,HVAC,9,False,1.0,1.0,0.023333333333333334
qwen,order_control,control_01,HVAC,9,False,1.0,1.0,0.023333333333333334
qwen,order_control,control_02,HVAC,9,False,1.0,1.0,0.01833333333333333
qwen,order_control,control_03,HVAC,9,False,1.0,1.0,0.023333333333333334
qwen,order_reversed,reversed_01,HVAC,9,False,1.0,1.0,0.06166666666666668
qwen,order_reversed,reversed_02,HVAC,9,False,1.0,1.0,0.01833333333333333
qwen,order_reversed,reversed_03,HVAC,9,False,1.0,1.0,0.023333333333333334
qwen,order_reversed,reversed_04,HVAC,9,False,1.0,1.0,0.023333333333333334
qwen,order_reversed,reversed_05,HVAC,9,False,1.0,1.0,0.023333333333333334
qwen,extracted,,HVAC,10,False,1.0,1.0,0.010833333333333342
qwen,default_params,,HVAC,10,False,1.0,1.0,0.020000000000000018
qwen,extracted_per_run,shippedrun_01,HVAC,10,False,1.0,1.0,0.009166666666666675
qwen,extracted_per_run,shippedrun_02,HVAC,10,False,1.0,1.0,0.03833333333333334
qwen,extracted_per_run,shippedrun_03,HVAC,10,False,1.0,1.0,0.006666666666666672
qwen,extracted_per_run,shippedrun_04,HVAC,10,False,1.0,1.0,0.007500000000000007
qwen,extracted_per_run,shippedrun_05,HVAC,10,False,1.0,1.0,0.009166666666666675
qwen,order_control,control_01,HVAC,10,False,1.0,1.0,0.009166666666666675
qwen,order_control,control_02,HVAC,10,False,1.0,1.0,0.009166666666666675
qwen,order_control,control_03,HVAC,10,False,1.0,1.0,0.009166666666666675
qwen,order_reversed,reversed_01,HVAC,10,False,1.0,1.0,0.007500000000000007
qwen,order_reversed,reversed_02,HVAC,10,False,1.0,1.0,0.0050000000000000044
qwen,order_reversed,reversed_03,HVAC,10,False,1.0,1.0,0.03500000000000001
qwen,order_reversed,reversed_04,HVAC,10,False,1.0,1.0,0.009166666666666675
qwen,order_reversed,reversed_05,HVAC,10,False,1.0,1.0,0.007500000000000007
qwen,extracted,,HVAC,11,False,1.0,1.0,0.012500000000000002
qwen,default_params,,HVAC,11,False,1.0,1.0,0.07166666666666667
qwen,extracted_per_run,shippedrun_01,HVAC,11,False,1.0,1.0,0.010000000000000009
qwen,extracted_per_run,shippedrun_02,HVAC,11,False,1.0,1.0,0.020833333333333325
qwen,extracted_per_run,shippedrun_03,HVAC,11,False,1.0,1.0,0.016666666666666663
qwen,extracted_per_run,shippedrun_04,HVAC,11,False,1.0,1.0,0.010000000000000009
qwen,extracted_per_run,shippedrun_05,HVAC,11,False,1.0,1.0,0.010000000000000009
qwen,order_control,control_01,HVAC,11,False,1.0,1.0,0.020833333333333325
qwen,order_control,control_02,HVAC,11,False,1.0,1.0,0.010000000000000009
qwen,order_control,control_03,HVAC,11,False,1.0,1.0,0.010000000000000009
qwen,order_reversed,reversed_01,HVAC,11,False,1.0,1.0,0.016666666666666663
qwen,order_reversed,reversed_02,HVAC,11,False,1.0,1.0,0.010000000000000009
qwen,order_reversed,reversed_03,HVAC,11,False,1.0,1.0,0.022500000000000003
qwen,order_reversed,reversed_04,HVAC,11,False,1.0,1.0,0.02666666666666666
qwen,order_reversed,reversed_05,HVAC,11,False,1.0,1.0,0.016666666666666663
qwen,extracted,,HVAC,12,False,1.0,1.0,0.02166666666666665
qwen,default_params,,HVAC,12,False,1.0,1.0,0.053333333333333295
qwen,extracted_per_run,shippedrun_01,HVAC,12,False,1.0,1.0,0.02749999999999998
qwen,extracted_per_run,shippedrun_02,HVAC,12,False,1.0,1.0,0.022499999999999975
qwen,extracted_per_run,shippedrun_03,HVAC,12,False,1.0,1.0,0.01583333333333335
qwen,extracted_per_run,shippedrun_04,HVAC,12,False,1.0,1.0,0.017499999999999977
qwen,extracted_per_run,shippedrun_05,HVAC,12,False,1.0,1.0,0.02749999999999998
qwen,order_control,control_01,HVAC,12,False,1.0,1.0,0.022499999999999975
qwen,order_control,control_02,HVAC,12,False,1.0,1.0,0.022499999999999975
qwen,order_control,control_03,HVAC,12,False,1.0,1.0,0.01583333333333335
qwen,order_reversed,reversed_01,HVAC,12,False,1.0,1.0,0.022499999999999975
qwen,order_reversed,reversed_02,HVAC,12,False,1.0,1.0,0.01416666666666668
qwen,order_reversed,reversed_03,HVAC,12,False,1.0,1.0,0.022499999999999975
qwen,order_reversed,reversed_04,HVAC,12,False,1.0,1.0,0.017499999999999977
qwen,order_reversed,reversed_05,HVAC,12,False,1.0,1.0,0.01416666666666668
qwen,extracted,,HVAC,13,False,1.0,1.0,0.05749999999999997
qwen,default_params,,HVAC,13,False,1.0,1.0,0.10416666666666667
qwen,extracted_per_run,shippedrun_01,HVAC,13,False,1.0,1.0,0.043333333333333286
qwen,extracted_per_run,shippedrun_02,HVAC,13,False,1.0,1.0,0.04250000000000001
qwen,extracted_per_run,shippedrun_03,HVAC,13,False,1.0,1.0,0.13749999999999996
qwen,extracted_per_run,shippedrun_04,HVAC,13,False,1.0,1.0,0.13749999999999996
qwen,extracted_per_run,shippedrun_05,HVAC,13,False,1.0,1.0,0.10499999999999998
qwen,order_control,control_01,HVAC,13,False,1.0,1.0,0.10499999999999998
qwen,order_control,control_02,HVAC,13,False,1.0,1.0,0.009999999999999981
qwen,order_control,control_03,HVAC,13,False,1.0,1.0,0.12
qwen,order_reversed,reversed_01,HVAC,13,False,1.0,1.0,0.13749999999999996
qwen,order_reversed,reversed_02,HVAC,13,False,1.0,1.0,0.07249999999999998
qwen,order_reversed,reversed_03,HVAC,13,False,1.0,1.0,0.032499999999999966
qwen,order_reversed,reversed_04,HVAC,13,False,1.0,1.0,0.17583333333333329
qwen,order_reversed,reversed_05,HVAC,13,False,1.0,1.0,0.14249999999999996
qwen,extracted,,HVAC,14,False,1.0,1.0,0.028333333333333283
qwen,default_params,,HVAC,14,False,1.0,1.0,0.07166666666666664
qwen,extracted_per_run,shippedrun_01,HVAC,14,False,1.0,1.0,0.03166666666666662
qwen,extracted_per_run,shippedrun_02,HVAC,14,False,1.0,1.0,0.02583333333333328
qwen,extracted_per_run,shippedrun_03,HVAC,14,False,1.0,1.0,0.02333333333333328
qwen,extracted_per_run,shippedrun_04,HVAC,14,False,1.0,1.0,0.03416666666666662
qwen,extracted_per_run,shippedrun_05,HVAC,14,False,1.0,1.0,0.03416666666666662
qwen,order_control,control_01,HVAC,14,False,1.0,1.0,0.03749999999999996
qwen,order_control,control_02,HVAC,14,False,1.0,1.0,0.02166666666666663
qwen,order_control,control_03,HVAC,14,False,1.0,1.0,0.02166666666666663
qwen,order_reversed,reversed_01,HVAC,14,False,1.0,1.0,0.03749999999999996
qwen,order_reversed,reversed_02,HVAC,14,False,1.0,1.0,0.026666666666666634
qwen,order_reversed,reversed_03,HVAC,14,False,1.0,1.0,0.028333333333333283
qwen,order_reversed,reversed_04,HVAC,14,False,1.0,1.0,0.03166666666666662
qwen,order_reversed,reversed_05,HVAC,14,False,1.0,1.0,0.015833333333333293
qwen,extracted,,HVAC,15,False,-0.33333333333333337,0.0,0.21166666666666667
qwen,default_params,,HVAC,15,False,1.0,1.0,0.06500000000000002
qwen,extracted_per_run,shippedrun_01,HVAC,15,False,-0.33333333333333337,0.0,0.1975
qwen,extracted_per_run,shippedrun_02,HVAC,15,False,-0.33333333333333337,0.0,0.21166666666666667
qwen,extracted_per_run,shippedrun_03,HVAC,15,False,-0.33333333333333337,0.0,0.21166666666666667
qwen,extracted_per_run,shippedrun_04,HVAC,15,False,-0.33333333333333337,0.0,0.21166666666666667
qwen,extracted_per_run,shippedrun_05,HVAC,15,False,-0.33333333333333337,0.0,0.21166666666666667
qwen,order_control,control_01,HVAC,15,False,-0.33333333333333337,0.0,0.1975
qwen,order_control,control_02,HVAC,15,False,1.0,1.0,0.04583333333333334
qwen,order_control,control_03,HVAC,15,False,-1.0,0.0,0.23833333333333329
qwen,order_reversed,reversed_01,HVAC,15,False,-0.33333333333333337,0.0,0.1975
qwen,order_reversed,reversed_02,HVAC,15,False,1.0,1.0,0.056666666666666664
qwen,order_reversed,reversed_03,HVAC,15,False,-0.33333333333333337,0.0,0.1975
qwen,order_reversed,reversed_04,HVAC,15,False,-0.33333333333333337,0.0,0.1975
qwen,order_reversed,reversed_05,HVAC,15,False,1.0,1.0,0.03916666666666666
qwen,extracted,,HVAC,16,False,1.0,1.0,0.029166666666666674
qwen,default_params,,HVAC,16,False,1.0,1.0,0.05916666666666665
qwen,extracted_per_run,shippedrun_01,HVAC,16,False,0.33333333333333337,1.0,0.1025
qwen,extracted_per_run,shippedrun_02,HVAC,16,False,0.33333333333333337,0.0,0.3383333333333334
qwen,extracted_per_run,shippedrun_03,HVAC,16,False,1.0,1.0,0.045000000000000005
qwen,extracted_per_run,shippedrun_04,HVAC,16,False,1.0,1.0,0.0025000000000000022
qwen,extracted_per_run,shippedrun_05,HVAC,16,False,1.0,1.0,0.04083333333333333
qwen,order_control,control_01,HVAC,16,False,1.0,1.0,0.03666666666666666
qwen,order_control,control_02,HVAC,16,False,1.0,1.0,0.045000000000000005
qwen,order_control,control_03,HVAC,16,False,0.33333333333333337,0.0,0.3383333333333334
qwen,order_reversed,reversed_01,HVAC,16,False,1.0,1.0,0.07583333333333334
qwen,order_reversed,reversed_02,HVAC,16,False,1.0,1.0,0.0025000000000000022
qwen,order_reversed,reversed_03,HVAC,16,False,0.33333333333333337,0.0,0.3383333333333334
qwen,order_reversed,reversed_04,HVAC,16,False,1.0,1.0,0.007500000000000007
qwen,order_reversed,reversed_05,HVAC,16,False,1.0,1.0,0.0025000000000000022
qwen,extracted,,HVAC,17,False,1.0,1.0,0.026666666666666672
qwen,default_params,,HVAC,17,False,1.0,1.0,0.07583333333333335
qwen,extracted_per_run,shippedrun_01,HVAC,17,False,1.0,1.0,0.027500000000000007
qwen,extracted_per_run,shippedrun_02,HVAC,17,False,1.0,1.0,0.02749999999999998
qwen,extracted_per_run,shippedrun_03,HVAC,17,False,1.0,1.0,0.02
qwen,extracted_per_run,shippedrun_04,HVAC,17,False,1.0,1.0,0.03666666666666665
qwen,extracted_per_run,shippedrun_05,HVAC,17,False,1.0,1.0,0.02749999999999998
qwen,order_control,control_01,HVAC,17,False,1.0,1.0,0.03416666666666668
qwen,order_control,control_02,HVAC,17,False,1.0,1.0,0.03249999999999998
qwen,order_control,control_03,HVAC,17,False,1.0,1.0,0.06833333333333332
qwen,order_reversed,reversed_01,HVAC,17,False,1.0,1.0,0.022499999999999975
qwen,order_reversed,reversed_02,HVAC,17,False,1.0,1.0,0.03666666666666665
qwen,order_reversed,reversed_03,HVAC,17,False,1.0,1.0,0.03416666666666668
qwen,order_reversed,reversed_04,HVAC,17,False,1.0,1.0,0.05250000000000001
qwen,order_reversed,reversed_05,HVAC,17,False,1.0,1.0,0.022500000000000003
qwen,extracted,,HVAC,18,False,1.0,1.0,0.050833333333333314
qwen,default_params,,HVAC,18,False,1.0,1.0,0.05000000000000004
qwen,extracted_per_run,shippedrun_01,HVAC,18,False,1.0,1.0,0.02833333333333332
qwen,extracted_per_run,shippedrun_02,HVAC,18,False,1.0,1.0,0.02999999999999998
qwen,extracted_per_run,shippedrun_03,HVAC,18,False,1.0,1.0,0.065
qwen,extracted_per_run,shippedrun_04,HVAC,18,False,1.0,1.0,0.03916666666666665
qwen,extracted_per_run,shippedrun_05,HVAC,18,False,1.0,1.0,0.025000000000000012
qwen,order_control,control_01,HVAC,18,False,1.0,1.0,0.013333333333333327
qwen,order_control,control_02,HVAC,18,False,1.0,1.0,0.02999999999999998
qwen,order_control,control_03,HVAC,18,False,1.0,1.0,0.020833333333333315
qwen,order_reversed,reversed_01,HVAC,18,False,1.0,1.0,0.0625
qwen,order_reversed,reversed_02,HVAC,18,False,1.0,1.0,0.025000000000000012
qwen,order_reversed,reversed_03,HVAC,18,False,1.0,1.0,0.025000000000000012
qwen,order_reversed,reversed_04,HVAC,18,False,1.0,1.0,0.01583333333333335
qwen,order_reversed,reversed_05,HVAC,18,False,1.0,1.0,0.02999999999999998
qwen,extracted,,HVAC,19,False,1.0,1.0,0.05000000000000001
qwen,default_params,,HVAC,19,False,1.0,1.0,0.065
qwen,extracted_per_run,shippedrun_01,HVAC,19,False,1.0,1.0,0.05833333333333333
qwen,extracted_per_run,shippedrun_02,HVAC,19,False,1.0,1.0,0.04333333333333334
qwen,extracted_per_run,shippedrun_03,HVAC,19,False,1.0,1.0,0.037500000000000006
qwen,extracted_per_run,shippedrun_04,HVAC,19,False,1.0,1.0,0.06333333333333334
qwen,extracted_per_run,shippedrun_05,HVAC,19,False,1.0,1.0,0.05333333333333335
qwen,order_control,control_01,HVAC,19,False,1.0,1.0,0.023333333333333334
qwen,order_control,control_02,HVAC,19,False,1.0,1.0,0.04333333333333334
qwen,order_control,control_03,HVAC,19,False,1.0,1.0,0.035833333333333335
qwen,order_reversed,reversed_01,HVAC,19,False,1.0,1.0,0.035
qwen,order_reversed,reversed_02,HVAC,19,False,1.0,1.0,0.023333333333333334
qwen,order_reversed,reversed_03,HVAC,19,False,1.0,1.0,0.06833333333333334
qwen,order_reversed,reversed_04,HVAC,19,False,1.0,1.0,0.013333333333333336
qwen,order_reversed,reversed_05,HVAC,19,False,1.0,1.0,0.05833333333333333
qwen,extracted,,HVAC,20,False,1.0,1.0,0.07583333333333332
qwen,default_params,,HVAC,20,False,1.0,1.0,0.0325
qwen,extracted_per_run,shippedrun_01,HVAC,20,False,1.0,1.0,0.12583333333333335
qwen,extracted_per_run,shippedrun_02,HVAC,20,False,1.0,1.0,0.05833333333333333
qwen,extracted_per_run,shippedrun_03,HVAC,20,False,1.0,1.0,0.05833333333333333
qwen,extracted_per_run,shippedrun_04,HVAC,20,False,1.0,1.0,0.07583333333333335
qwen,extracted_per_run,shippedrun_05,HVAC,20,False,1.0,1.0,0.07333333333333335
qwen,order_control,control_01,HVAC,20,False,1.0,1.0,0.06083333333333333
qwen,order_control,control_02,HVAC,20,False,1.0,1.0,0.12833333333333335
qwen,order_control,control_03,HVAC,20,False,1.0,1.0,0.09999999999999999
qwen,order_reversed,reversed_01,HVAC,20,False,1.0,1.0,0.07333333333333335
qwen,order_reversed,reversed_02,HVAC,20,False,1.0,1.0,0.05833333333333333
qwen,order_reversed,reversed_03,HVAC,20,False,1.0,1.0,0.07333333333333335
qwen,order_reversed,reversed_04,HVAC,20,False,1.0,1.0,0.07583333333333335
qwen,order_reversed,reversed_05,HVAC,20,False,1.0,1.0,0.05833333333333333
qwen,extracted,,HVAC,21,False,1.0,1.0,0.05000000000000001
qwen,default_params,,HVAC,21,False,1.0,1.0,0.0825
qwen,extracted_per_run,shippedrun_01,HVAC,21,False,1.0,1.0,0.03500000000000001
qwen,extracted_per_run,shippedrun_02,HVAC,21,False,1.0,1.0,0.037500000000000006
qwen,extracted_per_run,shippedrun_03,HVAC,21,False,1.0,1.0,0.07666666666666667
qwen,extracted_per_run,shippedrun_04,HVAC,21,True,,,
qwen,extracted_per_run,shippedrun_05,HVAC,21,False,1.0,1.0,0.03250000000000001
qwen,order_control,control_01,HVAC,21,False,1.0,1.0,0.03500000000000001
qwen,order_control,control_02,HVAC,21,False,1.0,1.0,0.03250000000000001
qwen,order_control,control_03,HVAC,21,False,0.33333333333333337,0.0,0.3125
qwen,order_reversed,reversed_01,HVAC,21,False,0.33333333333333337,0.0,0.3125
qwen,order_reversed,reversed_02,HVAC,21,False,1.0,1.0,0.07666666666666667
qwen,order_reversed,reversed_03,HVAC,21,False,1.0,1.0,0.03250000000000001
qwen,order_reversed,reversed_04,HVAC,21,False,1.0,1.0,0.07666666666666667
qwen,order_reversed,reversed_05,HVAC,21,False,0.33333333333333337,0.0,0.3125
qwen,extracted,,HVAC,22,False,1.0,1.0,0.03166666666666667
qwen,default_params,,HVAC,22,False,1.0,1.0,0.01666666666666666
qwen,extracted_per_run,shippedrun_01,HVAC,22,False,1.0,1.0,0.036666666666666674
qwen,extracted_per_run,shippedrun_02,HVAC,22,False,1.0,1.0,0.036666666666666674
qwen,extracted_per_run,shippedrun_03,HVAC,22,False,1.0,1.0,0.03
qwen,extracted_per_run,shippedrun_04,HVAC,22,False,1.0,1.0,0.02583333333333333
qwen,extracted_per_run,shippedrun_05,HVAC,22,False,1.0,1.0,0.03
qwen,order_control,control_01,HVAC,22,False,1.0,1.0,0.02583333333333333
qwen,order_control,control_02,HVAC,22,False,1.0,1.0,0.03
qwen,order_control,control_03,HVAC,22,False,1.0,1.0,0.02583333333333333
qwen,order_reversed,reversed_01,HVAC,22,False,1.0,1.0,0.010833333333333342
qwen,order_reversed,reversed_02,HVAC,22,False,1.0,1.0,0.010833333333333342
qwen,order_reversed,reversed_03,HVAC,22,False,1.0,1.0,0.036666666666666674
qwen,order_reversed,reversed_04,HVAC,22,False,1.0,1.0,0.02583333333333333
qwen,order_reversed,reversed_05,HVAC,22,False,1.0,1.0,0.02583333333333333
qwen,extracted,,HVAC,23,False,1.0,1.0,0.09000000000000001
qwen,default_params,,HVAC,23,False,1.0,1.0,0.02833333333333334
qwen,extracted_per_run,shippedrun_01,HVAC,23,False,1.0,1.0,0.10583333333333332
qwen,extracted_per_run,shippedrun_02,HVAC,23,False,1.0,1.0,0.08166666666666667
qwen,extracted_per_run,shippedrun_03,HVAC,23,False,1.0,1.0,0.10583333333333332
qwen,extracted_per_run,shippedrun_04,HVAC,23,False,1.0,1.0,0.08166666666666667
qwen,extracted_per_run,shippedrun_05,HVAC,23,False,1.0,1.0,0.08166666666666667
qwen,order_control,control_01,HVAC,23,False,1.0,1.0,0.08166666666666667
qwen,order_control,control_02,HVAC,23,False,1.0,1.0,0.1366666666666667
qwen,order_control,control_03,HVAC,23,False,1.0,1.0,0.1366666666666667
qwen,order_reversed,reversed_01,HVAC,23,False,1.0,1.0,0.08166666666666667
qwen,order_reversed,reversed_02,HVAC,23,False,1.0,1.0,0.08166666666666667
qwen,order_reversed,reversed_03,HVAC,23,False,1.0,1.0,0.08166666666666667
qwen,order_reversed,reversed_04,HVAC,23,False,1.0,1.0,0.06833333333333334
qwen,order_reversed,reversed_05,HVAC,23,False,1.0,1.0,0.08166666666666667
qwen,extracted,,HVAC,24,False,0.33333333333333337,0.0,0.060000000000000005
qwen,default_params,,HVAC,24,False,1.0,1.0,0.0375
qwen,extracted_per_run,shippedrun_01,HVAC,24,False,-1.0,0.0,0.215
qwen,extracted_per_run,shippedrun_02,HVAC,24,False,-0.33333333333333337,0.0,0.10083333333333333
qwen,extracted_per_run,shippedrun_03,HVAC,24,False,-0.33333333333333337,0.0,0.10083333333333333
qwen,extracted_per_run,shippedrun_04,HVAC,24,False,1.0,1.0,0.03333333333333333
qwen,extracted_per_run,shippedrun_05,HVAC,24,False,-0.33333333333333337,0.0,0.10083333333333333
qwen,order_control,control_01,HVAC,24,False,-1.0,0.0,0.215
qwen,order_control,control_02,HVAC,24,False,-1.0,0.0,0.16749999999999998
qwen,order_control,control_03,HVAC,24,False,1.0,1.0,0.04416666666666668
qwen,order_reversed,reversed_01,HVAC,24,False,1.0,1.0,0.04583333333333333
qwen,order_reversed,reversed_02,HVAC,24,False,1.0,1.0,0.04416666666666668
qwen,order_reversed,reversed_03,HVAC,24,False,-1.0,0.0,0.215
qwen,order_reversed,reversed_04,HVAC,24,False,-1.0,0.0,0.18583333333333332
qwen,order_reversed,reversed_05,HVAC,24,False,-1.0,0.0,0.215
qwen,extracted,,HVAC,25,False,1.0,1.0,0.014166666666666675
qwen,default_params,,HVAC,25,False,1.0,1.0,0.027499999999999997
qwen,extracted_per_run,shippedrun_01,HVAC,25,False,1.0,1.0,0.0033333333333333223
qwen,extracted_per_run,shippedrun_02,HVAC,25,False,1.0,1.0,0.005833333333333334
qwen,extracted_per_run,shippedrun_03,HVAC,25,False,1.0,1.0,0.005833333333333334
qwen,extracted_per_run,shippedrun_04,HVAC,25,False,1.0,1.0,0.034999999999999996
qwen,extracted_per_run,shippedrun_05,HVAC,25,False,1.0,1.0,0.02416666666666667
qwen,order_control,control_01,HVAC,25,False,1.0,1.0,0.005833333333333334
qwen,order_control,control_02,HVAC,25,False,1.0,1.0,0.005833333333333334
qwen,order_control,control_03,HVAC,25,False,1.0,1.0,0.015833333333333324
qwen,order_reversed,reversed_01,HVAC,25,False,1.0,1.0,0.01666666666666666
qwen,order_reversed,reversed_02,HVAC,25,False,1.0,1.0,0.005833333333333334
qwen,order_reversed,reversed_03,HVAC,25,False,1.0,1.0,0.01666666666666666
qwen,order_reversed,reversed_04,HVAC,25,False,1.0,1.0,0.01666666666666666
qwen,order_reversed,reversed_05,HVAC,25,False,1.0,1.0,0.01999999999999998
qwen,extracted,,HVAC,26,False,1.0,1.0,0.0675
qwen,default_params,,HVAC,26,False,1.0,1.0,0.12583333333333335
qwen,extracted_per_run,shippedrun_01,HVAC,26,False,1.0,1.0,0.0050000000000000044
qwen,extracted_per_run,shippedrun_02,HVAC,26,False,1.0,1.0,0.03750000000000001
qwen,extracted_per_run,shippedrun_03,HVAC,26,False,0.33333333333333337,1.0,0.3
qwen,extracted_per_run,shippedrun_04,HVAC,26,False,1.0,1.0,0.07250000000000001
qwen,extracted_per_run,shippedrun_05,HVAC,26,False,0.33333333333333337,1.0,0.3
qwen,order_control,control_01,HVAC,26,False,0.33333333333333337,1.0,0.29
qwen,order_control,control_02,HVAC,26,False,1.0,1.0,0.12000000000000001
qwen,order_control,control_03,HVAC,26,False,1.0,1.0,0.03750000000000001
qwen,order_reversed,reversed_01,HVAC,26,False,1.0,1.0,0.03750000000000001
qwen,order_reversed,reversed_02,HVAC,26,False,0.33333333333333337,1.0,0.3
qwen,order_reversed,reversed_03,HVAC,26,False,1.0,1.0,0.08250000000000002
qwen,order_reversed,reversed_04,HVAC,26,False,0.33333333333333337,1.0,0.3
qwen,order_reversed,reversed_05,HVAC,26,False,1.0,1.0,0.08250000000000002
qwen,extracted,,HVAC,27,False,1.0,1.0,0.10499999999999998
qwen,default_params,,HVAC,27,False,1.0,1.0,0.075
qwen,extracted_per_run,shippedrun_01,HVAC,27,False,1.0,1.0,0.1658333333333333
qwen,extracted_per_run,shippedrun_02,HVAC,27,False,1.0,1.0,0.09749999999999996
qwen,extracted_per_run,shippedrun_03,HVAC,27,False,1.0,1.0,0.09749999999999996
qwen,extracted_per_run,shippedrun_04,HVAC,27,False,1.0,1.0,0.05666666666666665
qwen,extracted_per_run,shippedrun_05,HVAC,27,False,1.0,1.0,0.05833333333333332
qwen,order_control,control_01,HVAC,27,False,1.0,1.0,0.15833333333333333
qwen,order_control,control_02,HVAC,27,False,1.0,1.0,0.027499999999999986
qwen,order_control,control_03,HVAC,27,False,1.0,1.0,0.1658333333333333
qwen,order_reversed,reversed_01,HVAC,27,False,1.0,1.0,0.16333333333333333
qwen,order_reversed,reversed_02,HVAC,27,False,1.0,1.0,0.09499999999999997
qwen,order_reversed,reversed_03,HVAC,27,False,1.0,1.0,0.051666666666666645
qwen,order_reversed,reversed_04,HVAC,27,False,1.0,1.0,0.07166666666666666
qwen,order_reversed,reversed_05,HVAC,27,False,1.0,1.0,0.1658333333333333
qwen,extracted,,HVAC,28,False,0.33333333333333337,0.0,0.08749999999999998
qwen,default_params,,HVAC,28,False,1.0,1.0,0.17999999999999997
qwen,extracted_per_run,shippedrun_01,HVAC,28,False,1.0,1.0,0.10583333333333333
qwen,extracted_per_run,shippedrun_02,HVAC,28,False,0.33333333333333337,0.0,0.05666666666666665
qwen,extracted_per_run,shippedrun_03,HVAC,28,False,0.33333333333333337,0.0,0.04666666666666667
qwen,extracted_per_run,shippedrun_04,HVAC,28,False,0.33333333333333337,0.0,0.09000000000000001
qwen,extracted_per_run,shippedrun_05,HVAC,28,False,0.33333333333333337,0.0,0.10916666666666668
qwen,order_control,control_01,HVAC,28,False,1.0,1.0,0.01
qwen,order_control,control_02,HVAC,28,False,1.0,1.0,0.01999999999999999
qwen,order_control,control_03,HVAC,28,False,0.33333333333333337,0.0,0.08000000000000002
qwen,order_reversed,reversed_01,HVAC,28,False,0.33333333333333337,0.0,0.09000000000000001
qwen,order_reversed,reversed_02,HVAC,28,False,0.33333333333333337,0.0,0.05666666666666665
qwen,order_reversed,reversed_03,HVAC,28,False,1.0,1.0,0.01
qwen,order_reversed,reversed_04,HVAC,28,False,0.33333333333333337,0.0,0.05666666666666665
qwen,order_reversed,reversed_05,HVAC,28,False,1.0,1.0,0.012500000000000002
qwen,extracted,,HVAC,29,False,1.0,1.0,0.012499999999999983
qwen,default_params,,HVAC,29,False,1.0,1.0,0.1525
qwen,extracted_per_run,shippedrun_01,HVAC,29,False,1.0,1.0,0.014999999999999986
qwen,extracted_per_run,shippedrun_02,HVAC,29,False,1.0,1.0,0.014999999999999986
qwen,extracted_per_run,shippedrun_03,HVAC,29,False,1.0,1.0,0.014999999999999986
qwen,extracted_per_run,shippedrun_04,HVAC,29,False,1.0,1.0,0.00416666666666667
qwen,extracted_per_run,shippedrun_05,HVAC,29,False,1.0,1.0,0.014999999999999986
qwen,order_control,control_01,HVAC,29,False,1.0,1.0,0.17
qwen,order_control,control_02,HVAC,29,False,1.0,1.0,0.014999999999999986
qwen,order_control,control_03,HVAC,29,False,1.0,1.0,0.014999999999999986
qwen,order_reversed,reversed_01,HVAC,29,False,1.0,1.0,0.037499999999999985
qwen,order_reversed,reversed_02,HVAC,29,False,1.0,1.0,0.014999999999999986
qwen,order_reversed,reversed_03,HVAC,29,False,1.0,1.0,0.014999999999999986
qwen,order_reversed,reversed_04,HVAC,29,False,1.0,1.0,0.014999999999999986
qwen,order_reversed,reversed_05,HVAC,29,False,1.0,1.0,0.029999999999999985
qwen,extracted,,HVAC,30,False,1.0,1.0,0.026666666666666655
qwen,default_params,,HVAC,30,False,1.0,1.0,0.023333333333333317
qwen,extracted_per_run,shippedrun_01,HVAC,30,False,1.0,1.0,0.02166666666666665
qwen,extracted_per_run,shippedrun_02,HVAC,30,False,1.0,1.0,0.03166666666666664
qwen,extracted_per_run,shippedrun_03,HVAC,30,False,1.0,1.0,0.034166666666666644
qwen,extracted_per_run,shippedrun_04,HVAC,30,False,1.0,1.0,0.02999999999999997
qwen,extracted_per_run,shippedrun_05,HVAC,30,False,1.0,1.0,0.016666666666666646
qwen,order_control,control_01,HVAC,30,False,1.0,1.0,0.02583333333333332
qwen,order_control,control_02,HVAC,30,False,1.0,1.0,0.034166666666666644
qwen,order_control,control_03,HVAC,30,False,1.0,1.0,0.04166666666666665
qwen,order_reversed,reversed_01,HVAC,30,False,1.0,1.0,0.03166666666666664
qwen,order_reversed,reversed_02,HVAC,30,False,1.0,1.0,0.02583333333333332
qwen,order_reversed,reversed_03,HVAC,30,False,1.0,1.0,0.010833333333333325
qwen,order_reversed,reversed_04,HVAC,30,False,1.0,1.0,0.03166666666666664
qwen,order_reversed,reversed_05,HVAC,30,False,1.0,1.0,0.03583333333333331
qwen,extracted,,HVAC,31,False,1.0,1.0,0.053333333333333365
qwen,default_params,,HVAC,31,False,1.0,1.0,0.09750000000000002
qwen,extracted_per_run,shippedrun_01,HVAC,31,False,1.0,1.0,0.06416666666666666
qwen,extracted_per_run,shippedrun_02,HVAC,31,False,1.0,1.0,0.059166666666666666
qwen,extracted_per_run,shippedrun_03,HVAC,31,False,1.0,1.0,0.045000000000000005
qwen,extracted_per_run,shippedrun_04,HVAC,31,False,1.0,1.0,0.06333333333333332
qwen,extracted_per_run,shippedrun_05,HVAC,31,False,1.0,1.0,0.05000000000000001
qwen,order_control,control_01,HVAC,31,False,1.0,1.0,0.06999999999999999
qwen,order_control,control_02,HVAC,31,False,1.0,1.0,0.055833333333333325
qwen,order_control,control_03,HVAC,31,False,1.0,1.0,0.06416666666666666
qwen,order_reversed,reversed_01,HVAC,31,False,1.0,1.0,0.055833333333333325
qwen,order_reversed,reversed_02,HVAC,31,False,1.0,1.0,0.07416666666666667
qwen,order_reversed,reversed_03,HVAC,31,False,1.0,1.0,0.05000000000000001
qwen,order_reversed,reversed_04,HVAC,31,False,1.0,1.0,0.06416666666666666
qwen,order_reversed,reversed_05,HVAC,31,False,1.0,1.0,0.059166666666666666
qwen,extracted,,HVAC,32,False,1.0,1.0,0.014166666666666675
qwen,default_params,,HVAC,32,False,1.0,1.0,0.15500000000000003
qwen,extracted_per_run,shippedrun_01,HVAC,32,False,1.0,1.0,0.06250000000000001
qwen,extracted_per_run,shippedrun_02,HVAC,32,False,1.0,1.0,0.06250000000000001
qwen,extracted_per_run,shippedrun_03,HVAC,32,False,1.0,1.0,0.025833333333333344
qwen,extracted_per_run,shippedrun_04,HVAC,32,False,1.0,1.0,0.036666666666666674
qwen,extracted_per_run,shippedrun_05,HVAC,32,False,1.0,1.0,0.010833333333333342
qwen,order_control,control_01,HVAC,32,False,1.0,1.0,0.036666666666666674
qwen,order_control,control_02,HVAC,32,False,1.0,1.0,0.06250000000000001
qwen,order_control,control_03,HVAC,32,False,1.0,1.0,0.036666666666666674
qwen,order_reversed,reversed_01,HVAC,32,False,1.0,1.0,0.036666666666666674
qwen,order_reversed,reversed_02,HVAC,32,False,1.0,1.0,0.06250000000000001
qwen,order_reversed,reversed_03,HVAC,32,False,1.0,1.0,0.036666666666666674
qwen,order_reversed,reversed_04,HVAC,32,False,1.0,1.0,0.036666666666666674
qwen,order_reversed,reversed_05,HVAC,32,False,1.0,1.0,0.036666666666666674
qwen,extracted,,HVAC,33,False,1.0,1.0,0.10416666666666663
qwen,default_params,,HVAC,33,False,1.0,1.0,0.035833333333333314
qwen,extracted_per_run,shippedrun_01,HVAC,33,False,1.0,1.0,0.13083333333333333
qwen,extracted_per_run,shippedrun_02,HVAC,33,False,1.0,1.0,0.11833333333333333
qwen,extracted_per_run,shippedrun_03,HVAC,33,False,0.33333333333333337,0.0,0.0833333333333333
qwen,extracted_per_run,shippedrun_04,HVAC,33,False,0.33333333333333337,0.0,0.0833333333333333
qwen,extracted_per_run,shippedrun_05,HVAC,33,False,1.0,1.0,0.052499999999999984
qwen,order_control,control_01,HVAC,33,False,1.0,1.0,0.014166666666666647
qwen,order_control,control_02,HVAC,33,False,1.0,1.0,0.031666666666666655
qwen,order_control,control_03,HVAC,33,False,1.0,1.0,0.22666666666666666
qwen,order_reversed,reversed_01,HVAC,33,False,1.0,1.0,0.22666666666666666
qwen,order_reversed,reversed_02,HVAC,33,False,1.0,1.0,0.04416666666666665
qwen,order_reversed,reversed_03,HVAC,33,False,1.0,1.0,0.052499999999999984
qwen,order_reversed,reversed_04,HVAC,33,False,1.0,1.0,0.09166666666666663
qwen,order_reversed,reversed_05,HVAC,33,False,1.0,1.0,0.22666666666666666
qwen,extracted,,HVAC,34,False,1.0,1.0,0.033333333333333305
qwen,default_params,,HVAC,34,False,1.0,1.0,0.04166666666666664
qwen,extracted_per_run,shippedrun_01,HVAC,34,False,1.0,1.0,0.04583333333333331
qwen,extracted_per_run,shippedrun_02,HVAC,34,False,1.0,1.0,0.04583333333333331
qwen,extracted_per_run,shippedrun_03,HVAC,34,False,1.0,1.0,0.028333333333333304
qwen,extracted_per_run,shippedrun_04,HVAC,34,False,1.0,1.0,0.02583333333333331
qwen,extracted_per_run,shippedrun_05,HVAC,34,False,1.0,1.0,0.03749999999999998
qwen,order_control,control_01,HVAC,34,False,1.0,1.0,0.034166666666666644
qwen,order_control,control_02,HVAC,34,False,1.0,1.0,0.02583333333333332
qwen,order_control,control_03,HVAC,34,False,1.0,1.0,0.034166666666666644
qwen,order_reversed,reversed_01,HVAC,34,False,1.0,1.0,0.03749999999999998
qwen,order_reversed,reversed_02,HVAC,34,False,1.0,1.0,0.02583333333333332
qwen,order_reversed,reversed_03,HVAC,34,False,1.0,1.0,0.04583333333333331
qwen,order_reversed,reversed_04,HVAC,34,False,1.0,1.0,0.03749999999999998
qwen,order_reversed,reversed_05,HVAC,34,False,1.0,1.0,0.02583333333333331
qwen,extracted,,HVAC,35,False,1.0,1.0,0.23416666666666666
qwen,default_params,,HVAC,35,False,1.0,1.0,0.16666666666666666
qwen,extracted_per_run,shippedrun_01,HVAC,35,False,1.0,1.0,0.25
qwen,extracted_per_run,shippedrun_02,HVAC,35,False,1.0,1.0,0.021666666666666678
qwen,extracted_per_run,shippedrun_03,HVAC,35,False,1.0,1.0,0.3075
qwen,extracted_per_run,shippedrun_04,HVAC,35,False,1.0,1.0,0.3075
qwen,extracted_per_run,shippedrun_05,HVAC,35,False,1.0,1.0,0.25
qwen,order_control,control_01,HVAC,35,False,1.0,1.0,0.3075
qwen,order_control,control_02,HVAC,35,False,1.0,1.0,0.38333333333333336
qwen,order_control,control_03,HVAC,35,False,1.0,1.0,0.305
qwen,order_reversed,reversed_01,HVAC,35,False,1.0,1.0,0.305
qwen,order_reversed,reversed_02,HVAC,35,False,1.0,1.0,0.25
qwen,order_reversed,reversed_03,HVAC,35,False,1.0,1.0,0.25
qwen,order_reversed,reversed_04,HVAC,35,False,1.0,1.0,0.19166666666666668
qwen,order_reversed,reversed_05,HVAC,35,False,1.0,1.0,0.19166666666666668
qwen,extracted,,HVAC,36,False,1.0,1.0,0.011666666666666678
qwen,default_params,,HVAC,36,False,1.0,1.0,0.015000000000000005
qwen,extracted_per_run,shippedrun_01,HVAC,36,False,1.0,1.0,0.01416666666666668
qwen,extracted_per_run,shippedrun_02,HVAC,36,False,1.0,1.0,0.01416666666666668
qwen,extracted_per_run,shippedrun_03,HVAC,36,False,1.0,1.0,0.011666666666666678
qwen,extracted_per_run,shippedrun_04,HVAC,36,False,1.0,1.0,0.00416666666666667
qwen,extracted_per_run,shippedrun_05,HVAC,36,False,1.0,1.0,0.011666666666666678
qwen,order_control,control_01,HVAC,36,False,1.0,1.0,0.013333333333333345
qwen,order_control,control_02,HVAC,36,False,1.0,1.0,0.01416666666666668
qwen,order_control,control_03,HVAC,36,False,1.0,1.0,0.011666666666666678
qwen,order_reversed,reversed_01,HVAC,36,False,1.0,1.0,0.011666666666666678
qwen,order_reversed,reversed_02,HVAC,36,False,1.0,1.0,0.011666666666666678
qwen,order_reversed,reversed_03,HVAC,36,False,1.0,1.0,0.011666666666666678
qwen,order_reversed,reversed_04,HVAC,36,False,1.0,1.0,0.011666666666666678
qwen,order_reversed,reversed_05,HVAC,36,False,1.0,1.0,0.011666666666666678
qwen,extracted,,HVAC,37,False,1.0,1.0,0.030000000000000016
qwen,default_params,,HVAC,37,False,1.0,1.0,0.043333333333333356
qwen,extracted_per_run,shippedrun_01,HVAC,37,False,1.0,1.0,0.022500000000000017
qwen,extracted_per_run,shippedrun_02,HVAC,37,False,1.0,1.0,0.027499999999999993
qwen,extracted_per_run,shippedrun_03,HVAC,37,False,1.0,1.0,0.020000000000000014
qwen,extracted_per_run,shippedrun_04,HVAC,37,False,1.0,1.0,0.029166666666666657
qwen,extracted_per_run,shippedrun_05,HVAC,37,False,1.0,1.0,0.049999999999999996
qwen,order_control,control_01,HVAC,37,False,1.0,1.0,0.027499999999999993
qwen,order_control,control_02,HVAC,37,False,1.0,1.0,0.020000000000000014
qwen,order_control,control_03,HVAC,37,False,1.0,1.0,0.020000000000000014
qwen,order_reversed,reversed_01,HVAC,37,False,1.0,1.0,0.032499999999999994
qwen,order_reversed,reversed_02,HVAC,37,False,1.0,1.0,0.030000000000000016
qwen,order_reversed,reversed_03,HVAC,37,False,1.0,1.0,0.025000000000000012
qwen,order_reversed,reversed_04,HVAC,37,False,1.0,1.0,0.026666666666666682
qwen,order_reversed,reversed_05,HVAC,37,False,1.0,1.0,0.027499999999999993
qwen,extracted,,HVAC,38,False,1.0,1.0,0.0025000000000000022
qwen,default_params,,HVAC,38,False,0.33333333333333337,1.0,0.009166666666666675
qwen,extracted_per_run,shippedrun_01,HVAC,38,False,1.0,1.0,0.0025000000000000022
qwen,extracted_per_run,shippedrun_02,HVAC,38,False,1.0,1.0,0.0025000000000000022
qwen,extracted_per_run,shippedrun_03,HVAC,38,False,1.0,1.0,0.0025000000000000022
qwen,extracted_per_run,shippedrun_04,HVAC,38,False,1.0,1.0,0.0025000000000000022
qwen,extracted_per_run,shippedrun_05,HVAC,38,False,1.0,1.0,0.0025000000000000022
qwen,order_control,control_01,HVAC,38,False,1.0,1.0,0.0025000000000000022
qwen,order_control,control_02,HVAC,38,False,1.0,1.0,0.0025000000000000022
qwen,order_control,control_03,HVAC,38,False,1.0,1.0,0.0025000000000000022
qwen,order_reversed,reversed_01,HVAC,38,False,1.0,1.0,0.0025000000000000022
qwen,order_reversed,reversed_02,HVAC,38,False,1.0,1.0,0.0025000000000000022
qwen,order_reversed,reversed_03,HVAC,38,False,1.0,1.0,0.0025000000000000022
qwen,order_reversed,reversed_04,HVAC,38,False,1.0,1.0,0.0025000000000000022
qwen,order_reversed,reversed_05,HVAC,38,False,1.0,1.0,0.0025000000000000022
qwen,extracted,,HVAC,39,False,1.0,1.0,0.01416666666666668
qwen,default_params,,HVAC,39,False,0.33333333333333337,1.0,0.025833333333333337
qwen,extracted_per_run,shippedrun_01,HVAC,39,False,1.0,1.0,0.01416666666666668
qwen,extracted_per_run,shippedrun_02,HVAC,39,False,1.0,1.0,0.01416666666666668
qwen,extracted_per_run,shippedrun_03,HVAC,39,False,1.0,1.0,0.01416666666666668
qwen,extracted_per_run,shippedrun_04,HVAC,39,False,1.0,1.0,0.01416666666666668
qwen,extracted_per_run,shippedrun_05,HVAC,39,False,1.0,1.0,0.01416666666666668
qwen,order_control,control_01,HVAC,39,False,1.0,1.0,0.01416666666666668
qwen,order_control,control_02,HVAC,39,False,1.0,1.0,0.01416666666666668
qwen,order_control,control_03,HVAC,39,False,1.0,1.0,0.01416666666666668
qwen,order_reversed,reversed_01,HVAC,39,False,1.0,1.0,0.01416666666666668
qwen,order_reversed,reversed_02,HVAC,39,False,1.0,1.0,0.01416666666666668
qwen,order_reversed,reversed_03,HVAC,39,False,1.0,1.0,0.01416666666666668
qwen,order_reversed,reversed_04,HVAC,39,False,1.0,1.0,0.01416666666666668
qwen,order_reversed,reversed_05,HVAC,39,False,1.0,1.0,0.01416666666666668
qwen,extracted,,HVAC,40,False,1.0,1.0,0.02416666666666667
qwen,default_params,,HVAC,40,False,1.0,1.0,0.0
qwen,extracted_per_run,shippedrun_01,HVAC,40,False,1.0,1.0,0.02416666666666667
qwen,extracted_per_run,shippedrun_02,HVAC,40,False,1.0,1.0,0.02416666666666667
qwen,extracted_per_run,shippedrun_03,HVAC,40,False,1.0,1.0,0.02416666666666667
qwen,extracted_per_run,shippedrun_04,HVAC,40,False,1.0,1.0,0.02416666666666667
qwen,extracted_per_run,shippedrun_05,HVAC,40,False,1.0,1.0,0.02416666666666667
qwen,order_control,control_01,HVAC,40,False,1.0,1.0,0.01833333333333333
qwen,order_control,control_02,HVAC,40,False,1.0,1.0,0.029166666666666674
qwen,order_control,control_03,HVAC,40,False,1.0,1.0,0.02416666666666667
qwen,order_reversed,reversed_01,HVAC,40,False,1.0,1.0,0.02416666666666667
qwen,order_reversed,reversed_02,HVAC,40,False,1.0,1.0,0.02416666666666667
qwen,order_reversed,reversed_03,HVAC,40,False,1.0,1.0,0.029166666666666674
qwen,order_reversed,reversed_04,HVAC,40,False,1.0,1.0,0.019166666666666683
qwen,order_reversed,reversed_05,HVAC,40,False,1.0,1.0,0.02416666666666667
qwen,extracted,,HVAC,41,False,1.0,1.0,0.02
qwen,default_params,,HVAC,41,False,1.0,1.0,0.005833333333333334
qwen,extracted_per_run,shippedrun_01,HVAC,41,False,1.0,1.0,0.015833333333333328
qwen,extracted_per_run,shippedrun_02,HVAC,41,False,1.0,1.0,0.024999999999999998
qwen,extracted_per_run,shippedrun_03,HVAC,41,False,1.0,1.0,0.035833333333333335
qwen,extracted_per_run,shippedrun_04,HVAC,41,False,1.0,1.0,0.015833333333333328
qwen,extracted_per_run,shippedrun_05,HVAC,41,False,1.0,1.0,0.015833333333333328
qwen,order_control,control_01,HVAC,41,False,1.0,1.0,0.015833333333333328
qwen,order_control,control_02,HVAC,41,False,1.0,1.0,0.015833333333333328
qwen,order_control,control_03,HVAC,41,False,1.0,1.0,0.015833333333333328
qwen,order_reversed,reversed_01,HVAC,41,False,1.0,1.0,0.015833333333333328
qwen,order_reversed,reversed_02,HVAC,41,False,1.0,1.0,0.015833333333333328
qwen,order_reversed,reversed_03,HVAC,41,False,1.0,1.0,0.015833333333333328
qwen,order_reversed,reversed_04,HVAC,41,False,1.0,1.0,0.015833333333333328
qwen,order_reversed,reversed_05,HVAC,41,False,1.0,1.0,0.015833333333333328
qwen,extracted,,HVAC,42,False,1.0,1.0,0.020833333333333346
qwen,default_params,,HVAC,42,False,1.0,1.0,0.17416666666666666
qwen,extracted_per_run,shippedrun_01,HVAC,42,False,1.0,1.0,0.08916666666666667
qwen,extracted_per_run,shippedrun_02,HVAC,42,False,1.0,1.0,0.0425
qwen,extracted_per_run,shippedrun_03,HVAC,42,False,1.0,1.0,0.16083333333333336
qwen,extracted_per_run,shippedrun_04,HVAC,42,False,1.0,1.0,0.2625
qwen,extracted_per_run,shippedrun_05,HVAC,42,False,1.0,1.0,0.2675
qwen,order_control,control_01,HVAC,42,False,1.0,1.0,0.2575
qwen,order_control,control_02,HVAC,42,False,1.0,1.0,0.2575
qwen,order_control,control_03,HVAC,42,False,1.0,1.0,0.12250000000000001
qwen,order_reversed,reversed_01,HVAC,42,False,1.0,1.0,0.12250000000000001
qwen,order_reversed,reversed_02,HVAC,42,False,1.0,1.0,0.12250000000000001
qwen,order_reversed,reversed_03,HVAC,42,False,1.0,1.0,0.12250000000000001
qwen,order_reversed,reversed_04,HVAC,42,False,1.0,1.0,0.2575
qwen,order_reversed,reversed_05,HVAC,42,False,1.0,1.0,0.2575
qwen,extracted,,HVAC,43,False,0.33333333333333337,0.0,0.0675
qwen,default_params,,HVAC,43,False,1.0,1.0,0.032499999999999994
qwen,extracted_per_run,shippedrun_01,HVAC,43,False,0.33333333333333337,0.0,0.0675
qwen,extracted_per_run,shippedrun_02,HVAC,43,False,0.33333333333333337,0.0,0.0675
qwen,extracted_per_run,shippedrun_03,HVAC,43,False,0.33333333333333337,0.0,0.0625
qwen,extracted_per_run,shippedrun_04,HVAC,43,False,1.0,1.0,0.003333333333333336
qwen,extracted_per_run,shippedrun_05,HVAC,43,False,0.33333333333333337,0.0,0.0675
qwen,order_control,control_01,HVAC,43,False,0.33333333333333337,0.0,0.0625
qwen,order_control,control_02,HVAC,43,False,1.0,1.0,0.017499999999999988
qwen,order_control,control_03,HVAC,43,False,0.33333333333333337,0.0,0.06999999999999999
qwen,order_reversed,reversed_01,HVAC,43,False,0.33333333333333337,0.0,0.0675
qwen,order_reversed,reversed_02,HVAC,43,False,1.0,1.0,0.009166666666666656
qwen,order_reversed,reversed_03,HVAC,43,False,0.33333333333333337,0.0,0.0675
qwen,order_reversed,reversed_04,HVAC,43,False,1.0,1.0,0.014999999999999994
qwen,order_reversed,reversed_05,HVAC,43,False,0.33333333333333337,0.0,0.012499999999999992
qwen,extracted,,HVAC,44,False,1.0,1.0,0.006666666666666672
qwen,default_params,,HVAC,44,False,0.33333333333333337,0.0,0.055000000000000014
qwen,extracted_per_run,shippedrun_01,HVAC,44,False,1.0,1.0,0.007499999999999997
qwen,extracted_per_run,shippedrun_02,HVAC,44,False,1.0,1.0,0.01833333333333335
qwen,extracted_per_run,shippedrun_03,HVAC,44,False,1.0,1.0,0.007499999999999997
qwen,extracted_per_run,shippedrun_04,HVAC,44,False,1.0,1.0,0.007499999999999997
qwen,extracted_per_run,shippedrun_05,HVAC,44,False,1.0,1.0,0.010833333333333342
qwen,order_control,control_01,HVAC,44,False,1.0,1.0,0.019166666666666665
qwen,order_control,control_02,HVAC,44,False,1.0,1.0,0.010833333333333342
qwen,order_control,control_03,HVAC,44,False,1.0,1.0,0.007499999999999997
qwen,order_reversed,reversed_01,HVAC,44,False,1.0,1.0,0.01833333333333335
qwen,order_reversed,reversed_02,HVAC,44,False,1.0,1.0,0.01833333333333335
qwen,order_reversed,reversed_03,HVAC,44,False,1.0,1.0,0.010833333333333342
qwen,order_reversed,reversed_04,HVAC,44,False,1.0,1.0,0.010833333333333342
qwen,order_reversed,reversed_05,HVAC,44,False,1.0,1.0,0.010833333333333342
qwen,extracted,,HVAC,45,False,1.0,1.0,0.022499999999999992
qwen,default_params,,HVAC,45,False,1.0,1.0,0.17750000000000002
qwen,extracted_per_run,shippedrun_01,HVAC,45,False,1.0,1.0,0.04083333333333334
qwen,extracted_per_run,shippedrun_02,HVAC,45,False,1.0,1.0,0.026666666666666644
qwen,extracted_per_run,shippedrun_03,HVAC,45,False,1.0,1.0,0.016666666666666653
qwen,extracted_per_run,shippedrun_04,HVAC,45,False,1.0,1.0,0.020000000000000007
qwen,extracted_per_run,shippedrun_05,HVAC,45,False,1.0,1.0,0.02666666666666666
qwen,order_control,control_01,HVAC,45,False,1.0,1.0,0.020000000000000007
qwen,order_control,control_02,HVAC,45,False,1.0,1.0,0.026666666666666644
qwen,order_control,control_03,HVAC,45,False,1.0,1.0,0.046666666666666655
qwen,order_reversed,reversed_01,HVAC,45,False,1.0,1.0,0.026666666666666644
qwen,order_reversed,reversed_02,HVAC,45,False,1.0,1.0,0.04083333333333331
qwen,order_reversed,reversed_03,HVAC,45,False,1.0,1.0,0.037499999999999985
qwen,order_reversed,reversed_04,HVAC,45,False,1.0,1.0,0.04083333333333333
qwen,order_reversed,reversed_05,HVAC,45,False,1.0,1.0,0.037500000000000006
qwen,extracted,,HVAC,46,False,1.0,1.0,0.03833333333333333
qwen,default_params,,HVAC,46,False,0.33333333333333337,1.0,0.13499999999999998
qwen,extracted_per_run,shippedrun_01,HVAC,46,False,1.0,1.0,0.02999999999999999
qwen,extracted_per_run,shippedrun_02,HVAC,46,False,1.0,1.0,0.02999999999999999
qwen,extracted_per_run,shippedrun_03,HVAC,46,False,1.0,1.0,0.02166666666666665
qwen,extracted_per_run,shippedrun_04,HVAC,46,False,1.0,1.0,0.10083333333333333
qwen,extracted_per_run,shippedrun_05,HVAC,46,False,1.0,1.0,0.02999999999999999
qwen,order_control,control_01,HVAC,46,False,1.0,1.0,0.02999999999999999
qwen,order_control,control_02,HVAC,46,False,1.0,1.0,0.02999999999999999
qwen,order_control,control_03,HVAC,46,False,1.0,1.0,0.02999999999999999
qwen,order_reversed,reversed_01,HVAC,46,False,1.0,1.0,0.02999999999999999
qwen,order_reversed,reversed_02,HVAC,46,False,1.0,1.0,0.02999999999999999
qwen,order_reversed,reversed_03,HVAC,46,False,1.0,1.0,0.02999999999999999
qwen,order_reversed,reversed_04,HVAC,46,False,1.0,1.0,0.02999999999999999
qwen,order_reversed,reversed_05,HVAC,46,False,1.0,1.0,0.02999999999999999
qwen,extracted,,HVAC,47,False,1.0,1.0,0.03
qwen,default_params,,HVAC,47,False,1.0,1.0,0.059166666666666666
qwen,extracted_per_run,shippedrun_01,HVAC,47,False,1.0,1.0,0.03333333333333333
qwen,extracted_per_run,shippedrun_02,HVAC,47,False,1.0,1.0,0.01833333333333333
qwen,extracted_per_run,shippedrun_03,HVAC,47,False,1.0,1.0,0.03333333333333333
qwen,extracted_per_run,shippedrun_04,HVAC,47,False,1.0,1.0,0.03333333333333333
qwen,extracted_per_run,shippedrun_05,HVAC,47,False,1.0,1.0,0.03333333333333333
qwen,order_control,control_01,HVAC,47,False,1.0,1.0,0.03333333333333333
qwen,order_control,control_02,HVAC,47,False,1.0,1.0,0.03333333333333333
qwen,order_control,control_03,HVAC,47,False,1.0,1.0,0.03333333333333333
qwen,order_reversed,reversed_01,HVAC,47,False,1.0,1.0,0.03333333333333333
qwen,order_reversed,reversed_02,HVAC,47,False,1.0,1.0,0.0050000000000000044
qwen,order_reversed,reversed_03,HVAC,47,False,1.0,1.0,0.049166666666666664
qwen,order_reversed,reversed_04,HVAC,47,False,1.0,1.0,0.03333333333333333
qwen,order_reversed,reversed_05,HVAC,47,False,1.0,1.0,0.06833333333333333
qwen,extracted,,HVAC,48,False,1.0,1.0,0.03916666666666666
qwen,default_params,,HVAC,48,False,1.0,1.0,0.18083333333333332
qwen,extracted_per_run,shippedrun_01,HVAC,48,False,1.0,1.0,0.08166666666666668
qwen,extracted_per_run,shippedrun_02,HVAC,48,False,1.0,1.0,0.005833333333333339
qwen,extracted_per_run,shippedrun_03,HVAC,48,False,1.0,1.0,0.09333333333333334
qwen,extracted_per_run,shippedrun_04,HVAC,48,False,1.0,1.0,0.026666666666666672
qwen,extracted_per_run,shippedrun_05,HVAC,48,False,1.0,1.0,0.09333333333333334
qwen,order_control,control_01,HVAC,48,False,1.0,1.0,0.08416666666666668
qwen,order_control,control_02,HVAC,48,False,1.0,1.0,0.06833333333333334
qwen,order_control,control_03,HVAC,48,False,1.0,1.0,0.09333333333333334
qwen,order_reversed,reversed_01,HVAC,48,False,1.0,1.0,0.09333333333333334
qwen,order_reversed,reversed_02,HVAC,48,False,1.0,1.0,0.09333333333333334
qwen,order_reversed,reversed_03,HVAC,48,False,1.0,1.0,0.09333333333333334
qwen,order_reversed,reversed_04,HVAC,48,False,1.0,1.0,0.09333333333333334
qwen,order_reversed,reversed_05,HVAC,48,False,1.0,1.0,0.08416666666666668
qwen,extracted,,HVAC,49,False,1.0,1.0,0.006666666666666664
qwen,default_params,,HVAC,49,False,1.0,1.0,0.1433333333333333
qwen,extracted_per_run,shippedrun_01,HVAC,49,False,1.0,1.0,0.034999999999999996
qwen,extracted_per_run,shippedrun_02,HVAC,49,False,1.0,1.0,0.025833333333333337
qwen,extracted_per_run,shippedrun_03,HVAC,49,False,1.0,1.0,0.023333333333333334
qwen,extracted_per_run,shippedrun_04,HVAC,49,False,0.33333333333333337,1.0,0.025833333333333337
qwen,extracted_per_run,shippedrun_05,HVAC,49,False,1.0,1.0,0.034999999999999996
qwen,order_control,control_01,HVAC,49,False,1.0,1.0,0.034999999999999996
qwen,order_control,control_02,HVAC,49,False,1.0,1.0,0.023333333333333334
qwen,order_control,control_03,HVAC,49,False,1.0,1.0,0.034999999999999996
qwen,order_reversed,reversed_01,HVAC,49,False,1.0,1.0,0.034999999999999996
qwen,order_reversed,reversed_02,HVAC,49,False,1.0,1.0,0.013333333333333327
qwen,order_reversed,reversed_03,HVAC,49,False,1.0,1.0,0.016666666666666663
qwen,order_reversed,reversed_04,HVAC,49,False,1.0,1.0,0.034999999999999996
qwen,order_reversed,reversed_05,HVAC,49,False,1.0,1.0,0.034999999999999996
qwen,extracted,,HVAC,50,False,1.0,1.0,0.10749999999999997
qwen,default_params,,HVAC,50,False,1.0,1.0,0.047499999999999966
qwen,extracted_per_run,shippedrun_01,HVAC,50,False,1.0,1.0,0.10416666666666663
qwen,extracted_per_run,shippedrun_02,HVAC,50,False,0.33333333333333337,0.0,0.13916666666666666
qwen,extracted_per_run,shippedrun_03,HVAC,50,False,1.0,1.0,0.05583333333333331
qwen,extracted_per_run,shippedrun_04,HVAC,50,False,0.33333333333333337,0.0,0.13916666666666666
qwen,extracted_per_run,shippedrun_05,HVAC,50,False,1.0,1.0,0.10416666666666663
qwen,order_control,control_01,HVAC,50,False,1.0,1.0,0.08666666666666663
qwen,order_control,control_02,HVAC,50,False,1.0,1.0,0.05083333333333331
qwen,order_control,control_03,HVAC,50,False,1.0,1.0,0.10416666666666663
qwen,order_reversed,reversed_01,HVAC,50,False,1.0,1.0,0.05083333333333331
qwen,order_reversed,reversed_02,HVAC,50,False,0.33333333333333337,0.0,0.13916666666666666
qwen,order_reversed,reversed_03,HVAC,50,False,0.33333333333333337,0.0,0.13916666666666666
qwen,order_reversed,reversed_04,HVAC,50,False,0.33333333333333337,0.0,0.13916666666666666
qwen,order_reversed,reversed_05,HVAC,50,False,0.33333333333333337,0.0,0.13916666666666666
qwen,extracted,,HVAC,51,False,0.33333333333333337,0.0,0.06666666666666667
qwen,default_params,,HVAC,51,False,0.33333333333333337,0.0,0.17666666666666664
qwen,extracted_per_run,shippedrun_01,HVAC,51,True,,,
qwen,extracted_per_run,shippedrun_02,HVAC,51,False,-1.0,0.0,0.07166666666666667
qwen,extracted_per_run,shippedrun_03,HVAC,51,False,0.33333333333333337,0.0,0.06333333333333334
qwen,extracted_per_run,shippedrun_04,HVAC,51,False,0.33333333333333337,0.0,0.08583333333333333
qwen,extracted_per_run,shippedrun_05,HVAC,51,False,0.33333333333333337,0.0,0.10333333333333333
qwen,order_control,control_01,HVAC,51,False,0.33333333333333337,0.0,0.1375
qwen,order_control,control_02,HVAC,51,False,-1.0,0.0,0.06666666666666667
qwen,order_control,control_03,HVAC,51,False,-1.0,0.0,0.06666666666666667
qwen,order_reversed,reversed_01,HVAC,51,False,0.33333333333333337,0.0,0.041666666666666664
qwen,order_reversed,reversed_02,HVAC,51,False,0.33333333333333337,0.0,0.08583333333333333
qwen,order_reversed,reversed_03,HVAC,51,False,-1.0,0.0,0.06666666666666667
qwen,order_reversed,reversed_04,HVAC,51,False,0.33333333333333337,0.0,0.06333333333333334
qwen,order_reversed,reversed_05,HVAC,51,False,0.33333333333333337,0.0,0.09999999999999999
qwen,extracted,,HVAC,52,False,1.0,1.0,0.010000000000000009
qwen,default_params,,HVAC,52,False,1.0,1.0,0.015000000000000013
qwen,extracted_per_run,shippedrun_01,HVAC,52,False,1.0,1.0,0.010000000000000009
qwen,extracted_per_run,shippedrun_02,HVAC,52,False,1.0,1.0,0.010000000000000009
qwen,extracted_per_run,shippedrun_03,HVAC,52,False,1.0,1.0,0.010000000000000009
qwen,extracted_per_run,shippedrun_04,HVAC,52,False,1.0,1.0,0.010000000000000009
qwen,extracted_per_run,shippedrun_05,HVAC,52,False,1.0,1.0,0.010000000000000009
qwen,order_control,control_01,HVAC,52,False,1.0,1.0,0.010000000000000009
qwen,order_control,control_02,HVAC,52,False,1.0,1.0,0.010000000000000009
qwen,order_control,control_03,HVAC,52,False,1.0,1.0,0.010000000000000009
qwen,order_reversed,reversed_01,HVAC,52,False,1.0,1.0,0.010000000000000009
qwen,order_reversed,reversed_02,HVAC,52,False,1.0,1.0,0.010000000000000009
qwen,order_reversed,reversed_03,HVAC,52,False,1.0,1.0,0.010000000000000009
qwen,order_reversed,reversed_04,HVAC,52,False,1.0,1.0,0.010000000000000009
qwen,order_reversed,reversed_05,HVAC,52,False,1.0,1.0,0.010000000000000009
qwen,extracted,,HVAC,53,False,1.0,1.0,0.05916666666666667
qwen,default_params,,HVAC,53,False,1.0,1.0,0.029166666666666646
qwen,extracted_per_run,shippedrun_01,HVAC,53,False,1.0,1.0,0.05416666666666667
qwen,extracted_per_run,shippedrun_02,HVAC,53,False,1.0,1.0,0.05416666666666667
qwen,extracted_per_run,shippedrun_03,HVAC,53,False,1.0,1.0,0.07499999999999998
qwen,extracted_per_run,shippedrun_04,HVAC,53,False,1.0,1.0,0.05416666666666667
qwen,extracted_per_run,shippedrun_05,HVAC,53,False,1.0,1.0,0.05416666666666667
qwen,order_control,control_01,HVAC,53,False,1.0,1.0,0.05416666666666667
qwen,order_control,control_02,HVAC,53,False,1.0,1.0,0.05416666666666667
qwen,order_control,control_03,HVAC,53,False,1.0,1.0,0.07499999999999998
qwen,order_reversed,reversed_01,HVAC,53,False,1.0,1.0,0.07499999999999998
qwen,order_reversed,reversed_02,HVAC,53,False,1.0,1.0,0.05416666666666667
qwen,order_reversed,reversed_03,HVAC,53,False,1.0,1.0,0.05416666666666667
qwen,order_reversed,reversed_04,HVAC,53,False,1.0,1.0,0.07499999999999998
qwen,order_reversed,reversed_05,HVAC,53,False,1.0,1.0,0.05416666666666667
qwen,extracted,,HVAC,54,False,0.33333333333333337,0.0,0.013333333333333345
qwen,default_params,,HVAC,54,False,1.0,1.0,0.007500000000000007
qwen,extracted_per_run,shippedrun_01,HVAC,54,False,0.33333333333333337,0.0,0.013333333333333345
qwen,extracted_per_run,shippedrun_02,HVAC,54,False,0.33333333333333337,0.0,0.013333333333333345
qwen,extracted_per_run,shippedrun_03,HVAC,54,False,0.33333333333333337,0.0,0.013333333333333345
qwen,extracted_per_run,shippedrun_04,HVAC,54,False,0.33333333333333337,0.0,0.013333333333333345
qwen,extracted_per_run,shippedrun_05,HVAC,54,False,0.33333333333333337,0.0,0.013333333333333345
qwen,order_control,control_01,HVAC,54,False,0.33333333333333337,0.0,0.013333333333333345
qwen,order_control,control_02,HVAC,54,False,0.33333333333333337,0.0,0.029166666666666674
qwen,order_control,control_03,HVAC,54,False,0.33333333333333337,0.0,0.013333333333333345
qwen,order_reversed,reversed_01,HVAC,54,False,0.33333333333333337,0.0,0.013333333333333345
qwen,order_reversed,reversed_02,HVAC,54,False,0.33333333333333337,0.0,0.013333333333333345
qwen,order_reversed,reversed_03,HVAC,54,False,0.33333333333333337,0.0,0.013333333333333345
qwen,order_reversed,reversed_04,HVAC,54,False,0.33333333333333337,0.0,0.013333333333333345
qwen,order_reversed,reversed_05,HVAC,54,False,0.33333333333333337,0.0,0.013333333333333345
qwen,extracted,,HVAC,55,False,1.0,1.0,0.027499999999999997
qwen,default_params,,HVAC,55,False,1.0,1.0,0.04833333333333334
qwen,extracted_per_run,shippedrun_01,HVAC,55,False,1.0,1.0,0.02583333333333333
qwen,extracted_per_run,shippedrun_02,HVAC,55,False,1.0,1.0,0.029166666666666664
qwen,extracted_per_run,shippedrun_03,HVAC,55,False,1.0,1.0,0.03
qwen,extracted_per_run,shippedrun_04,HVAC,55,False,1.0,1.0,0.028333333333333332
qwen,extracted_per_run,shippedrun_05,HVAC,55,False,1.0,1.0,0.027499999999999997
qwen,order_control,control_01,HVAC,55,False,1.0,1.0,0.03
qwen,order_control,control_02,HVAC,55,False,1.0,1.0,0.028333333333333332
qwen,order_control,control_03,HVAC,55,False,1.0,1.0,0.029166666666666664
qwen,order_reversed,reversed_01,HVAC,55,False,1.0,1.0,0.029166666666666664
qwen,order_reversed,reversed_02,HVAC,55,False,1.0,1.0,0.028333333333333332
qwen,order_reversed,reversed_03,HVAC,55,False,1.0,1.0,0.029166666666666664
qwen,order_reversed,reversed_04,HVAC,55,False,1.0,1.0,0.021666666666666657
qwen,order_reversed,reversed_05,HVAC,55,False,1.0,1.0,0.03
qwen,extracted,,HVAC,56,False,0.33333333333333337,0.0,0.02833333333333335
qwen,default_params,,HVAC,56,False,0.33333333333333337,0.0,0.03250000000000002
qwen,extracted_per_run,shippedrun_01,HVAC,56,False,0.33333333333333337,0.0,0.026666666666666682
qwen,extracted_per_run,shippedrun_02,HVAC,56,False,0.33333333333333337,0.0,0.02833333333333335
qwen,extracted_per_run,shippedrun_03,HVAC,56,False,0.33333333333333337,0.0,0.02833333333333335
qwen,extracted_per_run,shippedrun_04,HVAC,56,False,0.33333333333333337,0.0,0.02833333333333335
qwen,extracted_per_run,shippedrun_05,HVAC,56,False,0.33333333333333337,0.0,0.03166666666666668
qwen,order_control,control_01,HVAC,56,False,0.33333333333333337,0.0,0.026666666666666682
qwen,order_control,control_02,HVAC,56,False,0.33333333333333337,0.0,0.03166666666666668
qwen,order_control,control_03,HVAC,56,False,0.33333333333333337,0.0,0.02833333333333335
qwen,order_reversed,reversed_01,HVAC,56,False,0.33333333333333337,0.0,0.026666666666666682
qwen,order_reversed,reversed_02,HVAC,56,False,0.33333333333333337,0.0,0.02833333333333335
qwen,order_reversed,reversed_03,HVAC,56,False,0.33333333333333337,0.0,0.026666666666666682
qwen,order_reversed,reversed_04,HVAC,56,False,0.33333333333333337,0.0,0.02833333333333335
qwen,order_reversed,reversed_05,HVAC,56,False,0.33333333333333337,0.0,0.026666666666666682
qwen,extracted,,HVAC,57,False,1.0,1.0,0.06583333333333334
qwen,default_params,,HVAC,57,False,1.0,1.0,0.11083333333333334
qwen,extracted_per_run,shippedrun_01,HVAC,57,False,1.0,1.0,0.043333333333333335
qwen,extracted_per_run,shippedrun_02,HVAC,57,False,1.0,1.0,0.07583333333333334
qwen,extracted_per_run,shippedrun_03,HVAC,57,False,1.0,1.0,0.07583333333333334
qwen,extracted_per_run,shippedrun_04,HVAC,57,False,1.0,1.0,0.09833333333333333
qwen,extracted_per_run,shippedrun_05,HVAC,57,False,1.0,1.0,0.056666666666666664
qwen,order_control,control_01,HVAC,57,False,1.0,1.0,0.08083333333333333
qwen,order_control,control_02,HVAC,57,False,1.0,1.0,0.07583333333333334
qwen,order_control,control_03,HVAC,57,False,1.0,1.0,0.06749999999999999
qwen,order_reversed,reversed_01,HVAC,57,False,1.0,1.0,0.06250000000000001
qwen,order_reversed,reversed_02,HVAC,57,False,1.0,1.0,0.07083333333333333
qwen,order_reversed,reversed_03,HVAC,57,False,1.0,1.0,0.07083333333333333
qwen,order_reversed,reversed_04,HVAC,57,False,1.0,1.0,0.09499999999999999
qwen,order_reversed,reversed_05,HVAC,57,False,1.0,1.0,0.09833333333333333
qwen,extracted,,HVAC,58,False,0.33333333333333337,0.0,0.205
qwen,default_params,,HVAC,58,False,1.0,1.0,0.08249999999999998
qwen,extracted_per_run,shippedrun_01,HVAC,58,False,0.33333333333333337,0.0,0.20583333333333334
qwen,extracted_per_run,shippedrun_02,HVAC,58,False,0.33333333333333337,0.0,0.20583333333333334
qwen,extracted_per_run,shippedrun_03,HVAC,58,False,0.33333333333333337,1.0,0.21916666666666665
qwen,extracted_per_run,shippedrun_04,HVAC,58,False,0.33333333333333337,0.0,0.20000000000000004
qwen,extracted_per_run,shippedrun_05,HVAC,58,False,0.33333333333333337,0.0,0.19000000000000003
qwen,order_control,control_01,HVAC,58,False,0.33333333333333337,0.0,0.16083333333333336
qwen,order_control,control_02,HVAC,58,False,0.33333333333333337,0.0,0.165
qwen,order_control,control_03,HVAC,58,False,0.33333333333333337,0.0,0.18500000000000003
qwen,order_reversed,reversed_01,HVAC,58,False,0.33333333333333337,0.0,0.1658333333333333
qwen,order_reversed,reversed_02,HVAC,58,False,0.33333333333333337,0.0,0.17000000000000004
qwen,order_reversed,reversed_03,HVAC,58,False,0.33333333333333337,0.0,0.165
qwen,order_reversed,reversed_04,HVAC,58,False,0.33333333333333337,0.0,0.18500000000000003
qwen,order_reversed,reversed_05,HVAC,58,False,1.0,1.0,0.011666666666666659
qwen,extracted,,HVAC,59,False,1.0,1.0,0.035833333333333335
qwen,default_params,,HVAC,59,False,1.0,1.0,0.026666666666666682
qwen,extracted_per_run,shippedrun_01,HVAC,59,False,1.0,1.0,0.021666666666666678
qwen,extracted_per_run,shippedrun_02,HVAC,59,False,1.0,1.0,0.025000000000000012
qwen,extracted_per_run,shippedrun_03,HVAC,59,False,1.0,1.0,0.060000000000000005
qwen,extracted_per_run,shippedrun_04,HVAC,59,False,1.0,1.0,0.025000000000000012
qwen,extracted_per_run,shippedrun_05,HVAC,59,False,1.0,1.0,0.060000000000000005
qwen,order_control,control_01,HVAC,59,False,1.0,1.0,0.0525
qwen,order_control,control_02,HVAC,59,False,1.0,1.0,0.05583333333333334
qwen,order_control,control_03,HVAC,59,False,1.0,1.0,0.02999999999999999
qwen,order_reversed,reversed_01,HVAC,59,False,1.0,1.0,0.075
qwen,order_reversed,reversed_02,HVAC,59,False,1.0,1.0,0.017500000000000005
qwen,order_reversed,reversed_03,HVAC,59,False,1.0,1.0,0.0575
qwen,order_reversed,reversed_04,HVAC,59,False,1.0,1.0,0.025000000000000012
qwen,order_reversed,reversed_05,HVAC,59,False,1.0,1.0,0.021666666666666678
qwen,extracted,,HVAC,60,False,1.0,1.0,0.012499999999999983
qwen,default_params,,HVAC,60,False,1.0,1.0,0.014999999999999986
qwen,extracted_per_run,shippedrun_01,HVAC,60,False,1.0,1.0,0.012499999999999983
qwen,extracted_per_run,shippedrun_02,HVAC,60,False,1.0,1.0,0.012499999999999983
qwen,extracted_per_run,shippedrun_03,HVAC,60,False,1.0,1.0,0.012499999999999983
qwen,extracted_per_run,shippedrun_04,HVAC,60,False,1.0,1.0,0.012499999999999983
qwen,extracted_per_run,shippedrun_05,HVAC,60,False,1.0,1.0,0.012499999999999983
qwen,order_control,control_01,HVAC,60,False,1.0,1.0,0.012499999999999983
qwen,order_control,control_02,HVAC,60,False,1.0,1.0,0.012499999999999983
qwen,order_control,control_03,HVAC,60,False,1.0,1.0,0.013333333333333317
qwen,order_reversed,reversed_01,HVAC,60,False,1.0,1.0,0.012499999999999983
qwen,order_reversed,reversed_02,HVAC,60,False,1.0,1.0,0.012499999999999983
qwen,order_reversed,reversed_03,HVAC,60,False,1.0,1.0,0.012499999999999983
qwen,order_reversed,reversed_04,HVAC,60,False,1.0,1.0,0.012499999999999983
qwen,order_reversed,reversed_05,HVAC,60,False,1.0,1.0,0.012499999999999983
qwen,extracted,,HVAC,61,False,1.0,1.0,0.016666666666666663
qwen,default_params,,HVAC,61,False,1.0,1.0,0.04666666666666667
qwen,extracted_per_run,shippedrun_01,HVAC,61,False,1.0,1.0,0.023333333333333334
qwen,extracted_per_run,shippedrun_02,HVAC,61,False,1.0,1.0,0.01833333333333333
qwen,extracted_per_run,shippedrun_03,HVAC,61,False,1.0,1.0,0.01833333333333333
qwen,extracted_per_run,shippedrun_04,HVAC,61,False,1.0,1.0,0.015833333333333328
qwen,extracted_per_run,shippedrun_05,HVAC,61,False,1.0,1.0,0.023333333333333334
qwen,order_control,control_01,HVAC,61,False,1.0,1.0,0.01833333333333333
qwen,order_control,control_02,HVAC,61,False,1.0,1.0,0.01833333333333333
qwen,order_control,control_03,HVAC,61,False,1.0,1.0,0.023333333333333334
qwen,order_reversed,reversed_01,HVAC,61,False,1.0,1.0,0.01833333333333333
qwen,order_reversed,reversed_02,HVAC,61,False,1.0,1.0,0.01833333333333333
qwen,order_reversed,reversed_03,HVAC,61,False,1.0,1.0,0.023333333333333334
qwen,order_reversed,reversed_04,HVAC,61,False,1.0,1.0,0.010833333333333325
qwen,order_reversed,reversed_05,HVAC,61,False,1.0,1.0,0.023333333333333334
qwen,extracted,,HVAC,62,False,1.0,1.0,0.04416666666666668
qwen,default_params,,HVAC,62,False,1.0,1.0,0.03666666666666666
qwen,extracted_per_run,shippedrun_01,HVAC,62,False,1.0,1.0,0.029166666666666674
qwen,extracted_per_run,shippedrun_02,HVAC,62,False,1.0,1.0,0.029166666666666674
qwen,extracted_per_run,shippedrun_03,HVAC,62,False,1.0,1.0,0.08166666666666668
qwen,extracted_per_run,shippedrun_04,HVAC,62,False,1.0,1.0,0.0775
qwen,extracted_per_run,shippedrun_05,HVAC,62,False,1.0,1.0,0.025000000000000005
qwen,order_control,control_01,HVAC,62,False,1.0,1.0,0.08166666666666668
qwen,order_control,control_02,HVAC,62,False,1.0,1.0,0.025000000000000005
qwen,order_control,control_03,HVAC,62,False,1.0,1.0,0.029166666666666674
qwen,order_reversed,reversed_01,HVAC,62,False,1.0,1.0,0.04916666666666667
qwen,order_reversed,reversed_02,HVAC,62,False,1.0,1.0,0.029166666666666674
qwen,order_reversed,reversed_03,HVAC,62,False,1.0,1.0,0.029166666666666674
qwen,order_reversed,reversed_04,HVAC,62,False,1.0,1.0,0.029166666666666674
qwen,order_reversed,reversed_05,HVAC,62,False,1.0,1.0,0.025000000000000005
qwen,extracted,,HVAC,63,False,1.0,1.0,0.029166666666666678
qwen,default_params,,HVAC,63,False,1.0,1.0,0.061666666666666675
qwen,extracted_per_run,shippedrun_01,HVAC,63,False,1.0,1.0,0.3658333333333333
qwen,extracted_per_run,shippedrun_02,HVAC,63,False,1.0,1.0,0.010833333333333328
qwen,extracted_per_run,shippedrun_03,HVAC,63,False,1.0,1.0,0.02333333333333333
qwen,extracted_per_run,shippedrun_04,HVAC,63,False,1.0,1.0,0.37166666666666665
qwen,extracted_per_run,shippedrun_05,HVAC,63,False,1.0,1.0,0.07333333333333332
qwen,order_control,control_01,HVAC,63,False,1.0,1.0,0.047499999999999994
qwen,order_control,control_02,HVAC,63,False,1.0,1.0,0.3908333333333333
qwen,order_control,control_03,HVAC,63,False,1.0,1.0,0.05083333333333332
qwen,order_reversed,reversed_01,HVAC,63,False,1.0,1.0,0.3916666666666666
qwen,order_reversed,reversed_02,HVAC,63,False,1.0,1.0,0.3658333333333333
qwen,order_reversed,reversed_03,HVAC,63,False,1.0,1.0,0.047499999999999994
qwen,order_reversed,reversed_04,HVAC,63,False,1.0,1.0,0.060000000000000005
qwen,order_reversed,reversed_05,HVAC,63,False,1.0,1.0,0.3658333333333333
qwen,extracted,,HVAC,64,False,1.0,1.0,0.014999999999999994
qwen,default_params,,HVAC,64,False,1.0,1.0,0.01833333333333333
qwen,extracted_per_run,shippedrun_01,HVAC,64,False,1.0,1.0,0.010000000000000009
qwen,extracted_per_run,shippedrun_02,HVAC,64,False,1.0,1.0,0.03833333333333333
qwen,extracted_per_run,shippedrun_03,HVAC,64,False,1.0,1.0,0.010000000000000009
qwen,extracted_per_run,shippedrun_04,HVAC,64,False,1.0,1.0,0.010000000000000009
qwen,extracted_per_run,shippedrun_05,HVAC,64,False,1.0,1.0,0.010000000000000009
qwen,order_control,control_01,HVAC,64,False,1.0,1.0,0.010000000000000009
qwen,order_control,control_02,HVAC,64,False,1.0,1.0,0.010000000000000009
qwen,order_control,control_03,HVAC,64,False,1.0,1.0,0.010000000000000009
qwen,order_reversed,reversed_01,HVAC,64,False,1.0,1.0,0.010000000000000009
qwen,order_reversed,reversed_02,HVAC,64,False,1.0,1.0,0.03833333333333333
qwen,order_reversed,reversed_03,HVAC,64,False,1.0,1.0,0.010000000000000009
qwen,order_reversed,reversed_04,HVAC,64,False,1.0,1.0,0.010000000000000009
qwen,order_reversed,reversed_05,HVAC,64,False,1.0,1.0,0.010000000000000009
qwen,extracted,,HVAC,65,False,1.0,1.0,0.03666666666666665
qwen,default_params,,HVAC,65,False,1.0,1.0,0.14583333333333331
qwen,extracted_per_run,shippedrun_01,HVAC,65,False,1.0,1.0,0.039166666666666655
qwen,extracted_per_run,shippedrun_02,HVAC,65,False,1.0,1.0,0.039166666666666655
qwen,extracted_per_run,shippedrun_03,HVAC,65,False,1.0,1.0,0.039166666666666655
qwen,extracted_per_run,shippedrun_04,HVAC,65,False,1.0,1.0,0.039166666666666655
qwen,extracted_per_run,shippedrun_05,HVAC,65,False,1.0,1.0,0.02999999999999998
qwen,order_control,control_01,HVAC,65,False,1.0,1.0,0.039166666666666655
qwen,order_control,control_02,HVAC,65,False,1.0,1.0,0.039166666666666655
qwen,order_control,control_03,HVAC,65,False,1.0,1.0,0.02999999999999998
qwen,order_reversed,reversed_01,HVAC,65,False,1.0,1.0,0.039166666666666655
qwen,order_reversed,reversed_02,HVAC,65,False,1.0,1.0,0.039166666666666655
qwen,order_reversed,reversed_03,HVAC,65,False,1.0,1.0,0.039166666666666655
qwen,order_reversed,reversed_04,HVAC,65,False,1.0,1.0,0.039166666666666655
qwen,order_reversed,reversed_05,HVAC,65,False,1.0,1.0,0.039166666666666655
qwen,extracted,,HVAC,66,False,1.0,1.0,0.017500000000000012
qwen,default_params,,HVAC,66,False,1.0,1.0,0.2866666666666666
qwen,extracted_per_run,shippedrun_01,HVAC,66,False,1.0,1.0,0.01916666666666668
qwen,extracted_per_run,shippedrun_02,HVAC,66,False,1.0,1.0,0.1991666666666667
qwen,extracted_per_run,shippedrun_03,HVAC,66,False,1.0,1.0,0.01916666666666668
qwen,extracted_per_run,shippedrun_04,HVAC,66,False,1.0,1.0,0.01916666666666668
qwen,extracted_per_run,shippedrun_05,HVAC,66,False,1.0,1.0,0.1975
qwen,order_control,control_01,HVAC,66,False,1.0,1.0,0.01916666666666668
qwen,order_control,control_02,HVAC,66,False,1.0,1.0,0.20166666666666666
qwen,order_control,control_03,HVAC,66,False,1.0,1.0,0.3283333333333333
qwen,order_reversed,reversed_01,HVAC,66,False,1.0,1.0,0.2625
qwen,order_reversed,reversed_02,HVAC,66,False,1.0,1.0,0.01916666666666668
qwen,order_reversed,reversed_03,HVAC,66,False,1.0,1.0,0.10083333333333334
qwen,order_reversed,reversed_04,HVAC,66,False,1.0,1.0,0.10083333333333334
qwen,order_reversed,reversed_05,HVAC,66,False,1.0,1.0,0.10083333333333334
qwen,extracted,,HVAC,67,False,1.0,1.0,0.028333333333333332
qwen,default_params,,HVAC,67,False,1.0,1.0,0.012500000000000011
qwen,extracted_per_run,shippedrun_01,HVAC,67,False,1.0,1.0,0.023333333333333334
qwen,extracted_per_run,shippedrun_02,HVAC,67,False,1.0,1.0,0.023333333333333334
qwen,extracted_per_run,shippedrun_03,HVAC,67,False,1.0,1.0,0.023333333333333334
qwen,extracted_per_run,shippedrun_04,HVAC,67,False,1.0,1.0,0.023333333333333334
qwen,extracted_per_run,shippedrun_05,HVAC,67,False,1.0,1.0,0.05583333333333334
qwen,order_control,control_01,HVAC,67,False,1.0,1.0,0.043333333333333356
qwen,order_control,control_02,HVAC,67,False,1.0,1.0,0.053333333333333344
qwen,order_control,control_03,HVAC,67,False,1.0,1.0,0.023333333333333334
qwen,order_reversed,reversed_01,HVAC,67,False,1.0,1.0,0.023333333333333334
qwen,order_reversed,reversed_02,HVAC,67,False,1.0,1.0,0.023333333333333334
qwen,order_reversed,reversed_03,HVAC,67,False,1.0,1.0,0.01833333333333333
qwen,order_reversed,reversed_04,HVAC,67,False,1.0,1.0,0.025833333333333337
qwen,order_reversed,reversed_05,HVAC,67,False,1.0,1.0,0.023333333333333334
qwen,extracted,,HVAC,68,False,1.0,1.0,0.12
qwen,default_params,,HVAC,68,False,1.0,1.0,0.22583333333333333
qwen,extracted_per_run,shippedrun_01,HVAC,68,False,1.0,1.0,0.13083333333333333
qwen,extracted_per_run,shippedrun_02,HVAC,68,False,1.0,1.0,0.13083333333333333
qwen,extracted_per_run,shippedrun_03,HVAC,68,False,1.0,1.0,0.13166666666666668
qwen,extracted_per_run,shippedrun_04,HVAC,68,False,1.0,1.0,0.10166666666666668
qwen,extracted_per_run,shippedrun_05,HVAC,68,False,1.0,1.0,0.13166666666666668
qwen,order_control,control_01,HVAC,68,False,1.0,1.0,0.13083333333333333
qwen,order_control,control_02,HVAC,68,False,1.0,1.0,0.13166666666666668
qwen,order_control,control_03,HVAC,68,False,1.0,1.0,0.125
qwen,order_reversed,reversed_01,HVAC,68,False,1.0,1.0,0.19749999999999998
qwen,order_reversed,reversed_02,HVAC,68,False,1.0,1.0,0.19833333333333333
qwen,order_reversed,reversed_03,HVAC,68,False,1.0,1.0,0.13083333333333333
qwen,order_reversed,reversed_04,HVAC,68,False,1.0,1.0,0.03416666666666667
qwen,order_reversed,reversed_05,HVAC,68,False,1.0,1.0,0.13083333333333333
qwen,extracted,,HVAC,69,False,1.0,1.0,0.01833333333333333
qwen,default_params,,HVAC,69,False,1.0,1.0,0.033333333333333326
qwen,extracted_per_run,shippedrun_01,HVAC,69,False,1.0,1.0,0.027499999999999986
qwen,extracted_per_run,shippedrun_02,HVAC,69,False,1.0,1.0,0.02
qwen,extracted_per_run,shippedrun_03,HVAC,69,False,1.0,1.0,0.02
qwen,extracted_per_run,shippedrun_04,HVAC,69,False,1.0,1.0,0.027499999999999986
qwen,extracted_per_run,shippedrun_05,HVAC,69,False,1.0,1.0,0.006666666666666664
qwen,order_control,control_01,HVAC,69,False,1.0,1.0,0.006666666666666664
qwen,order_control,control_02,HVAC,69,False,1.0,1.0,0.027499999999999986
qwen,order_control,control_03,HVAC,69,False,1.0,1.0,0.006666666666666664
qwen,order_reversed,reversed_01,HVAC,69,False,1.0,1.0,0.006666666666666664
qwen,order_reversed,reversed_02,HVAC,69,False,1.0,1.0,0.027499999999999986
qwen,order_reversed,reversed_03,HVAC,69,False,1.0,1.0,0.02
qwen,order_reversed,reversed_04,HVAC,69,False,1.0,1.0,0.006666666666666664
qwen,order_reversed,reversed_05,HVAC,69,False,1.0,1.0,0.027499999999999986
qwen,extracted,,HVAC,70,False,1.0,1.0,0.06
qwen,default_params,,HVAC,70,False,1.0,1.0,0.0625
qwen,extracted_per_run,shippedrun_01,HVAC,70,False,1.0,1.0,0.0375
qwen,extracted_per_run,shippedrun_02,HVAC,70,False,1.0,1.0,0.012500000000000011
qwen,extracted_per_run,shippedrun_03,HVAC,70,False,1.0,1.0,0.0625
qwen,extracted_per_run,shippedrun_04,HVAC,70,False,1.0,1.0,0.0375
qwen,extracted_per_run,shippedrun_05,HVAC,70,False,1.0,1.0,0.06
qwen,order_control,control_01,HVAC,70,False,1.0,1.0,0.06
qwen,order_control,control_02,HVAC,70,False,1.0,1.0,0.010000000000000009
qwen,order_control,control_03,HVAC,70,False,1.0,1.0,0.06749999999999999
qwen,order_reversed,reversed_01,HVAC,70,False,1.0,1.0,0.012500000000000011
qwen,order_reversed,reversed_02,HVAC,70,False,1.0,1.0,0.0625
qwen,order_reversed,reversed_03,HVAC,70,False,1.0,1.0,0.015833333333333338
qwen,order_reversed,reversed_04,HVAC,70,False,1.0,1.0,0.0625
qwen,order_reversed,reversed_05,HVAC,70,False,1.0,1.0,0.010000000000000009
qwen,extracted,,Appliance,71,False,1.0,1.0,0.21916666666666665
qwen,default_params,,Appliance,71,False,1.0,1.0,0.08416666666666665
qwen,extracted_per_run,shippedrun_01,Appliance,71,False,1.0,1.0,0.2416666666666666
qwen,extracted_per_run,shippedrun_02,Appliance,71,False,1.0,1.0,0.2416666666666666
qwen,extracted_per_run,shippedrun_03,Appliance,71,False,1.0,1.0,0.2416666666666666
qwen,extracted_per_run,shippedrun_04,Appliance,71,False,1.0,1.0,0.2416666666666666
qwen,extracted_per_run,shippedrun_05,Appliance,71,False,1.0,1.0,0.125
qwen,order_control,control_01,Appliance,71,False,1.0,1.0,0.2416666666666666
qwen,order_control,control_02,Appliance,71,False,1.0,1.0,0.2416666666666666
qwen,order_control,control_03,Appliance,71,False,1.0,1.0,0.2416666666666666
qwen,order_reversed,reversed_01,Appliance,71,False,1.0,1.0,0.2416666666666666
qwen,order_reversed,reversed_02,Appliance,71,False,1.0,1.0,0.2416666666666666
qwen,order_reversed,reversed_03,Appliance,71,False,1.0,1.0,0.2416666666666666
qwen,order_reversed,reversed_04,Appliance,71,False,1.0,1.0,0.2416666666666666
qwen,order_reversed,reversed_05,Appliance,71,False,1.0,1.0,0.2416666666666666
qwen,extracted,,Appliance,72,False,1.0,1.0,0.01166666666666667
qwen,default_params,,Appliance,72,False,-0.33333333333333337,0.0,0.42750000000000005
qwen,extracted_per_run,shippedrun_01,Appliance,72,False,1.0,1.0,0.036666666666666674
qwen,extracted_per_run,shippedrun_02,Appliance,72,False,1.0,1.0,0.09166666666666666
qwen,extracted_per_run,shippedrun_03,Appliance,72,False,1.0,1.0,0.036666666666666674
qwen,extracted_per_run,shippedrun_04,Appliance,72,False,1.0,1.0,0.036666666666666674
qwen,extracted_per_run,shippedrun_05,Appliance,72,False,1.0,1.0,0.036666666666666674
qwen,order_control,control_01,Appliance,72,False,1.0,1.0,0.036666666666666674
qwen,order_control,control_02,Appliance,72,False,1.0,1.0,0.036666666666666674
qwen,order_control,control_03,Appliance,72,False,1.0,1.0,0.036666666666666674
qwen,order_reversed,reversed_01,Appliance,72,False,1.0,1.0,0.036666666666666674
qwen,order_reversed,reversed_02,Appliance,72,False,1.0,1.0,0.036666666666666674
qwen,order_reversed,reversed_03,Appliance,72,False,1.0,1.0,0.036666666666666674
qwen,order_reversed,reversed_04,Appliance,72,False,1.0,1.0,0.07999999999999999
qwen,order_reversed,reversed_05,Appliance,72,False,1.0,1.0,0.036666666666666674
qwen,extracted,,Appliance,73,False,1.0,1.0,0.01833333333333333
qwen,default_params,,Appliance,73,False,-1.0,0.0,0.2283333333333333
qwen,extracted_per_run,shippedrun_01,Appliance,73,False,1.0,1.0,0.01833333333333333
qwen,extracted_per_run,shippedrun_02,Appliance,73,False,1.0,1.0,0.01833333333333333
qwen,extracted_per_run,shippedrun_03,Appliance,73,False,1.0,1.0,0.01833333333333333
qwen,extracted_per_run,shippedrun_04,Appliance,73,False,1.0,1.0,0.01833333333333333
qwen,extracted_per_run,shippedrun_05,Appliance,73,False,1.0,1.0,0.01833333333333333
qwen,order_control,control_01,Appliance,73,False,1.0,1.0,0.01833333333333333
qwen,order_control,control_02,Appliance,73,False,1.0,1.0,0.01833333333333333
qwen,order_control,control_03,Appliance,73,False,1.0,1.0,0.01833333333333333
qwen,order_reversed,reversed_01,Appliance,73,False,1.0,1.0,0.01833333333333333
qwen,order_reversed,reversed_02,Appliance,73,False,1.0,1.0,0.01833333333333333
qwen,order_reversed,reversed_03,Appliance,73,False,1.0,1.0,0.01833333333333333
qwen,order_reversed,reversed_04,Appliance,73,False,1.0,1.0,0.01833333333333333
qwen,order_reversed,reversed_05,Appliance,73,False,1.0,1.0,0.01833333333333333
qwen,extracted,,Appliance,74,False,1.0,1.0,0.2658333333333333
qwen,default_params,,Appliance,74,False,0.33333333333333337,0.0,0.2241666666666667
qwen,extracted_per_run,shippedrun_01,Appliance,74,False,1.0,1.0,0.2658333333333333
qwen,extracted_per_run,shippedrun_02,Appliance,74,False,1.0,1.0,0.2658333333333333
qwen,extracted_per_run,shippedrun_03,Appliance,74,False,1.0,1.0,0.2658333333333333
qwen,extracted_per_run,shippedrun_04,Appliance,74,False,1.0,1.0,0.2658333333333333
qwen,extracted_per_run,shippedrun_05,Appliance,74,False,1.0,1.0,0.2658333333333333
qwen,order_control,control_01,Appliance,74,False,1.0,1.0,0.2658333333333333
qwen,order_control,control_02,Appliance,74,False,1.0,1.0,0.1475
qwen,order_control,control_03,Appliance,74,False,1.0,1.0,0.2658333333333333
qwen,order_reversed,reversed_01,Appliance,74,False,1.0,1.0,0.2658333333333333
qwen,order_reversed,reversed_02,Appliance,74,False,1.0,1.0,0.2658333333333333
qwen,order_reversed,reversed_03,Appliance,74,False,1.0,1.0,0.2658333333333333
qwen,order_reversed,reversed_04,Appliance,74,False,1.0,1.0,0.2658333333333333
qwen,order_reversed,reversed_05,Appliance,74,False,1.0,1.0,0.2658333333333333
qwen,extracted,,Appliance,75,False,1.0,1.0,0.0
qwen,default_params,,Appliance,75,False,-0.33333333333333337,0.0,0.38666666666666655
qwen,extracted_per_run,shippedrun_01,Appliance,75,False,1.0,1.0,0.0
qwen,extracted_per_run,shippedrun_02,Appliance,75,False,1.0,1.0,0.0
qwen,extracted_per_run,shippedrun_03,Appliance,75,False,1.0,1.0,0.0
qwen,extracted_per_run,shippedrun_04,Appliance,75,False,1.0,1.0,0.0
qwen,extracted_per_run,shippedrun_05,Appliance,75,False,1.0,1.0,0.0
qwen,order_control,control_01,Appliance,75,False,1.0,1.0,0.0
qwen,order_control,control_02,Appliance,75,False,1.0,1.0,0.0
qwen,order_control,control_03,Appliance,75,False,1.0,1.0,0.0
qwen,order_reversed,reversed_01,Appliance,75,False,1.0,1.0,0.0
qwen,order_reversed,reversed_02,Appliance,75,False,1.0,1.0,0.0
qwen,order_reversed,reversed_03,Appliance,75,False,1.0,1.0,0.0
qwen,order_reversed,reversed_04,Appliance,75,False,1.0,1.0,0.0
qwen,order_reversed,reversed_05,Appliance,75,False,1.0,1.0,0.0
qwen,extracted,,Appliance,76,False,1.0,1.0,0.2166666666666667
qwen,default_params,,Appliance,76,False,-1.0,0.0,0.3283333333333333
qwen,extracted_per_run,shippedrun_01,Appliance,76,False,1.0,1.0,0.2166666666666667
qwen,extracted_per_run,shippedrun_02,Appliance,76,False,1.0,1.0,0.2166666666666667
qwen,extracted_per_run,shippedrun_03,Appliance,76,False,1.0,1.0,0.2166666666666667
qwen,extracted_per_run,shippedrun_04,Appliance,76,False,1.0,1.0,0.2166666666666667
qwen,extracted_per_run,shippedrun_05,Appliance,76,False,1.0,1.0,0.2166666666666667
qwen,order_control,control_01,Appliance,76,False,1.0,1.0,0.2166666666666667
qwen,order_control,control_02,Appliance,76,False,1.0,1.0,0.2166666666666667
qwen,order_control,control_03,Appliance,76,False,1.0,1.0,0.2166666666666667
qwen,order_reversed,reversed_01,Appliance,76,False,1.0,1.0,0.09999999999999999
qwen,order_reversed,reversed_02,Appliance,76,False,1.0,1.0,0.2166666666666667
qwen,order_reversed,reversed_03,Appliance,76,False,1.0,1.0,0.2166666666666667
qwen,order_reversed,reversed_04,Appliance,76,False,1.0,1.0,0.2166666666666667
qwen,order_reversed,reversed_05,Appliance,76,False,1.0,1.0,0.2166666666666667
qwen,extracted,,Appliance,77,False,1.0,1.0,0.08916666666666667
qwen,default_params,,Appliance,77,False,0.33333333333333337,1.0,0.24249999999999994
qwen,extracted_per_run,shippedrun_01,Appliance,77,False,1.0,1.0,0.08916666666666667
qwen,extracted_per_run,shippedrun_02,Appliance,77,False,1.0,1.0,0.08916666666666667
qwen,extracted_per_run,shippedrun_03,Appliance,77,False,1.0,1.0,0.08916666666666667
qwen,extracted_per_run,shippedrun_04,Appliance,77,False,1.0,1.0,0.08916666666666667
qwen,extracted_per_run,shippedrun_05,Appliance,77,False,1.0,1.0,0.08916666666666667
qwen,order_control,control_01,Appliance,77,False,1.0,1.0,0.08916666666666667
qwen,order_control,control_02,Appliance,77,False,1.0,1.0,0.08916666666666667
qwen,order_control,control_03,Appliance,77,False,1.0,1.0,0.08916666666666667
qwen,order_reversed,reversed_01,Appliance,77,False,1.0,1.0,0.08916666666666667
qwen,order_reversed,reversed_02,Appliance,77,False,1.0,1.0,0.08916666666666667
qwen,order_reversed,reversed_03,Appliance,77,False,1.0,1.0,0.08916666666666667
qwen,order_reversed,reversed_04,Appliance,77,False,1.0,1.0,0.08916666666666667
qwen,order_reversed,reversed_05,Appliance,77,False,1.0,1.0,0.08916666666666667
qwen,extracted,,Appliance,78,False,1.0,1.0,0.013333333333333345
qwen,default_params,,Appliance,78,False,1.0,1.0,0.06249999999999998
qwen,extracted_per_run,shippedrun_01,Appliance,78,False,1.0,1.0,0.013333333333333345
qwen,extracted_per_run,shippedrun_02,Appliance,78,False,1.0,1.0,0.013333333333333345
qwen,extracted_per_run,shippedrun_03,Appliance,78,False,1.0,1.0,0.013333333333333345
qwen,extracted_per_run,shippedrun_04,Appliance,78,False,1.0,1.0,0.013333333333333345
qwen,extracted_per_run,shippedrun_05,Appliance,78,False,1.0,1.0,0.013333333333333345
qwen,order_control,control_01,Appliance,78,False,1.0,1.0,0.013333333333333345
qwen,order_control,control_02,Appliance,78,False,1.0,1.0,0.013333333333333345
qwen,order_control,control_03,Appliance,78,False,1.0,1.0,0.013333333333333345
qwen,order_reversed,reversed_01,Appliance,78,False,1.0,1.0,0.013333333333333345
qwen,order_reversed,reversed_02,Appliance,78,False,1.0,1.0,0.013333333333333345
qwen,order_reversed,reversed_03,Appliance,78,False,1.0,1.0,0.013333333333333345
qwen,order_reversed,reversed_04,Appliance,78,False,1.0,1.0,0.027499999999999997
qwen,order_reversed,reversed_05,Appliance,78,False,1.0,1.0,0.013333333333333345
qwen,extracted,,Appliance,79,False,1.0,1.0,0.044999999999999984
qwen,default_params,,Appliance,79,False,1.0,1.0,0.21833333333333335
qwen,extracted_per_run,shippedrun_01,Appliance,79,False,1.0,1.0,0.044999999999999984
qwen,extracted_per_run,shippedrun_02,Appliance,79,False,1.0,1.0,0.044999999999999984
qwen,extracted_per_run,shippedrun_03,Appliance,79,False,1.0,1.0,0.044999999999999984
qwen,extracted_per_run,shippedrun_04,Appliance,79,False,1.0,1.0,0.044999999999999984
qwen,extracted_per_run,shippedrun_05,Appliance,79,False,1.0,1.0,0.044999999999999984
qwen,order_control,control_01,Appliance,79,False,1.0,1.0,0.044999999999999984
qwen,order_control,control_02,Appliance,79,False,1.0,1.0,0.04916666666666667
qwen,order_control,control_03,Appliance,79,False,1.0,1.0,0.044999999999999984
qwen,order_reversed,reversed_01,Appliance,79,False,1.0,1.0,0.044999999999999984
qwen,order_reversed,reversed_02,Appliance,79,False,1.0,1.0,0.04916666666666667
qwen,order_reversed,reversed_03,Appliance,79,False,1.0,1.0,0.06916666666666665
qwen,order_reversed,reversed_04,Appliance,79,False,1.0,1.0,0.044999999999999984
qwen,order_reversed,reversed_05,Appliance,79,False,1.0,1.0,0.044999999999999984
qwen,extracted,,Appliance,80,False,1.0,1.0,0.08916666666666669
qwen,default_params,,Appliance,80,False,0.33333333333333337,1.0,0.10833333333333335
qwen,extracted_per_run,shippedrun_01,Appliance,80,False,1.0,1.0,0.08916666666666669
qwen,extracted_per_run,shippedrun_02,Appliance,80,False,1.0,1.0,0.08916666666666669
qwen,extracted_per_run,shippedrun_03,Appliance,80,False,1.0,1.0,0.08916666666666669
qwen,extracted_per_run,shippedrun_04,Appliance,80,False,1.0,1.0,0.08916666666666669
qwen,extracted_per_run,shippedrun_05,Appliance,80,False,1.0,1.0,0.08916666666666669
qwen,order_control,control_01,Appliance,80,False,1.0,1.0,0.08916666666666669
qwen,order_control,control_02,Appliance,80,False,1.0,1.0,0.08916666666666669
qwen,order_control,control_03,Appliance,80,False,1.0,1.0,0.08916666666666669
qwen,order_reversed,reversed_01,Appliance,80,False,1.0,1.0,0.04083333333333335
qwen,order_reversed,reversed_02,Appliance,80,False,1.0,1.0,0.08916666666666669
qwen,order_reversed,reversed_03,Appliance,80,False,1.0,1.0,0.08916666666666669
qwen,order_reversed,reversed_04,Appliance,80,False,1.0,1.0,0.08916666666666669
qwen,order_reversed,reversed_05,Appliance,80,False,1.0,1.0,0.08916666666666669
qwen,extracted,,Appliance,81,False,1.0,1.0,0.07916666666666668
qwen,default_params,,Appliance,81,False,0.33333333333333337,0.0,0.15583333333333335
qwen,extracted_per_run,shippedrun_01,Appliance,81,False,1.0,1.0,0.10666666666666665
qwen,extracted_per_run,shippedrun_02,Appliance,81,False,1.0,1.0,0.06916666666666667
qwen,extracted_per_run,shippedrun_03,Appliance,81,False,1.0,1.0,0.06916666666666667
qwen,extracted_per_run,shippedrun_04,Appliance,81,False,1.0,1.0,0.06916666666666667
qwen,extracted_per_run,shippedrun_05,Appliance,81,False,1.0,1.0,0.06916666666666667
qwen,order_control,control_01,Appliance,81,False,1.0,1.0,0.06916666666666667
qwen,order_control,control_02,Appliance,81,False,1.0,1.0,0.06916666666666667
qwen,order_control,control_03,Appliance,81,False,1.0,1.0,0.06916666666666667
qwen,order_reversed,reversed_01,Appliance,81,False,1.0,1.0,0.06916666666666667
qwen,order_reversed,reversed_02,Appliance,81,False,1.0,1.0,0.06916666666666667
qwen,order_reversed,reversed_03,Appliance,81,False,1.0,1.0,0.06916666666666667
qwen,order_reversed,reversed_04,Appliance,81,False,1.0,1.0,0.06916666666666667
qwen,order_reversed,reversed_05,Appliance,81,False,1.0,1.0,0.06916666666666667
qwen,extracted,,Appliance,82,False,1.0,1.0,0.25333333333333335
qwen,default_params,,Appliance,82,False,1.0,1.0,0.1025
qwen,extracted_per_run,shippedrun_01,Appliance,82,False,1.0,1.0,0.14916666666666667
qwen,extracted_per_run,shippedrun_02,Appliance,82,False,1.0,1.0,0.27166666666666667
qwen,extracted_per_run,shippedrun_03,Appliance,82,False,1.0,1.0,0.27166666666666667
qwen,extracted_per_run,shippedrun_04,Appliance,82,False,1.0,1.0,0.27166666666666667
qwen,extracted_per_run,shippedrun_05,Appliance,82,False,1.0,1.0,0.27166666666666667
qwen,order_control,control_01,Appliance,82,False,1.0,1.0,0.27166666666666667
qwen,order_control,control_02,Appliance,82,False,1.0,1.0,0.27166666666666667
qwen,order_control,control_03,Appliance,82,False,1.0,1.0,0.27166666666666667
qwen,order_reversed,reversed_01,Appliance,82,False,1.0,1.0,0.27166666666666667
qwen,order_reversed,reversed_02,Appliance,82,False,1.0,1.0,0.27166666666666667
qwen,order_reversed,reversed_03,Appliance,82,False,1.0,1.0,0.27166666666666667
qwen,order_reversed,reversed_04,Appliance,82,False,1.0,1.0,0.27166666666666667
qwen,order_reversed,reversed_05,Appliance,82,False,1.0,1.0,0.27166666666666667
qwen,extracted,,Appliance,83,False,1.0,1.0,0.01833333333333334
qwen,default_params,,Appliance,83,False,-1.0,0.0,0.5299999999999999
qwen,extracted_per_run,shippedrun_01,Appliance,83,False,1.0,1.0,0.0
qwen,extracted_per_run,shippedrun_02,Appliance,83,False,1.0,1.0,0.04000000000000001
qwen,extracted_per_run,shippedrun_03,Appliance,83,False,1.0,1.0,0.0
qwen,extracted_per_run,shippedrun_04,Appliance,83,False,1.0,1.0,0.0
qwen,extracted_per_run,shippedrun_05,Appliance,83,False,1.0,1.0,0.0
qwen,order_control,control_01,Appliance,83,False,1.0,1.0,0.03
qwen,order_control,control_02,Appliance,83,False,1.0,1.0,0.0
qwen,order_control,control_03,Appliance,83,False,1.0,1.0,0.0
qwen,order_reversed,reversed_01,Appliance,83,False,1.0,1.0,0.0
qwen,order_reversed,reversed_02,Appliance,83,False,1.0,1.0,0.0
qwen,order_reversed,reversed_03,Appliance,83,False,1.0,1.0,0.0
qwen,order_reversed,reversed_04,Appliance,83,False,1.0,1.0,0.0
qwen,order_reversed,reversed_05,Appliance,83,False,1.0,1.0,0.0
qwen,extracted,,Appliance,84,False,1.0,1.0,0.027500000000000007
qwen,default_params,,Appliance,84,False,1.0,1.0,0.26833333333333337
qwen,extracted_per_run,shippedrun_01,Appliance,84,False,1.0,1.0,0.027500000000000007
qwen,extracted_per_run,shippedrun_02,Appliance,84,False,1.0,1.0,0.027500000000000007
qwen,extracted_per_run,shippedrun_03,Appliance,84,False,1.0,1.0,0.027500000000000007
qwen,extracted_per_run,shippedrun_04,Appliance,84,False,1.0,1.0,0.027500000000000007
qwen,extracted_per_run,shippedrun_05,Appliance,84,False,1.0,1.0,0.027500000000000007
qwen,order_control,control_01,Appliance,84,False,1.0,1.0,0.027500000000000007
qwen,order_control,control_02,Appliance,84,False,1.0,1.0,0.027500000000000007
qwen,order_control,control_03,Appliance,84,False,1.0,1.0,0.027500000000000007
qwen,order_reversed,reversed_01,Appliance,84,False,1.0,1.0,0.06833333333333332
qwen,order_reversed,reversed_02,Appliance,84,False,1.0,1.0,0.06833333333333332
qwen,order_reversed,reversed_03,Appliance,84,False,0.33333333333333337,0.0,0.05583333333333334
qwen,order_reversed,reversed_04,Appliance,84,False,1.0,1.0,0.027500000000000007
qwen,order_reversed,reversed_05,Appliance,84,False,1.0,1.0,0.027500000000000007
qwen,extracted,,Appliance,85,False,0.33333333333333337,1.0,0.07416666666666669
qwen,default_params,,Appliance,85,False,0.33333333333333337,0.0,0.165
qwen,extracted_per_run,shippedrun_01,Appliance,85,False,0.33333333333333337,1.0,0.07416666666666669
qwen,extracted_per_run,shippedrun_02,Appliance,85,False,0.33333333333333337,1.0,0.07416666666666669
qwen,extracted_per_run,shippedrun_03,Appliance,85,False,0.33333333333333337,1.0,0.07416666666666669
qwen,extracted_per_run,shippedrun_04,Appliance,85,False,0.33333333333333337,1.0,0.07416666666666669
qwen,extracted_per_run,shippedrun_05,Appliance,85,False,0.33333333333333337,1.0,0.07416666666666669
qwen,order_control,control_01,Appliance,85,False,0.33333333333333337,1.0,0.07416666666666669
qwen,order_control,control_02,Appliance,85,False,0.33333333333333337,1.0,0.07416666666666669
qwen,order_control,control_03,Appliance,85,False,0.33333333333333337,1.0,0.07416666666666669
qwen,order_reversed,reversed_01,Appliance,85,False,0.33333333333333337,1.0,0.07416666666666669
qwen,order_reversed,reversed_02,Appliance,85,False,1.0,1.0,0.03500000000000003
qwen,order_reversed,reversed_03,Appliance,85,False,0.33333333333333337,1.0,0.07416666666666669
qwen,order_reversed,reversed_04,Appliance,85,False,0.33333333333333337,1.0,0.07416666666666669
qwen,order_reversed,reversed_05,Appliance,85,False,0.33333333333333337,1.0,0.07416666666666669
qwen,extracted,,Appliance,86,False,1.0,1.0,0.2833333333333333
qwen,default_params,,Appliance,86,False,-1.0,0.0,0.33499999999999996
qwen,extracted_per_run,shippedrun_01,Appliance,86,False,1.0,1.0,0.2833333333333333
qwen,extracted_per_run,shippedrun_02,Appliance,86,False,1.0,1.0,0.31666666666666665
qwen,extracted_per_run,shippedrun_03,Appliance,86,False,1.0,1.0,0.2833333333333333
qwen,extracted_per_run,shippedrun_04,Appliance,86,False,1.0,1.0,0.2833333333333333
qwen,extracted_per_run,shippedrun_05,Appliance,86,False,1.0,1.0,0.2833333333333333
qwen,order_control,control_01,Appliance,86,False,1.0,1.0,0.2833333333333333
qwen,order_control,control_02,Appliance,86,False,1.0,1.0,0.2833333333333333
qwen,order_control,control_03,Appliance,86,False,1.0,1.0,0.31666666666666665
qwen,order_reversed,reversed_01,Appliance,86,False,1.0,1.0,0.2833333333333333
qwen,order_reversed,reversed_02,Appliance,86,False,1.0,1.0,0.2833333333333333
qwen,order_reversed,reversed_03,Appliance,86,False,1.0,1.0,0.2833333333333333
qwen,order_reversed,reversed_04,Appliance,86,False,1.0,1.0,0.2833333333333333
qwen,order_reversed,reversed_05,Appliance,86,False,1.0,1.0,0.2833333333333333
qwen,extracted,,Appliance,87,False,-0.33333333333333337,0.0,0.2833333333333334
qwen,default_params,,Appliance,87,False,0.33333333333333337,0.0,0.1991666666666667
qwen,extracted_per_run,shippedrun_01,Appliance,87,False,-0.33333333333333337,0.0,0.2833333333333334
qwen,extracted_per_run,shippedrun_02,Appliance,87,False,-0.33333333333333337,0.0,0.2833333333333334
qwen,extracted_per_run,shippedrun_03,Appliance,87,False,-0.33333333333333337,0.0,0.2833333333333334
qwen,extracted_per_run,shippedrun_04,Appliance,87,False,-0.33333333333333337,0.0,0.2833333333333334
qwen,extracted_per_run,shippedrun_05,Appliance,87,False,-0.33333333333333337,0.0,0.2833333333333334
qwen,order_control,control_01,Appliance,87,False,-0.33333333333333337,0.0,0.2833333333333334
qwen,order_control,control_02,Appliance,87,False,-0.33333333333333337,0.0,0.2833333333333334
qwen,order_control,control_03,Appliance,87,False,-0.33333333333333337,0.0,0.2833333333333334
qwen,order_reversed,reversed_01,Appliance,87,False,-0.33333333333333337,0.0,0.2833333333333334
qwen,order_reversed,reversed_02,Appliance,87,False,-0.33333333333333337,0.0,0.2833333333333334
qwen,order_reversed,reversed_03,Appliance,87,False,-0.33333333333333337,0.0,0.2833333333333334
qwen,order_reversed,reversed_04,Appliance,87,False,-0.33333333333333337,0.0,0.2833333333333334
qwen,order_reversed,reversed_05,Appliance,87,False,-0.33333333333333337,0.0,0.2833333333333334
qwen,extracted,,Appliance,88,False,1.0,1.0,0.024999999999999984
qwen,default_params,,Appliance,88,False,1.0,1.0,0.33416666666666667
qwen,extracted_per_run,shippedrun_01,Appliance,88,False,1.0,1.0,0.12166666666666666
qwen,extracted_per_run,shippedrun_02,Appliance,88,False,1.0,1.0,0.0
qwen,extracted_per_run,shippedrun_03,Appliance,88,False,1.0,1.0,0.0
qwen,extracted_per_run,shippedrun_04,Appliance,88,False,1.0,1.0,0.0
qwen,extracted_per_run,shippedrun_05,Appliance,88,False,1.0,1.0,0.0
qwen,order_control,control_01,Appliance,88,False,1.0,1.0,0.0
qwen,order_control,control_02,Appliance,88,False,1.0,1.0,0.0
qwen,order_control,control_03,Appliance,88,False,1.0,1.0,0.0
qwen,order_reversed,reversed_01,Appliance,88,False,1.0,1.0,0.0
qwen,order_reversed,reversed_02,Appliance,88,False,1.0,1.0,0.0
qwen,order_reversed,reversed_03,Appliance,88,False,1.0,1.0,0.0
qwen,order_reversed,reversed_04,Appliance,88,False,1.0,1.0,0.0
qwen,order_reversed,reversed_05,Appliance,88,False,1.0,1.0,0.12166666666666666
qwen,extracted,,Appliance,89,False,0.33333333333333337,0.0,0.2966666666666667
qwen,default_params,,Appliance,89,False,0.33333333333333337,0.0,0.1708333333333333
qwen,extracted_per_run,shippedrun_01,Appliance,89,False,-0.33333333333333337,0.0,0.3958333333333333
qwen,extracted_per_run,shippedrun_02,Appliance,89,False,0.33333333333333337,0.0,0.2725
qwen,extracted_per_run,shippedrun_03,Appliance,89,False,0.33333333333333337,0.0,0.2725
qwen,extracted_per_run,shippedrun_04,Appliance,89,False,0.33333333333333337,0.0,0.2725
qwen,extracted_per_run,shippedrun_05,Appliance,89,False,0.33333333333333337,0.0,0.2725
qwen,order_control,control_01,Appliance,89,False,0.33333333333333337,0.0,0.2725
qwen,order_control,control_02,Appliance,89,False,0.33333333333333337,0.0,0.2725
qwen,order_control,control_03,Appliance,89,False,0.33333333333333337,0.0,0.2725
qwen,order_reversed,reversed_01,Appliance,89,False,0.33333333333333337,0.0,0.2725
qwen,order_reversed,reversed_02,Appliance,89,False,0.33333333333333337,0.0,0.2725
qwen,order_reversed,reversed_03,Appliance,89,False,0.33333333333333337,0.0,0.2725
qwen,order_reversed,reversed_04,Appliance,89,False,0.33333333333333337,0.0,0.2725
qwen,order_reversed,reversed_05,Appliance,89,False,0.33333333333333337,0.0,0.2725
qwen,extracted,,Appliance,90,False,1.0,1.0,0.07500000000000002
qwen,default_params,,Appliance,90,False,1.0,1.0,0.12500000000000003
qwen,extracted_per_run,shippedrun_01,Appliance,90,False,1.0,1.0,0.07500000000000002
qwen,extracted_per_run,shippedrun_02,Appliance,90,False,1.0,1.0,0.07500000000000002
qwen,extracted_per_run,shippedrun_03,Appliance,90,False,1.0,1.0,0.07500000000000002
qwen,extracted_per_run,shippedrun_04,Appliance,90,False,1.0,1.0,0.07500000000000002
qwen,extracted_per_run,shippedrun_05,Appliance,90,False,1.0,1.0,0.07500000000000002
qwen,order_control,control_01,Appliance,90,False,1.0,1.0,0.07500000000000002
qwen,order_control,control_02,Appliance,90,False,1.0,1.0,0.07500000000000002
qwen,order_control,control_03,Appliance,90,False,1.0,1.0,0.07500000000000002
qwen,order_reversed,reversed_01,Appliance,90,False,1.0,1.0,0.07500000000000002
qwen,order_reversed,reversed_02,Appliance,90,False,1.0,1.0,0.07500000000000002
qwen,order_reversed,reversed_03,Appliance,90,False,1.0,1.0,0.07500000000000002
qwen,order_reversed,reversed_04,Appliance,90,False,1.0,1.0,0.07500000000000002
qwen,order_reversed,reversed_05,Appliance,90,False,1.0,1.0,0.07500000000000002
qwen,extracted,,Appliance,91,False,0.33333333333333337,1.0,0.265
qwen,default_params,,Appliance,91,False,0.33333333333333337,0.0,0.25083333333333335
qwen,extracted_per_run,shippedrun_01,Appliance,91,False,1.0,1.0,0.15416666666666667
qwen,extracted_per_run,shippedrun_02,Appliance,91,False,0.33333333333333337,1.0,0.29083333333333333
qwen,extracted_per_run,shippedrun_03,Appliance,91,False,0.33333333333333337,1.0,0.29083333333333333
qwen,extracted_per_run,shippedrun_04,Appliance,91,False,0.33333333333333337,1.0,0.29083333333333333
qwen,extracted_per_run,shippedrun_05,Appliance,91,False,0.33333333333333337,1.0,0.29083333333333333
qwen,order_control,control_01,Appliance,91,False,0.33333333333333337,1.0,0.29083333333333333
qwen,order_control,control_02,Appliance,91,False,0.33333333333333337,1.0,0.29083333333333333
qwen,order_control,control_03,Appliance,91,False,0.33333333333333337,1.0,0.29083333333333333
qwen,order_reversed,reversed_01,Appliance,91,False,0.33333333333333337,1.0,0.29083333333333333
qwen,order_reversed,reversed_02,Appliance,91,False,0.33333333333333337,1.0,0.29083333333333333
qwen,order_reversed,reversed_03,Appliance,91,False,0.33333333333333337,1.0,0.29083333333333333
qwen,order_reversed,reversed_04,Appliance,91,False,0.33333333333333337,1.0,0.29083333333333333
qwen,order_reversed,reversed_05,Appliance,91,False,0.33333333333333337,1.0,0.29083333333333333
qwen,extracted,,Appliance,92,False,1.0,1.0,0.04749999999999999
qwen,default_params,,Appliance,92,False,1.0,1.0,0.3816666666666666
qwen,extracted_per_run,shippedrun_01,Appliance,92,False,1.0,1.0,0.12416666666666669
qwen,extracted_per_run,shippedrun_02,Appliance,92,False,1.0,1.0,0.0
qwen,extracted_per_run,shippedrun_03,Appliance,92,False,1.0,1.0,0.0
qwen,extracted_per_run,shippedrun_04,Appliance,92,False,1.0,1.0,0.12416666666666669
qwen,extracted_per_run,shippedrun_05,Appliance,92,False,1.0,1.0,0.0
qwen,order_control,control_01,Appliance,92,False,1.0,1.0,0.0
qwen,order_control,control_02,Appliance,92,False,1.0,1.0,0.030833333333333338
qwen,order_control,control_03,Appliance,92,False,1.0,1.0,0.0
qwen,order_reversed,reversed_01,Appliance,92,False,1.0,1.0,0.0
qwen,order_reversed,reversed_02,Appliance,92,False,1.0,1.0,0.0
qwen,order_reversed,reversed_03,Appliance,92,False,1.0,1.0,0.0
qwen,order_reversed,reversed_04,Appliance,92,False,1.0,1.0,0.0
qwen,order_reversed,reversed_05,Appliance,92,False,1.0,1.0,0.0
qwen,extracted,,Appliance,93,False,1.0,1.0,0.0
qwen,default_params,,Appliance,93,False,1.0,1.0,0.32249999999999995
qwen,extracted_per_run,shippedrun_01,Appliance,93,False,1.0,1.0,0.0
qwen,extracted_per_run,shippedrun_02,Appliance,93,False,1.0,1.0,0.0
qwen,extracted_per_run,shippedrun_03,Appliance,93,False,1.0,1.0,0.0
qwen,extracted_per_run,shippedrun_04,Appliance,93,False,1.0,1.0,0.0
qwen,extracted_per_run,shippedrun_05,Appliance,93,False,1.0,1.0,0.0
qwen,order_control,control_01,Appliance,93,False,1.0,1.0,0.0
qwen,order_control,control_02,Appliance,93,False,0.33333333333333337,0.0,0.03416666666666667
qwen,order_control,control_03,Appliance,93,False,1.0,1.0,0.0
qwen,order_reversed,reversed_01,Appliance,93,False,1.0,1.0,0.0
qwen,order_reversed,reversed_02,Appliance,93,False,1.0,1.0,0.0
qwen,order_reversed,reversed_03,Appliance,93,False,1.0,1.0,0.0
qwen,order_reversed,reversed_04,Appliance,93,False,1.0,1.0,0.0
qwen,order_reversed,reversed_05,Appliance,93,False,1.0,1.0,0.0
qwen,extracted,,Appliance,94,False,1.0,1.0,0.06833333333333334
qwen,default_params,,Appliance,94,False,1.0,1.0,0.08916666666666667
qwen,extracted_per_run,shippedrun_01,Appliance,94,False,1.0,1.0,0.06833333333333334
qwen,extracted_per_run,shippedrun_02,Appliance,94,False,1.0,1.0,0.06833333333333334
qwen,extracted_per_run,shippedrun_03,Appliance,94,False,1.0,1.0,0.06833333333333334
qwen,extracted_per_run,shippedrun_04,Appliance,94,False,1.0,1.0,0.06833333333333334
qwen,extracted_per_run,shippedrun_05,Appliance,94,False,1.0,1.0,0.06833333333333334
qwen,order_control,control_01,Appliance,94,False,1.0,1.0,0.06833333333333334
qwen,order_control,control_02,Appliance,94,False,1.0,1.0,0.06833333333333334
qwen,order_control,control_03,Appliance,94,False,1.0,1.0,0.06833333333333334
qwen,order_reversed,reversed_01,Appliance,94,False,1.0,1.0,0.06833333333333334
qwen,order_reversed,reversed_02,Appliance,94,False,1.0,1.0,0.06833333333333334
qwen,order_reversed,reversed_03,Appliance,94,False,1.0,1.0,0.06833333333333334
qwen,order_reversed,reversed_04,Appliance,94,False,1.0,1.0,0.06833333333333334
qwen,order_reversed,reversed_05,Appliance,94,False,1.0,1.0,0.030833333333333334
qwen,extracted,,Appliance,95,False,1.0,1.0,0.32749999999999996
qwen,default_params,,Appliance,95,False,-1.0,0.0,0.23166666666666666
qwen,extracted_per_run,shippedrun_01,Appliance,95,False,1.0,1.0,0.37250000000000005
qwen,extracted_per_run,shippedrun_02,Appliance,95,False,1.0,1.0,0.2916666666666667
qwen,extracted_per_run,shippedrun_03,Appliance,95,False,1.0,1.0,0.37250000000000005
qwen,extracted_per_run,shippedrun_04,Appliance,95,False,1.0,1.0,0.2916666666666667
qwen,extracted_per_run,shippedrun_05,Appliance,95,False,1.0,1.0,0.2916666666666667
qwen,order_control,control_01,Appliance,95,False,1.0,1.0,0.2916666666666667
qwen,order_control,control_02,Appliance,95,False,1.0,1.0,0.2916666666666667
qwen,order_control,control_03,Appliance,95,False,1.0,1.0,0.2916666666666667
qwen,order_reversed,reversed_01,Appliance,95,False,1.0,1.0,0.2916666666666667
qwen,order_reversed,reversed_02,Appliance,95,False,1.0,1.0,0.2916666666666667
qwen,order_reversed,reversed_03,Appliance,95,False,1.0,1.0,0.2916666666666667
qwen,order_reversed,reversed_04,Appliance,95,False,1.0,1.0,0.2916666666666667
qwen,order_reversed,reversed_05,Appliance,95,False,1.0,1.0,0.2916666666666667
qwen,extracted,,Appliance,96,False,1.0,1.0,0.24750000000000003
qwen,default_params,,Appliance,96,False,-0.33333333333333337,0.0,0.2333333333333333
qwen,extracted_per_run,shippedrun_01,Appliance,96,False,1.0,1.0,0.27249999999999996
qwen,extracted_per_run,shippedrun_02,Appliance,96,False,1.0,1.0,0.27249999999999996
qwen,extracted_per_run,shippedrun_03,Appliance,96,False,1.0,1.0,0.27249999999999996
qwen,extracted_per_run,shippedrun_04,Appliance,96,False,1.0,1.0,0.27249999999999996
qwen,extracted_per_run,shippedrun_05,Appliance,96,False,1.0,1.0,0.1425
qwen,order_control,control_01,Appliance,96,False,1.0,1.0,0.27249999999999996
qwen,order_control,control_02,Appliance,96,False,1.0,1.0,0.27249999999999996
qwen,order_control,control_03,Appliance,96,False,1.0,1.0,0.27249999999999996
qwen,order_reversed,reversed_01,Appliance,96,False,1.0,1.0,0.27249999999999996
qwen,order_reversed,reversed_02,Appliance,96,False,1.0,1.0,0.27249999999999996
qwen,order_reversed,reversed_03,Appliance,96,False,1.0,1.0,0.27249999999999996
qwen,order_reversed,reversed_04,Appliance,96,False,1.0,1.0,0.27249999999999996
qwen,order_reversed,reversed_05,Appliance,96,False,1.0,1.0,0.27249999999999996
qwen,extracted,,Appliance,97,False,1.0,1.0,0.012500000000000006
qwen,default_params,,Appliance,97,False,-0.33333333333333337,0.0,0.46749999999999997
qwen,extracted_per_run,shippedrun_01,Appliance,97,False,1.0,1.0,0.0
qwen,extracted_per_run,shippedrun_02,Appliance,97,False,1.0,1.0,0.0425
qwen,extracted_per_run,shippedrun_03,Appliance,97,False,1.0,1.0,0.0
qwen,extracted_per_run,shippedrun_04,Appliance,97,False,1.0,1.0,0.044999999999999984
qwen,extracted_per_run,shippedrun_05,Appliance,97,False,1.0,1.0,0.0
qwen,order_control,control_01,Appliance,97,False,1.0,1.0,0.0
qwen,order_control,control_02,Appliance,97,False,1.0,1.0,0.09416666666666666
qwen,order_control,control_03,Appliance,97,False,1.0,1.0,0.09416666666666666
qwen,order_reversed,reversed_01,Appliance,97,False,1.0,1.0,0.0
qwen,order_reversed,reversed_02,Appliance,97,False,1.0,1.0,0.09416666666666666
qwen,order_reversed,reversed_03,Appliance,97,False,1.0,1.0,0.0
qwen,order_reversed,reversed_04,Appliance,97,False,1.0,1.0,0.0
qwen,order_reversed,reversed_05,Appliance,97,False,1.0,1.0,0.09416666666666666
qwen,extracted,,Appliance,98,False,1.0,1.0,0.027499999999999993
qwen,default_params,,Appliance,98,False,-1.0,0.0,0.4991666666666667
qwen,extracted_per_run,shippedrun_01,Appliance,98,False,1.0,1.0,0.0
qwen,extracted_per_run,shippedrun_02,Appliance,98,False,1.0,1.0,0.0
qwen,extracted_per_run,shippedrun_03,Appliance,98,False,1.0,1.0,0.1325
qwen,extracted_per_run,shippedrun_04,Appliance,98,False,1.0,1.0,0.0
qwen,extracted_per_run,shippedrun_05,Appliance,98,False,1.0,1.0,0.0
qwen,order_control,control_01,Appliance,98,False,1.0,1.0,0.0
qwen,order_control,control_02,Appliance,98,False,1.0,1.0,0.0
qwen,order_control,control_03,Appliance,98,False,1.0,1.0,0.1325
qwen,order_reversed,reversed_01,Appliance,98,False,1.0,1.0,0.0
qwen,order_reversed,reversed_02,Appliance,98,False,1.0,1.0,0.0
qwen,order_reversed,reversed_03,Appliance,98,False,1.0,1.0,0.0
qwen,order_reversed,reversed_04,Appliance,98,False,1.0,1.0,0.0
qwen,order_reversed,reversed_05,Appliance,98,False,1.0,1.0,0.1325
qwen,extracted,,Appliance,99,False,1.0,1.0,0.06416666666666668
qwen,default_params,,Appliance,99,False,-1.0,0.0,0.2525
qwen,extracted_per_run,shippedrun_01,Appliance,99,False,1.0,1.0,0.033333333333333354
qwen,extracted_per_run,shippedrun_02,Appliance,99,False,1.0,1.0,0.07250000000000002
qwen,extracted_per_run,shippedrun_03,Appliance,99,False,1.0,1.0,0.07250000000000002
qwen,extracted_per_run,shippedrun_04,Appliance,99,False,1.0,1.0,0.07250000000000002
qwen,extracted_per_run,shippedrun_05,Appliance,99,False,1.0,1.0,0.07250000000000002
qwen,order_control,control_01,Appliance,99,False,1.0,1.0,0.07250000000000002
qwen,order_control,control_02,Appliance,99,False,1.0,1.0,0.07250000000000002
qwen,order_control,control_03,Appliance,99,False,1.0,1.0,0.07250000000000002
qwen,order_reversed,reversed_01,Appliance,99,False,1.0,1.0,0.033333333333333354
qwen,order_reversed,reversed_02,Appliance,99,False,1.0,1.0,0.033333333333333354
qwen,order_reversed,reversed_03,Appliance,99,False,1.0,1.0,0.07250000000000002
qwen,order_reversed,reversed_04,Appliance,99,False,1.0,1.0,0.033333333333333354
qwen,order_reversed,reversed_05,Appliance,99,False,1.0,1.0,0.07250000000000002
qwen,extracted,,Appliance,100,False,1.0,1.0,0.25583333333333336
qwen,default_params,,Appliance,100,False,0.33333333333333337,1.0,0.14250000000000004
qwen,extracted_per_run,shippedrun_01,Appliance,100,False,1.0,1.0,0.25583333333333336
qwen,extracted_per_run,shippedrun_02,Appliance,100,False,1.0,1.0,0.25583333333333336
qwen,extracted_per_run,shippedrun_03,Appliance,100,False,1.0,1.0,0.25583333333333336
qwen,extracted_per_run,shippedrun_04,Appliance,100,False,1.0,1.0,0.25583333333333336
qwen,extracted_per_run,shippedrun_05,Appliance,100,False,1.0,1.0,0.25583333333333336
qwen,order_control,control_01,Appliance,100,False,1.0,1.0,0.25583333333333336
qwen,order_control,control_02,Appliance,100,False,1.0,1.0,0.25583333333333336
qwen,order_control,control_03,Appliance,100,False,1.0,1.0,0.25583333333333336
qwen,order_reversed,reversed_01,Appliance,100,False,1.0,1.0,0.25583333333333336
qwen,order_reversed,reversed_02,Appliance,100,False,1.0,1.0,0.25583333333333336
qwen,order_reversed,reversed_03,Appliance,100,False,1.0,1.0,0.25583333333333336
qwen,order_reversed,reversed_04,Appliance,100,False,1.0,1.0,0.25583333333333336
qwen,order_reversed,reversed_05,Appliance,100,False,1.0,1.0,0.25583333333333336
qwen,extracted,,Appliance,101,False,1.0,1.0,0.0
qwen,default_params,,Appliance,101,False,1.0,1.0,0.31416666666666665
qwen,extracted_per_run,shippedrun_01,Appliance,101,False,1.0,1.0,0.0
qwen,extracted_per_run,shippedrun_02,Appliance,101,False,1.0,1.0,0.0
qwen,extracted_per_run,shippedrun_03,Appliance,101,False,1.0,1.0,0.0
qwen,extracted_per_run,shippedrun_04,Appliance,101,False,1.0,1.0,0.0
qwen,extracted_per_run,shippedrun_05,Appliance,101,False,1.0,1.0,0.0
qwen,order_control,control_01,Appliance,101,False,1.0,1.0,0.12250000000000001
qwen,order_control,control_02,Appliance,101,False,1.0,1.0,0.0
qwen,order_control,control_03,Appliance,101,False,1.0,1.0,0.0
qwen,order_reversed,reversed_01,Appliance,101,False,1.0,1.0,0.0
qwen,order_reversed,reversed_02,Appliance,101,False,1.0,1.0,0.0
qwen,order_reversed,reversed_03,Appliance,101,False,1.0,1.0,0.12250000000000001
qwen,order_reversed,reversed_04,Appliance,101,False,1.0,1.0,0.0
qwen,order_reversed,reversed_05,Appliance,101,False,1.0,1.0,0.0
qwen,extracted,,Appliance,102,False,0.33333333333333337,0.0,0.12416666666666669
qwen,default_params,,Appliance,102,False,1.0,1.0,0.16916666666666666
qwen,extracted_per_run,shippedrun_01,Appliance,102,False,0.33333333333333337,0.0,0.12416666666666669
qwen,extracted_per_run,shippedrun_02,Appliance,102,False,0.33333333333333337,0.0,0.12416666666666669
qwen,extracted_per_run,shippedrun_03,Appliance,102,False,0.33333333333333337,0.0,0.12416666666666669
qwen,extracted_per_run,shippedrun_04,Appliance,102,False,0.33333333333333337,0.0,0.12416666666666669
qwen,extracted_per_run,shippedrun_05,Appliance,102,False,0.33333333333333337,0.0,0.12416666666666669
qwen,order_control,control_01,Appliance,102,False,1.0,1.0,0.0
qwen,order_control,control_02,Appliance,102,False,0.33333333333333337,0.0,0.12416666666666669
qwen,order_control,control_03,Appliance,102,False,0.33333333333333337,0.0,0.12416666666666669
qwen,order_reversed,reversed_01,Appliance,102,False,1.0,1.0,0.0
qwen,order_reversed,reversed_02,Appliance,102,False,0.33333333333333337,0.0,0.12416666666666669
qwen,order_reversed,reversed_03,Appliance,102,False,0.33333333333333337,0.0,0.12416666666666669
qwen,order_reversed,reversed_04,Appliance,102,False,0.33333333333333337,0.0,0.12416666666666669
qwen,order_reversed,reversed_05,Appliance,102,False,1.0,1.0,0.0
qwen,extracted,,Appliance,103,False,1.0,1.0,0.04416666666666667
qwen,default_params,,Appliance,103,False,1.0,1.0,0.19000000000000003
qwen,extracted_per_run,shippedrun_01,Appliance,103,False,1.0,1.0,0.04416666666666667
qwen,extracted_per_run,shippedrun_02,Appliance,103,False,1.0,1.0,0.04416666666666667
qwen,extracted_per_run,shippedrun_03,Appliance,103,False,1.0,1.0,0.04416666666666667
qwen,extracted_per_run,shippedrun_04,Appliance,103,False,1.0,1.0,0.04416666666666667
qwen,extracted_per_run,shippedrun_05,Appliance,103,False,1.0,1.0,0.04416666666666667
qwen,order_control,control_01,Appliance,103,False,1.0,1.0,0.04416666666666667
qwen,order_control,control_02,Appliance,103,False,1.0,1.0,0.04416666666666667
qwen,order_control,control_03,Appliance,103,False,1.0,1.0,0.04416666666666667
qwen,order_reversed,reversed_01,Appliance,103,False,1.0,1.0,0.04416666666666667
qwen,order_reversed,reversed_02,Appliance,103,False,1.0,1.0,0.04416666666666667
qwen,order_reversed,reversed_03,Appliance,103,False,1.0,1.0,0.04416666666666667
qwen,order_reversed,reversed_04,Appliance,103,False,1.0,1.0,0.04416666666666667
qwen,order_reversed,reversed_05,Appliance,103,False,1.0,1.0,0.04416666666666667
qwen,extracted,,Appliance,104,False,1.0,1.0,0.05583333333333335
qwen,default_params,,Appliance,104,False,1.0,1.0,0.21666666666666667
qwen,extracted_per_run,shippedrun_01,Appliance,104,False,1.0,1.0,0.05583333333333335
qwen,extracted_per_run,shippedrun_02,Appliance,104,False,1.0,1.0,0.05583333333333335
qwen,extracted_per_run,shippedrun_03,Appliance,104,False,1.0,1.0,0.05583333333333335
qwen,extracted_per_run,shippedrun_04,Appliance,104,False,1.0,1.0,0.05583333333333335
qwen,extracted_per_run,shippedrun_05,Appliance,104,False,1.0,1.0,0.05583333333333335
qwen,order_control,control_01,Appliance,104,False,1.0,1.0,0.025833333333333357
qwen,order_control,control_02,Appliance,104,False,1.0,1.0,0.05583333333333335
qwen,order_control,control_03,Appliance,104,False,1.0,1.0,0.025833333333333357
qwen,order_reversed,reversed_01,Appliance,104,False,1.0,1.0,0.05583333333333335
qwen,order_reversed,reversed_02,Appliance,104,False,1.0,1.0,0.05583333333333335
qwen,order_reversed,reversed_03,Appliance,104,False,1.0,1.0,0.05583333333333335
qwen,order_reversed,reversed_04,Appliance,104,False,1.0,1.0,0.05583333333333335
qwen,order_reversed,reversed_05,Appliance,104,False,1.0,1.0,0.05583333333333335
qwen,extracted,,Appliance,105,False,1.0,1.0,0.007500000000000007
qwen,default_params,,Appliance,105,False,-1.0,0.0,0.17750000000000002
qwen,extracted_per_run,shippedrun_01,Appliance,105,False,1.0,1.0,0.007500000000000007
qwen,extracted_per_run,shippedrun_02,Appliance,105,False,1.0,1.0,0.007500000000000007
qwen,extracted_per_run,shippedrun_03,Appliance,105,False,1.0,1.0,0.007500000000000007
qwen,extracted_per_run,shippedrun_04,Appliance,105,False,1.0,1.0,0.007500000000000007
qwen,extracted_per_run,shippedrun_05,Appliance,105,False,1.0,1.0,0.007500000000000007
qwen,order_control,control_01,Appliance,105,False,1.0,1.0,0.007500000000000007
qwen,order_control,control_02,Appliance,105,False,1.0,1.0,0.007500000000000007
qwen,order_control,control_03,Appliance,105,False,1.0,1.0,0.007500000000000007
qwen,order_reversed,reversed_01,Appliance,105,False,1.0,1.0,0.007500000000000007
qwen,order_reversed,reversed_02,Appliance,105,False,1.0,1.0,0.007500000000000007
qwen,order_reversed,reversed_03,Appliance,105,False,1.0,1.0,0.007500000000000007
qwen,order_reversed,reversed_04,Appliance,105,False,1.0,1.0,0.007500000000000007
qwen,order_reversed,reversed_05,Appliance,105,False,1.0,1.0,0.007500000000000007
qwen,extracted,,Appliance,106,False,1.0,1.0,0.23749999999999996
qwen,default_params,,Appliance,106,False,-1.0,0.0,0.2041666666666667
qwen,extracted_per_run,shippedrun_01,Appliance,106,False,1.0,1.0,0.24750000000000003
qwen,extracted_per_run,shippedrun_02,Appliance,106,False,1.0,1.0,0.24750000000000003
qwen,extracted_per_run,shippedrun_03,Appliance,106,False,1.0,1.0,0.24750000000000003
qwen,extracted_per_run,shippedrun_04,Appliance,106,False,1.0,1.0,0.24750000000000003
qwen,extracted_per_run,shippedrun_05,Appliance,106,False,1.0,1.0,0.1925
qwen,order_control,control_01,Appliance,106,False,1.0,1.0,0.24750000000000003
qwen,order_control,control_02,Appliance,106,False,1.0,1.0,0.24750000000000003
qwen,order_control,control_03,Appliance,106,False,1.0,1.0,0.24750000000000003
qwen,order_reversed,reversed_01,Appliance,106,False,1.0,1.0,0.24750000000000003
qwen,order_reversed,reversed_02,Appliance,106,False,1.0,1.0,0.13749999999999998
qwen,order_reversed,reversed_03,Appliance,106,False,1.0,1.0,0.24750000000000003
qwen,order_reversed,reversed_04,Appliance,106,False,1.0,1.0,0.24750000000000003
qwen,order_reversed,reversed_05,Appliance,106,False,1.0,1.0,0.24750000000000003
qwen,extracted,,Appliance,107,False,1.0,1.0,0.03416666666666666
qwen,default_params,,Appliance,107,False,-0.33333333333333337,0.0,0.3233333333333333
qwen,extracted_per_run,shippedrun_01,Appliance,107,False,1.0,1.0,0.05083333333333332
qwen,extracted_per_run,shippedrun_02,Appliance,107,False,1.0,1.0,0.05083333333333332
qwen,extracted_per_run,shippedrun_03,Appliance,107,False,1.0,1.0,0.05083333333333332
qwen,extracted_per_run,shippedrun_04,Appliance,107,False,0.33333333333333337,0.0,0.03416666666666667
qwen,extracted_per_run,shippedrun_05,Appliance,107,False,1.0,1.0,0.05083333333333332
qwen,order_control,control_01,Appliance,107,False,1.0,1.0,0.05083333333333332
qwen,order_control,control_02,Appliance,107,False,0.33333333333333337,1.0,0.06583333333333333
qwen,order_control,control_03,Appliance,107,False,1.0,1.0,0.05083333333333332
qwen,order_reversed,reversed_01,Appliance,107,False,0.33333333333333337,0.0,0.03416666666666667
qwen,order_reversed,reversed_02,Appliance,107,False,1.0,1.0,0.05083333333333332
qwen,order_reversed,reversed_03,Appliance,107,False,1.0,1.0,0.05083333333333332
qwen,order_reversed,reversed_04,Appliance,107,False,1.0,1.0,0.05083333333333332
qwen,order_reversed,reversed_05,Appliance,107,False,1.0,1.0,0.05083333333333332
qwen,extracted,,Appliance,108,False,1.0,1.0,0.25999999999999995
qwen,default_params,,Appliance,108,False,-1.0,0.0,0.23583333333333334
qwen,extracted_per_run,shippedrun_01,Appliance,108,False,1.0,1.0,0.25999999999999995
qwen,extracted_per_run,shippedrun_02,Appliance,108,False,1.0,1.0,0.25999999999999995
qwen,extracted_per_run,shippedrun_03,Appliance,108,False,1.0,1.0,0.25999999999999995
qwen,extracted_per_run,shippedrun_04,Appliance,108,False,1.0,1.0,0.25999999999999995
qwen,extracted_per_run,shippedrun_05,Appliance,108,False,1.0,1.0,0.25999999999999995
qwen,order_control,control_01,Appliance,108,False,1.0,1.0,0.25999999999999995
qwen,order_control,control_02,Appliance,108,False,1.0,1.0,0.25999999999999995
qwen,order_control,control_03,Appliance,108,False,1.0,1.0,0.25999999999999995
qwen,order_reversed,reversed_01,Appliance,108,False,1.0,1.0,0.25999999999999995
qwen,order_reversed,reversed_02,Appliance,108,False,1.0,1.0,0.25999999999999995
qwen,order_reversed,reversed_03,Appliance,108,False,1.0,1.0,0.25999999999999995
qwen,order_reversed,reversed_04,Appliance,108,False,1.0,1.0,0.25999999999999995
qwen,order_reversed,reversed_05,Appliance,108,False,1.0,1.0,0.25999999999999995
qwen,extracted,,Appliance,109,False,1.0,1.0,0.27499999999999997
qwen,default_params,,Appliance,109,False,0.33333333333333337,0.0,0.2333333333333333
qwen,extracted_per_run,shippedrun_01,Appliance,109,False,1.0,1.0,0.27499999999999997
qwen,extracted_per_run,shippedrun_02,Appliance,109,False,1.0,1.0,0.27499999999999997
qwen,extracted_per_run,shippedrun_03,Appliance,109,False,1.0,1.0,0.27499999999999997
qwen,extracted_per_run,shippedrun_04,Appliance,109,False,1.0,1.0,0.27499999999999997
qwen,extracted_per_run,shippedrun_05,Appliance,109,False,1.0,1.0,0.27499999999999997
qwen,order_control,control_01,Appliance,109,False,1.0,1.0,0.27499999999999997
qwen,order_control,control_02,Appliance,109,False,1.0,1.0,0.27499999999999997
qwen,order_control,control_03,Appliance,109,False,1.0,1.0,0.27499999999999997
qwen,order_reversed,reversed_01,Appliance,109,False,1.0,1.0,0.27499999999999997
qwen,order_reversed,reversed_02,Appliance,109,False,1.0,1.0,0.27499999999999997
qwen,order_reversed,reversed_03,Appliance,109,False,1.0,1.0,0.27499999999999997
qwen,order_reversed,reversed_04,Appliance,109,False,1.0,1.0,0.27499999999999997
qwen,order_reversed,reversed_05,Appliance,109,False,1.0,1.0,0.27499999999999997
qwen,extracted,,Appliance,110,False,1.0,1.0,0.0
qwen,default_params,,Appliance,110,False,-0.33333333333333337,0.0,0.36833333333333335
qwen,extracted_per_run,shippedrun_01,Appliance,110,False,1.0,1.0,0.0
qwen,extracted_per_run,shippedrun_02,Appliance,110,False,1.0,1.0,0.0
qwen,extracted_per_run,shippedrun_03,Appliance,110,False,1.0,1.0,0.0
qwen,extracted_per_run,shippedrun_04,Appliance,110,False,1.0,1.0,0.0
qwen,extracted_per_run,shippedrun_05,Appliance,110,False,1.0,1.0,0.0
qwen,order_control,control_01,Appliance,110,False,1.0,1.0,0.11333333333333334
qwen,order_control,control_02,Appliance,110,False,1.0,1.0,0.0
qwen,order_control,control_03,Appliance,110,False,1.0,1.0,0.0
qwen,order_reversed,reversed_01,Appliance,110,False,1.0,1.0,0.0
qwen,order_reversed,reversed_02,Appliance,110,False,1.0,1.0,0.0
qwen,order_reversed,reversed_03,Appliance,110,False,1.0,1.0,0.0
qwen,order_reversed,reversed_04,Appliance,110,False,1.0,1.0,0.0
qwen,order_reversed,reversed_05,Appliance,110,False,1.0,1.0,0.0
qwen,extracted,,Appliance,111,False,1.0,1.0,0.02499999999999999
qwen,default_params,,Appliance,111,False,0.33333333333333337,1.0,0.12083333333333333
qwen,extracted_per_run,shippedrun_01,Appliance,111,False,1.0,1.0,0.033333333333333326
qwen,extracted_per_run,shippedrun_02,Appliance,111,False,1.0,1.0,0.033333333333333326
qwen,extracted_per_run,shippedrun_03,Appliance,111,False,1.0,1.0,0.033333333333333326
qwen,extracted_per_run,shippedrun_04,Appliance,111,False,1.0,1.0,0.033333333333333326
qwen,extracted_per_run,shippedrun_05,Appliance,111,False,1.0,1.0,0.005833333333333334
qwen,order_control,control_01,Appliance,111,False,1.0,1.0,0.033333333333333326
qwen,order_control,control_02,Appliance,111,False,1.0,1.0,0.033333333333333326
qwen,order_control,control_03,Appliance,111,False,1.0,1.0,0.033333333333333326
qwen,order_reversed,reversed_01,Appliance,111,False,1.0,1.0,0.033333333333333326
qwen,order_reversed,reversed_02,Appliance,111,False,1.0,1.0,0.033333333333333326
qwen,order_reversed,reversed_03,Appliance,111,False,1.0,1.0,0.033333333333333326
qwen,order_reversed,reversed_04,Appliance,111,False,1.0,1.0,0.033333333333333326
qwen,order_reversed,reversed_05,Appliance,111,False,1.0,1.0,0.033333333333333326
qwen,extracted,,Appliance,112,False,1.0,1.0,0.10083333333333333
qwen,default_params,,Appliance,112,False,0.33333333333333337,0.0,0.26333333333333336
qwen,extracted_per_run,shippedrun_01,Appliance,112,False,1.0,1.0,0.10083333333333333
qwen,extracted_per_run,shippedrun_02,Appliance,112,False,1.0,1.0,0.10083333333333333
qwen,extracted_per_run,shippedrun_03,Appliance,112,False,1.0,1.0,0.10083333333333333
qwen,extracted_per_run,shippedrun_04,Appliance,112,False,1.0,1.0,0.10083333333333333
qwen,extracted_per_run,shippedrun_05,Appliance,112,False,1.0,1.0,0.10083333333333333
qwen,order_control,control_01,Appliance,112,False,1.0,1.0,0.10083333333333333
qwen,order_control,control_02,Appliance,112,False,1.0,1.0,0.10083333333333333
qwen,order_control,control_03,Appliance,112,False,1.0,1.0,0.13166666666666668
qwen,order_reversed,reversed_01,Appliance,112,False,1.0,1.0,0.10083333333333333
qwen,order_reversed,reversed_02,Appliance,112,False,1.0,1.0,0.10083333333333333
qwen,order_reversed,reversed_03,Appliance,112,False,1.0,1.0,0.0
qwen,order_reversed,reversed_04,Appliance,112,False,1.0,1.0,0.10083333333333333
qwen,order_reversed,reversed_05,Appliance,112,False,1.0,1.0,0.10083333333333333
qwen,extracted,,Appliance,113,False,1.0,1.0,0.03166666666666667
qwen,default_params,,Appliance,113,False,0.33333333333333337,0.0,0.11499999999999999
qwen,extracted_per_run,shippedrun_01,Appliance,113,False,1.0,1.0,0.03166666666666667
qwen,extracted_per_run,shippedrun_02,Appliance,113,False,1.0,1.0,0.03166666666666667
qwen,extracted_per_run,shippedrun_03,Appliance,113,False,1.0,1.0,0.03166666666666667
qwen,extracted_per_run,shippedrun_04,Appliance,113,False,1.0,1.0,0.03166666666666667
qwen,extracted_per_run,shippedrun_05,Appliance,113,False,1.0,1.0,0.03166666666666667
qwen,order_control,control_01,Appliance,113,False,1.0,1.0,0.03166666666666667
qwen,order_control,control_02,Appliance,113,False,1.0,1.0,0.03166666666666667
qwen,order_control,control_03,Appliance,113,False,1.0,1.0,0.03166666666666667
qwen,order_reversed,reversed_01,Appliance,113,False,1.0,1.0,0.005833333333333339
qwen,order_reversed,reversed_02,Appliance,113,False,1.0,1.0,0.03166666666666667
qwen,order_reversed,reversed_03,Appliance,113,False,1.0,1.0,0.03166666666666667
qwen,order_reversed,reversed_04,Appliance,113,False,1.0,1.0,0.03166666666666667
qwen,order_reversed,reversed_05,Appliance,113,False,1.0,1.0,0.03166666666666667
qwen,extracted,,Appliance,114,False,1.0,1.0,0.2691666666666666
qwen,default_params,,Appliance,114,False,1.0,1.0,0.12333333333333334
qwen,extracted_per_run,shippedrun_01,Appliance,114,False,1.0,1.0,0.2691666666666666
qwen,extracted_per_run,shippedrun_02,Appliance,114,False,1.0,1.0,0.2691666666666666
qwen,extracted_per_run,shippedrun_03,Appliance,114,False,1.0,1.0,0.2691666666666666
qwen,extracted_per_run,shippedrun_04,Appliance,114,False,1.0,1.0,0.2691666666666666
qwen,extracted_per_run,shippedrun_05,Appliance,114,False,1.0,1.0,0.2691666666666666
qwen,order_control,control_01,Appliance,114,False,1.0,1.0,0.2691666666666666
qwen,order_control,control_02,Appliance,114,False,1.0,1.0,0.2691666666666666
qwen,order_control,control_03,Appliance,114,False,1.0,1.0,0.2691666666666666
qwen,order_reversed,reversed_01,Appliance,114,False,1.0,1.0,0.2691666666666666
qwen,order_reversed,reversed_02,Appliance,114,False,1.0,1.0,0.14083333333333334
qwen,order_reversed,reversed_03,Appliance,114,False,1.0,1.0,0.2691666666666666
qwen,order_reversed,reversed_04,Appliance,114,False,1.0,1.0,0.2691666666666666
qwen,order_reversed,reversed_05,Appliance,114,False,1.0,1.0,0.2691666666666666
qwen,extracted,,Appliance,115,False,1.0,1.0,0.06916666666666667
qwen,default_params,,Appliance,115,False,1.0,1.0,0.23416666666666663
qwen,extracted_per_run,shippedrun_01,Appliance,115,False,1.0,1.0,0.06916666666666667
qwen,extracted_per_run,shippedrun_02,Appliance,115,False,1.0,1.0,0.06916666666666667
qwen,extracted_per_run,shippedrun_03,Appliance,115,False,1.0,1.0,0.06916666666666667
qwen,extracted_per_run,shippedrun_04,Appliance,115,False,1.0,1.0,0.06916666666666667
qwen,extracted_per_run,shippedrun_05,Appliance,115,False,1.0,1.0,0.06916666666666667
qwen,order_control,control_01,Appliance,115,False,1.0,1.0,0.06916666666666667
qwen,order_control,control_02,Appliance,115,False,1.0,1.0,0.06916666666666667
qwen,order_control,control_03,Appliance,115,False,1.0,1.0,0.06916666666666667
qwen,order_reversed,reversed_01,Appliance,115,False,1.0,1.0,0.06916666666666667
qwen,order_reversed,reversed_02,Appliance,115,False,1.0,1.0,0.06916666666666667
qwen,order_reversed,reversed_03,Appliance,115,False,1.0,1.0,0.06916666666666667
qwen,order_reversed,reversed_04,Appliance,115,False,1.0,1.0,0.06916666666666667
qwen,order_reversed,reversed_05,Appliance,115,False,1.0,1.0,0.06916666666666667
qwen,extracted,,Appliance,116,False,1.0,1.0,0.23500000000000001
qwen,default_params,,Appliance,116,False,1.0,1.0,0.10999999999999999
qwen,extracted_per_run,shippedrun_01,Appliance,116,False,1.0,1.0,0.285
qwen,extracted_per_run,shippedrun_02,Appliance,116,False,1.0,1.0,0.155
qwen,extracted_per_run,shippedrun_03,Appliance,116,False,1.0,1.0,0.285
qwen,extracted_per_run,shippedrun_04,Appliance,116,False,1.0,1.0,0.285
qwen,extracted_per_run,shippedrun_05,Appliance,116,False,1.0,1.0,0.155
qwen,order_control,control_01,Appliance,116,False,1.0,1.0,0.285
qwen,order_control,control_02,Appliance,116,False,1.0,1.0,0.285
qwen,order_control,control_03,Appliance,116,False,1.0,1.0,0.285
qwen,order_reversed,reversed_01,Appliance,116,False,1.0,1.0,0.285
qwen,order_reversed,reversed_02,Appliance,116,False,1.0,1.0,0.285
qwen,order_reversed,reversed_03,Appliance,116,False,1.0,1.0,0.285
qwen,order_reversed,reversed_04,Appliance,116,False,1.0,1.0,0.285
qwen,order_reversed,reversed_05,Appliance,116,False,1.0,1.0,0.285
qwen,extracted,,Appliance,117,False,0.33333333333333337,1.0,0.047499999999999994
qwen,default_params,,Appliance,117,False,0.33333333333333337,1.0,0.26416666666666666
qwen,extracted_per_run,shippedrun_01,Appliance,117,False,1.0,1.0,0.026666666666666672
qwen,extracted_per_run,shippedrun_02,Appliance,117,False,-0.33333333333333337,0.0,0.06083333333333334
qwen,extracted_per_run,shippedrun_03,Appliance,117,False,0.33333333333333337,1.0,0.050833333333333335
qwen,extracted_per_run,shippedrun_04,Appliance,117,False,-0.33333333333333337,0.0,0.06083333333333334
qwen,extracted_per_run,shippedrun_05,Appliance,117,False,1.0,1.0,0.026666666666666672
qwen,order_control,control_01,Appliance,117,False,1.0,1.0,0.06749999999999999
qwen,order_control,control_02,Appliance,117,False,1.0,1.0,0.06749999999999999
qwen,order_control,control_03,Appliance,117,False,0.33333333333333337,1.0,0.050833333333333335
qwen,order_reversed,reversed_01,Appliance,117,False,1.0,1.0,0.026666666666666672
qwen,order_reversed,reversed_02,Appliance,117,False,1.0,1.0,0.026666666666666672
qwen,order_reversed,reversed_03,Appliance,117,False,1.0,1.0,0.026666666666666672
qwen,order_reversed,reversed_04,Appliance,117,False,1.0,1.0,0.026666666666666672
qwen,order_reversed,reversed_05,Appliance,117,False,1.0,1.0,0.026666666666666672
qwen,extracted,,Appliance,118,False,1.0,1.0,0.24
qwen,default_params,,Appliance,118,False,-1.0,0.0,0.3016666666666667
qwen,extracted_per_run,shippedrun_01,Appliance,118,False,1.0,1.0,0.24
qwen,extracted_per_run,shippedrun_02,Appliance,118,False,1.0,1.0,0.24
qwen,extracted_per_run,shippedrun_03,Appliance,118,False,1.0,1.0,0.24
qwen,extracted_per_run,shippedrun_04,Appliance,118,False,1.0,1.0,0.24
qwen,extracted_per_run,shippedrun_05,Appliance,118,False,1.0,1.0,0.24
qwen,order_control,control_01,Appliance,118,False,1.0,1.0,0.24
qwen,order_control,control_02,Appliance,118,False,1.0,1.0,0.24
qwen,order_control,control_03,Appliance,118,False,1.0,1.0,0.24
qwen,order_reversed,reversed_01,Appliance,118,False,1.0,1.0,0.12749999999999997
qwen,order_reversed,reversed_02,Appliance,118,False,1.0,1.0,0.24
qwen,order_reversed,reversed_03,Appliance,118,False,1.0,1.0,0.24
qwen,order_reversed,reversed_04,Appliance,118,False,1.0,1.0,0.24
qwen,order_reversed,reversed_05,Appliance,118,False,1.0,1.0,0.24
qwen,extracted,,Appliance,119,False,1.0,1.0,0.2525
qwen,default_params,,Appliance,119,False,-1.0,0.0,0.30583333333333335
qwen,extracted_per_run,shippedrun_01,Appliance,119,False,1.0,1.0,0.2691666666666666
qwen,extracted_per_run,shippedrun_02,Appliance,119,False,1.0,1.0,0.2691666666666666
qwen,extracted_per_run,shippedrun_03,Appliance,119,False,1.0,1.0,0.2691666666666666
qwen,extracted_per_run,shippedrun_04,Appliance,119,False,1.0,1.0,0.2691666666666666
qwen,extracted_per_run,shippedrun_05,Appliance,119,False,1.0,1.0,0.18249999999999997
qwen,order_control,control_01,Appliance,119,False,1.0,1.0,0.2691666666666666
qwen,order_control,control_02,Appliance,119,False,1.0,1.0,0.2691666666666666
qwen,order_control,control_03,Appliance,119,False,1.0,1.0,0.2691666666666666
qwen,order_reversed,reversed_01,Appliance,119,False,1.0,1.0,0.2691666666666666
qwen,order_reversed,reversed_02,Appliance,119,False,1.0,1.0,0.2691666666666666
qwen,order_reversed,reversed_03,Appliance,119,False,1.0,1.0,0.2691666666666666
qwen,order_reversed,reversed_04,Appliance,119,False,1.0,1.0,0.2691666666666666
qwen,order_reversed,reversed_05,Appliance,119,False,1.0,1.0,0.2691666666666666
qwen,extracted,,Appliance,120,False,1.0,1.0,0.011666666666666667
qwen,default_params,,Appliance,120,False,-1.0,0.0,0.44083333333333335
qwen,extracted_per_run,shippedrun_01,Appliance,120,False,1.0,1.0,0.061666666666666654
qwen,extracted_per_run,shippedrun_02,Appliance,120,False,1.0,1.0,0.061666666666666654
qwen,extracted_per_run,shippedrun_03,Appliance,120,False,1.0,1.0,0.05999999999999999
qwen,extracted_per_run,shippedrun_04,Appliance,120,False,1.0,1.0,0.05999999999999999
qwen,extracted_per_run,shippedrun_05,Appliance,120,False,1.0,1.0,0.05999999999999999
qwen,order_control,control_01,Appliance,120,False,1.0,1.0,0.05999999999999999
qwen,order_control,control_02,Appliance,120,False,1.0,1.0,0.05999999999999999
qwen,order_control,control_03,Appliance,120,False,1.0,1.0,0.05999999999999999
qwen,order_reversed,reversed_01,Appliance,120,False,1.0,1.0,0.05999999999999999
qwen,order_reversed,reversed_02,Appliance,120,False,1.0,1.0,0.061666666666666654
qwen,order_reversed,reversed_03,Appliance,120,False,1.0,1.0,0.05999999999999999
qwen,order_reversed,reversed_04,Appliance,120,False,1.0,1.0,0.05999999999999999
qwen,order_reversed,reversed_05,Appliance,120,False,1.0,1.0,0.05999999999999999
qwen,extracted,,Appliance,121,False,1.0,1.0,0.027499999999999997
qwen,default_params,,Appliance,121,False,-0.33333333333333337,0.0,0.15583333333333335
qwen,extracted_per_run,shippedrun_01,Appliance,121,False,1.0,1.0,0.027499999999999997
qwen,extracted_per_run,shippedrun_02,Appliance,121,False,1.0,1.0,0.027499999999999997
qwen,extracted_per_run,shippedrun_03,Appliance,121,False,1.0,1.0,0.027499999999999997
qwen,extracted_per_run,shippedrun_04,Appliance,121,False,1.0,1.0,0.027499999999999997
qwen,extracted_per_run,shippedrun_05,Appliance,121,False,1.0,1.0,0.027499999999999997
qwen,order_control,control_01,Appliance,121,False,1.0,1.0,0.027499999999999997
qwen,order_control,control_02,Appliance,121,False,1.0,1.0,0.027499999999999997
qwen,order_control,control_03,Appliance,121,False,1.0,1.0,0.027499999999999997
qwen,order_reversed,reversed_01,Appliance,121,False,1.0,1.0,0.027499999999999997
qwen,order_reversed,reversed_02,Appliance,121,False,1.0,1.0,0.027499999999999997
qwen,order_reversed,reversed_03,Appliance,121,False,1.0,1.0,0.0025000000000000022
qwen,order_reversed,reversed_04,Appliance,121,False,1.0,1.0,0.027499999999999997
qwen,order_reversed,reversed_05,Appliance,121,False,1.0,1.0,0.027499999999999997
qwen,extracted,,Appliance,122,False,1.0,1.0,0.04833333333333333
qwen,default_params,,Appliance,122,False,-0.33333333333333337,0.0,0.465
qwen,extracted_per_run,shippedrun_01,Appliance,122,False,1.0,1.0,0.06666666666666665
qwen,extracted_per_run,shippedrun_02,Appliance,122,False,1.0,1.0,0.06666666666666665
qwen,extracted_per_run,shippedrun_03,Appliance,122,False,1.0,1.0,0.06666666666666665
qwen,extracted_per_run,shippedrun_04,Appliance,122,False,1.0,1.0,0.0275
qwen,extracted_per_run,shippedrun_05,Appliance,122,False,1.0,1.0,0.06666666666666665
qwen,order_control,control_01,Appliance,122,False,1.0,1.0,0.06666666666666665
qwen,order_control,control_02,Appliance,122,False,1.0,1.0,0.06666666666666665
qwen,order_control,control_03,Appliance,122,False,1.0,1.0,0.06666666666666665
qwen,order_reversed,reversed_01,Appliance,122,False,1.0,1.0,0.06666666666666665
qwen,order_reversed,reversed_02,Appliance,122,False,1.0,1.0,0.06666666666666665
qwen,order_reversed,reversed_03,Appliance,122,False,1.0,1.0,0.0275
qwen,order_reversed,reversed_04,Appliance,122,False,1.0,1.0,0.06666666666666665
qwen,order_reversed,reversed_05,Appliance,122,False,1.0,1.0,0.06666666666666665
qwen,extracted,,Appliance,123,False,1.0,1.0,0.04999999999999999
qwen,default_params,,Appliance,123,False,-0.33333333333333337,0.0,0.21833333333333335
qwen,extracted_per_run,shippedrun_01,Appliance,123,False,1.0,1.0,0.04999999999999999
qwen,extracted_per_run,shippedrun_02,Appliance,123,False,1.0,1.0,0.04999999999999999
qwen,extracted_per_run,shippedrun_03,Appliance,123,False,1.0,1.0,0.04999999999999999
qwen,extracted_per_run,shippedrun_04,Appliance,123,False,1.0,1.0,0.04999999999999999
qwen,extracted_per_run,shippedrun_05,Appliance,123,False,1.0,1.0,0.04999999999999999
qwen,order_control,control_01,Appliance,123,False,1.0,1.0,0.04999999999999999
qwen,order_control,control_02,Appliance,123,False,1.0,1.0,0.04999999999999999
qwen,order_control,control_03,Appliance,123,False,1.0,1.0,0.04999999999999999
qwen,order_reversed,reversed_01,Appliance,123,False,1.0,1.0,0.04999999999999999
qwen,order_reversed,reversed_02,Appliance,123,False,1.0,1.0,0.04999999999999999
qwen,order_reversed,reversed_03,Appliance,123,False,1.0,1.0,0.04999999999999999
qwen,order_reversed,reversed_04,Appliance,123,False,1.0,1.0,0.04999999999999999
qwen,order_reversed,reversed_05,Appliance,123,False,1.0,1.0,0.04999999999999999
qwen,extracted,,Appliance,124,False,1.0,1.0,0.08750000000000001
qwen,default_params,,Appliance,124,False,1.0,1.0,0.2525
qwen,extracted_per_run,shippedrun_01,Appliance,124,False,1.0,1.0,0.07999999999999999
qwen,extracted_per_run,shippedrun_02,Appliance,124,False,1.0,1.0,0.115
qwen,extracted_per_run,shippedrun_03,Appliance,124,False,1.0,1.0,0.07999999999999999
qwen,extracted_per_run,shippedrun_04,Appliance,124,False,1.0,1.0,0.07999999999999999
qwen,extracted_per_run,shippedrun_05,Appliance,124,False,1.0,1.0,0.07999999999999999
qwen,order_control,control_01,Appliance,124,False,1.0,1.0,0.07999999999999999
qwen,order_control,control_02,Appliance,124,False,1.0,1.0,0.07999999999999999
qwen,order_control,control_03,Appliance,124,False,1.0,1.0,0.07999999999999999
qwen,order_reversed,reversed_01,Appliance,124,False,1.0,1.0,0.07999999999999999
qwen,order_reversed,reversed_02,Appliance,124,False,1.0,1.0,0.07999999999999999
qwen,order_reversed,reversed_03,Appliance,124,False,1.0,1.0,0.07999999999999999
qwen,order_reversed,reversed_04,Appliance,124,False,1.0,1.0,0.07999999999999999
qwen,order_reversed,reversed_05,Appliance,124,False,1.0,1.0,0.07999999999999999
qwen,extracted,,Appliance,125,False,1.0,1.0,0.205
qwen,default_params,,Appliance,125,False,0.33333333333333337,1.0,0.11249999999999998
qwen,extracted_per_run,shippedrun_01,Appliance,125,False,1.0,1.0,0.29333333333333333
qwen,extracted_per_run,shippedrun_02,Appliance,125,False,1.0,1.0,0.18333333333333332
qwen,extracted_per_run,shippedrun_03,Appliance,125,False,1.0,1.0,0.18333333333333332
qwen,extracted_per_run,shippedrun_04,Appliance,125,False,1.0,1.0,0.18333333333333332
qwen,extracted_per_run,shippedrun_05,Appliance,125,False,1.0,1.0,0.18333333333333332
qwen,order_control,control_01,Appliance,125,False,1.0,1.0,0.18333333333333332
qwen,order_control,control_02,Appliance,125,False,1.0,1.0,0.18333333333333332
qwen,order_control,control_03,Appliance,125,False,1.0,1.0,0.07249999999999998
qwen,order_reversed,reversed_01,Appliance,125,False,1.0,1.0,0.18333333333333332
qwen,order_reversed,reversed_02,Appliance,125,False,1.0,1.0,0.07249999999999998
qwen,order_reversed,reversed_03,Appliance,125,False,1.0,1.0,0.18333333333333332
qwen,order_reversed,reversed_04,Appliance,125,False,1.0,1.0,0.18333333333333332
qwen,order_reversed,reversed_05,Appliance,125,False,1.0,1.0,0.18333333333333332
qwen,extracted,,Appliance,126,False,1.0,1.0,0.05166666666666667
qwen,default_params,,Appliance,126,False,0.33333333333333337,1.0,0.13000000000000003
qwen,extracted_per_run,shippedrun_01,Appliance,126,False,1.0,1.0,0.060000000000000005
qwen,extracted_per_run,shippedrun_02,Appliance,126,False,1.0,1.0,0.020833333333333353
qwen,extracted_per_run,shippedrun_03,Appliance,126,False,1.0,1.0,0.060000000000000005
qwen,extracted_per_run,shippedrun_04,Appliance,126,False,1.0,1.0,0.060000000000000005
qwen,extracted_per_run,shippedrun_05,Appliance,126,False,1.0,1.0,0.060000000000000005
qwen,order_control,control_01,Appliance,126,False,1.0,1.0,0.020833333333333353
qwen,order_control,control_02,Appliance,126,False,1.0,1.0,0.020833333333333353
qwen,order_control,control_03,Appliance,126,False,1.0,1.0,0.060000000000000005
qwen,order_reversed,reversed_01,Appliance,126,False,1.0,1.0,0.060000000000000005
qwen,order_reversed,reversed_02,Appliance,126,False,1.0,1.0,0.060000000000000005
qwen,order_reversed,reversed_03,Appliance,126,False,1.0,1.0,0.060000000000000005
qwen,order_reversed,reversed_04,Appliance,126,False,1.0,1.0,0.060000000000000005
qwen,order_reversed,reversed_05,Appliance,126,False,1.0,1.0,0.020833333333333353
qwen,extracted,,Appliance,127,False,1.0,1.0,0.2233333333333333
qwen,default_params,,Appliance,127,False,0.33333333333333337,1.0,0.18333333333333335
qwen,extracted_per_run,shippedrun_01,Appliance,127,False,1.0,1.0,0.2233333333333333
qwen,extracted_per_run,shippedrun_02,Appliance,127,False,1.0,1.0,0.2233333333333333
qwen,extracted_per_run,shippedrun_03,Appliance,127,False,1.0,1.0,0.2233333333333333
qwen,extracted_per_run,shippedrun_04,Appliance,127,False,1.0,1.0,0.2233333333333333
qwen,extracted_per_run,shippedrun_05,Appliance,127,False,1.0,1.0,0.2233333333333333
qwen,order_control,control_01,Appliance,127,False,1.0,1.0,0.2233333333333333
qwen,order_control,control_02,Appliance,127,False,1.0,1.0,0.12
qwen,order_control,control_03,Appliance,127,False,1.0,1.0,0.2233333333333333
qwen,order_reversed,reversed_01,Appliance,127,False,1.0,1.0,0.2233333333333333
qwen,order_reversed,reversed_02,Appliance,127,False,1.0,1.0,0.2233333333333333
qwen,order_reversed,reversed_03,Appliance,127,False,1.0,1.0,0.2233333333333333
qwen,order_reversed,reversed_04,Appliance,127,False,1.0,1.0,0.2233333333333333
qwen,order_reversed,reversed_05,Appliance,127,False,1.0,1.0,0.2233333333333333
qwen,extracted,,Appliance,128,False,1.0,1.0,0.055833333333333325
qwen,default_params,,Appliance,128,False,0.33333333333333337,1.0,0.2983333333333334
qwen,extracted_per_run,shippedrun_01,Appliance,128,False,1.0,1.0,0.055833333333333325
qwen,extracted_per_run,shippedrun_02,Appliance,128,False,1.0,1.0,0.055833333333333325
qwen,extracted_per_run,shippedrun_03,Appliance,128,False,1.0,1.0,0.055833333333333325
qwen,extracted_per_run,shippedrun_04,Appliance,128,False,1.0,1.0,0.055833333333333325
qwen,extracted_per_run,shippedrun_05,Appliance,128,False,1.0,1.0,0.055833333333333325
qwen,order_control,control_01,Appliance,128,False,1.0,1.0,0.055833333333333325
qwen,order_control,control_02,Appliance,128,False,1.0,1.0,0.055833333333333325
qwen,order_control,control_03,Appliance,128,False,1.0,1.0,0.055833333333333325
qwen,order_reversed,reversed_01,Appliance,128,False,1.0,1.0,0.03833333333333334
qwen,order_reversed,reversed_02,Appliance,128,False,1.0,1.0,0.055833333333333325
qwen,order_reversed,reversed_03,Appliance,128,False,1.0,1.0,0.055833333333333325
qwen,order_reversed,reversed_04,Appliance,128,False,1.0,1.0,0.055833333333333325
qwen,order_reversed,reversed_05,Appliance,128,False,1.0,1.0,0.055833333333333325
qwen,extracted,,Appliance,129,False,1.0,1.0,0.029166666666666664
qwen,default_params,,Appliance,129,False,0.33333333333333337,0.0,0.15916666666666668
qwen,extracted_per_run,shippedrun_01,Appliance,129,False,1.0,1.0,0.029166666666666664
qwen,extracted_per_run,shippedrun_02,Appliance,129,False,1.0,1.0,0.029166666666666664
qwen,extracted_per_run,shippedrun_03,Appliance,129,False,1.0,1.0,0.029166666666666664
qwen,extracted_per_run,shippedrun_04,Appliance,129,False,1.0,1.0,0.029166666666666664
qwen,extracted_per_run,shippedrun_05,Appliance,129,False,1.0,1.0,0.029166666666666664
qwen,order_control,control_01,Appliance,129,False,1.0,1.0,0.029166666666666664
qwen,order_control,control_02,Appliance,129,False,1.0,1.0,0.029166666666666664
qwen,order_control,control_03,Appliance,129,False,1.0,1.0,0.029166666666666664
qwen,order_reversed,reversed_01,Appliance,129,False,1.0,1.0,0.029166666666666664
qwen,order_reversed,reversed_02,Appliance,129,False,1.0,1.0,0.029166666666666664
qwen,order_reversed,reversed_03,Appliance,129,False,1.0,1.0,0.029166666666666664
qwen,order_reversed,reversed_04,Appliance,129,False,1.0,1.0,0.029166666666666664
qwen,order_reversed,reversed_05,Appliance,129,False,1.0,1.0,0.029166666666666664
qwen,extracted,,Appliance,130,False,1.0,1.0,0.23416666666666666
qwen,default_params,,Appliance,130,False,1.0,1.0,0.10333333333333332
qwen,extracted_per_run,shippedrun_01,Appliance,130,False,1.0,1.0,0.23416666666666666
qwen,extracted_per_run,shippedrun_02,Appliance,130,False,1.0,1.0,0.23416666666666666
qwen,extracted_per_run,shippedrun_03,Appliance,130,False,1.0,1.0,0.23416666666666666
qwen,extracted_per_run,shippedrun_04,Appliance,130,False,1.0,1.0,0.23416666666666666
qwen,extracted_per_run,shippedrun_05,Appliance,130,False,1.0,1.0,0.23416666666666666
qwen,order_control,control_01,Appliance,130,False,1.0,1.0,0.23416666666666666
qwen,order_control,control_02,Appliance,130,False,1.0,1.0,0.23416666666666666
qwen,order_control,control_03,Appliance,130,False,1.0,1.0,0.23416666666666666
qwen,order_reversed,reversed_01,Appliance,130,False,1.0,1.0,0.23416666666666666
qwen,order_reversed,reversed_02,Appliance,130,False,1.0,1.0,0.23416666666666666
qwen,order_reversed,reversed_03,Appliance,130,False,1.0,1.0,0.23416666666666666
qwen,order_reversed,reversed_04,Appliance,130,False,1.0,1.0,0.23416666666666666
qwen,order_reversed,reversed_05,Appliance,130,False,1.0,1.0,0.23416666666666666
qwen,extracted,,Appliance,131,False,1.0,1.0,0.01916666666666667
qwen,default_params,,Appliance,131,False,0.33333333333333337,1.0,0.3408333333333333
qwen,extracted_per_run,shippedrun_01,Appliance,131,False,1.0,1.0,0.03916666666666665
qwen,extracted_per_run,shippedrun_02,Appliance,131,False,1.0,1.0,0.06166666666666668
qwen,extracted_per_run,shippedrun_03,Appliance,131,False,1.0,1.0,0.03916666666666665
qwen,extracted_per_run,shippedrun_04,Appliance,131,False,1.0,1.0,0.03916666666666665
qwen,extracted_per_run,shippedrun_05,Appliance,131,False,1.0,1.0,0.03916666666666665
qwen,order_control,control_01,Appliance,131,False,1.0,1.0,0.06166666666666668
qwen,order_control,control_02,Appliance,131,False,1.0,1.0,0.03916666666666665
qwen,order_control,control_03,Appliance,131,False,1.0,1.0,0.03916666666666665
qwen,order_reversed,reversed_01,Appliance,131,False,1.0,1.0,0.03916666666666665
qwen,order_reversed,reversed_02,Appliance,131,False,1.0,1.0,0.03916666666666665
qwen,order_reversed,reversed_03,Appliance,131,False,1.0,1.0,0.03916666666666665
qwen,order_reversed,reversed_04,Appliance,131,False,1.0,1.0,0.03916666666666665
qwen,order_reversed,reversed_05,Appliance,131,False,1.0,1.0,0.03916666666666665
qwen,extracted,,Appliance,132,False,1.0,1.0,0.08583333333333332
qwen,default_params,,Appliance,132,False,0.33333333333333337,1.0,0.17249999999999996
qwen,extracted_per_run,shippedrun_01,Appliance,132,False,1.0,1.0,0.08583333333333332
qwen,extracted_per_run,shippedrun_02,Appliance,132,False,1.0,1.0,0.08583333333333332
qwen,extracted_per_run,shippedrun_03,Appliance,132,False,1.0,1.0,0.08583333333333332
qwen,extracted_per_run,shippedrun_04,Appliance,132,False,1.0,1.0,0.08583333333333332
qwen,extracted_per_run,shippedrun_05,Appliance,132,False,1.0,1.0,0.08583333333333332
qwen,order_control,control_01,Appliance,132,False,1.0,1.0,0.08583333333333332
qwen,order_control,control_02,Appliance,132,False,1.0,1.0,0.08583333333333332
qwen,order_control,control_03,Appliance,132,False,1.0,1.0,0.08583333333333332
qwen,order_reversed,reversed_01,Appliance,132,False,1.0,1.0,0.08583333333333332
qwen,order_reversed,reversed_02,Appliance,132,False,1.0,1.0,0.08583333333333332
qwen,order_reversed,reversed_03,Appliance,132,False,1.0,1.0,0.08583333333333332
qwen,order_reversed,reversed_04,Appliance,132,False,1.0,1.0,0.08583333333333332
qwen,order_reversed,reversed_05,Appliance,132,False,1.0,1.0,0.08583333333333332
qwen,extracted,,Appliance,133,False,-0.33333333333333337,0.0,0.2816666666666667
qwen,default_params,,Appliance,133,False,0.33333333333333337,0.0,0.13583333333333333
qwen,extracted_per_run,shippedrun_01,Appliance,133,False,-0.33333333333333337,0.0,0.2816666666666667
qwen,extracted_per_run,shippedrun_02,Appliance,133,False,-0.33333333333333337,0.0,0.2816666666666667
qwen,extracted_per_run,shippedrun_03,Appliance,133,False,-0.33333333333333337,0.0,0.2816666666666667
qwen,extracted_per_run,shippedrun_04,Appliance,133,False,-0.33333333333333337,0.0,0.2816666666666667
qwen,extracted_per_run,shippedrun_05,Appliance,133,False,-0.33333333333333337,0.0,0.2816666666666667
qwen,order_control,control_01,Appliance,133,False,-0.33333333333333337,0.0,0.2816666666666667
qwen,order_control,control_02,Appliance,133,False,-0.33333333333333337,0.0,0.2816666666666667
qwen,order_control,control_03,Appliance,133,False,-0.33333333333333337,0.0,0.2816666666666667
qwen,order_reversed,reversed_01,Appliance,133,False,-0.33333333333333337,0.0,0.2816666666666667
qwen,order_reversed,reversed_02,Appliance,133,False,-0.33333333333333337,0.0,0.2816666666666667
qwen,order_reversed,reversed_03,Appliance,133,False,-0.33333333333333337,0.0,0.2816666666666667
qwen,order_reversed,reversed_04,Appliance,133,False,-0.33333333333333337,0.0,0.2816666666666667
qwen,order_reversed,reversed_05,Appliance,133,False,-0.33333333333333337,0.0,0.2816666666666667
qwen,extracted,,Appliance,134,False,1.0,1.0,0.05333333333333332
qwen,default_params,,Appliance,134,False,0.33333333333333337,1.0,0.29250000000000004
qwen,extracted_per_run,shippedrun_01,Appliance,134,False,1.0,1.0,0.07333333333333332
qwen,extracted_per_run,shippedrun_02,Appliance,134,False,1.0,1.0,0.07333333333333332
qwen,extracted_per_run,shippedrun_03,Appliance,134,False,1.0,1.0,0.07333333333333332
qwen,extracted_per_run,shippedrun_04,Appliance,134,False,1.0,1.0,0.07333333333333332
qwen,extracted_per_run,shippedrun_05,Appliance,134,False,1.0,1.0,0.03
qwen,order_control,control_01,Appliance,134,False,1.0,1.0,0.03
qwen,order_control,control_02,Appliance,134,False,1.0,1.0,0.07333333333333332
qwen,order_control,control_03,Appliance,134,False,1.0,1.0,0.07333333333333332
qwen,order_reversed,reversed_01,Appliance,134,False,1.0,1.0,0.07333333333333332
qwen,order_reversed,reversed_02,Appliance,134,False,1.0,1.0,0.07333333333333332
qwen,order_reversed,reversed_03,Appliance,134,False,1.0,1.0,0.10666666666666665
qwen,order_reversed,reversed_04,Appliance,134,False,1.0,1.0,0.07333333333333332
qwen,order_reversed,reversed_05,Appliance,134,False,1.0,1.0,0.07333333333333332
qwen,extracted,,Appliance,135,False,1.0,1.0,0.04416666666666668
qwen,default_params,,Appliance,135,False,1.0,1.0,0.09000000000000001
qwen,extracted_per_run,shippedrun_01,Appliance,135,False,1.0,1.0,0.04416666666666668
qwen,extracted_per_run,shippedrun_02,Appliance,135,False,1.0,1.0,0.04416666666666668
qwen,extracted_per_run,shippedrun_03,Appliance,135,False,1.0,1.0,0.04416666666666668
qwen,extracted_per_run,shippedrun_04,Appliance,135,False,1.0,1.0,0.04416666666666668
qwen,extracted_per_run,shippedrun_05,Appliance,135,False,1.0,1.0,0.04416666666666668
qwen,order_control,control_01,Appliance,135,False,1.0,1.0,0.04416666666666668
qwen,order_control,control_02,Appliance,135,False,1.0,1.0,0.04416666666666668
qwen,order_control,control_03,Appliance,135,False,1.0,1.0,0.04416666666666668
qwen,order_reversed,reversed_01,Appliance,135,False,1.0,1.0,0.04416666666666668
qwen,order_reversed,reversed_02,Appliance,135,False,1.0,1.0,0.04416666666666668
qwen,order_reversed,reversed_03,Appliance,135,False,1.0,1.0,0.04416666666666668
qwen,order_reversed,reversed_04,Appliance,135,False,1.0,1.0,0.04416666666666668
qwen,order_reversed,reversed_05,Appliance,135,False,1.0,1.0,0.04416666666666668
qwen,extracted,,Shower,136,False,-1.0,0.0,0.08083333333333334
qwen,default_params,,Shower,136,False,-1.0,0.0,0.12
qwen,extracted_per_run,shippedrun_01,Shower,136,False,-1.0,0.0,0.08083333333333334
qwen,extracted_per_run,shippedrun_02,Shower,136,False,-1.0,0.0,0.08083333333333334
qwen,extracted_per_run,shippedrun_03,Shower,136,False,-1.0,0.0,0.08083333333333334
qwen,extracted_per_run,shippedrun_04,Shower,136,False,-1.0,0.0,0.08083333333333334
qwen,extracted_per_run,shippedrun_05,Shower,136,False,-1.0,0.0,0.08083333333333334
qwen,order_control,control_01,Shower,136,False,-1.0,0.0,0.08083333333333334
qwen,order_control,control_02,Shower,136,False,-1.0,0.0,0.08083333333333334
qwen,order_control,control_03,Shower,136,False,-1.0,0.0,0.08083333333333334
qwen,order_reversed,reversed_01,Shower,136,False,-1.0,0.0,0.08083333333333334
qwen,order_reversed,reversed_02,Shower,136,False,-1.0,0.0,0.08083333333333334
qwen,order_reversed,reversed_03,Shower,136,False,-1.0,0.0,0.08083333333333334
qwen,order_reversed,reversed_04,Shower,136,False,-1.0,0.0,0.08083333333333334
qwen,order_reversed,reversed_05,Shower,136,False,-1.0,0.0,0.08083333333333334
qwen,extracted,,Shower,137,False,0.33333333333333337,1.0,0.10333333333333333
qwen,default_params,,Shower,137,False,0.33333333333333337,1.0,0.1425
qwen,extracted_per_run,shippedrun_01,Shower,137,False,0.33333333333333337,1.0,0.10333333333333333
qwen,extracted_per_run,shippedrun_02,Shower,137,False,0.33333333333333337,1.0,0.10333333333333333
qwen,extracted_per_run,shippedrun_03,Shower,137,False,0.33333333333333337,1.0,0.10333333333333333
qwen,extracted_per_run,shippedrun_04,Shower,137,False,0.33333333333333337,1.0,0.10333333333333333
qwen,extracted_per_run,shippedrun_05,Shower,137,False,0.33333333333333337,1.0,0.10333333333333333
qwen,order_control,control_01,Shower,137,False,0.33333333333333337,1.0,0.10333333333333333
qwen,order_control,control_02,Shower,137,False,0.33333333333333337,1.0,0.10333333333333333
qwen,order_control,control_03,Shower,137,False,0.33333333333333337,1.0,0.065
qwen,order_reversed,reversed_01,Shower,137,False,0.33333333333333337,1.0,0.10333333333333333
qwen,order_reversed,reversed_02,Shower,137,False,0.33333333333333337,1.0,0.065
qwen,order_reversed,reversed_03,Shower,137,False,0.33333333333333337,1.0,0.10333333333333333
qwen,order_reversed,reversed_04,Shower,137,False,0.33333333333333337,1.0,0.065
qwen,order_reversed,reversed_05,Shower,137,False,0.33333333333333337,1.0,0.10333333333333333
qwen,extracted,,Shower,138,False,1.0,1.0,0.03583333333333333
qwen,default_params,,Shower,138,False,0.33333333333333337,0.0,0.11833333333333333
qwen,extracted_per_run,shippedrun_01,Shower,138,False,1.0,1.0,0.0
qwen,extracted_per_run,shippedrun_02,Shower,138,False,0.33333333333333337,0.0,0.05833333333333333
qwen,extracted_per_run,shippedrun_03,Shower,138,False,1.0,1.0,0.0
qwen,extracted_per_run,shippedrun_04,Shower,138,False,0.33333333333333337,0.0,0.05833333333333333
qwen,extracted_per_run,shippedrun_05,Shower,138,False,0.33333333333333337,0.0,0.05833333333333333
qwen,order_control,control_01,Shower,138,False,1.0,1.0,0.0
qwen,order_control,control_02,Shower,138,False,0.33333333333333337,0.0,0.05833333333333333
qwen,order_control,control_03,Shower,138,False,0.33333333333333337,0.0,0.05833333333333333
qwen,order_reversed,reversed_01,Shower,138,False,0.33333333333333337,0.0,0.05833333333333333
qwen,order_reversed,reversed_02,Shower,138,False,1.0,1.0,0.0
qwen,order_reversed,reversed_03,Shower,138,False,0.33333333333333337,0.0,0.05833333333333333
qwen,order_reversed,reversed_04,Shower,138,False,1.0,1.0,0.0
qwen,order_reversed,reversed_05,Shower,138,False,0.33333333333333337,0.0,0.05833333333333333
qwen,extracted,,Shower,139,False,1.0,1.0,0.00833333333333334
qwen,default_params,,Shower,139,False,1.0,1.0,0.023333333333333334
qwen,extracted_per_run,shippedrun_01,Shower,139,False,1.0,1.0,0.0
qwen,extracted_per_run,shippedrun_02,Shower,139,False,1.0,1.0,0.0
qwen,extracted_per_run,shippedrun_03,Shower,139,False,1.0,1.0,0.065
qwen,extracted_per_run,shippedrun_04,Shower,139,False,1.0,1.0,0.0
qwen,extracted_per_run,shippedrun_05,Shower,139,False,1.0,1.0,0.0
qwen,order_control,control_01,Shower,139,False,1.0,1.0,0.0
qwen,order_control,control_02,Shower,139,False,1.0,1.0,0.0
qwen,order_control,control_03,Shower,139,False,1.0,1.0,0.0
qwen,order_reversed,reversed_01,Shower,139,False,1.0,1.0,0.0
qwen,order_reversed,reversed_02,Shower,139,False,1.0,1.0,0.0
qwen,order_reversed,reversed_03,Shower,139,False,1.0,1.0,0.0
qwen,order_reversed,reversed_04,Shower,139,False,1.0,1.0,0.0
qwen,order_reversed,reversed_05,Shower,139,False,1.0,1.0,0.0
qwen,extracted,,Shower,140,False,0.33333333333333337,0.0,0.09250000000000001
qwen,default_params,,Shower,140,False,0.33333333333333337,0.0,0.13416666666666668
qwen,extracted_per_run,shippedrun_01,Shower,140,False,0.33333333333333337,0.0,0.09250000000000001
qwen,extracted_per_run,shippedrun_02,Shower,140,False,0.33333333333333337,0.0,0.09250000000000001
qwen,extracted_per_run,shippedrun_03,Shower,140,False,0.33333333333333337,0.0,0.09250000000000001
qwen,extracted_per_run,shippedrun_04,Shower,140,False,0.33333333333333337,0.0,0.09250000000000001
qwen,extracted_per_run,shippedrun_05,Shower,140,False,0.33333333333333337,0.0,0.09250000000000001
qwen,order_control,control_01,Shower,140,False,0.33333333333333337,0.0,0.09250000000000001
qwen,order_control,control_02,Shower,140,False,0.33333333333333337,0.0,0.09250000000000001
qwen,order_control,control_03,Shower,140,False,0.33333333333333337,0.0,0.09250000000000001
qwen,order_reversed,reversed_01,Shower,140,False,0.33333333333333337,0.0,0.09250000000000001
qwen,order_reversed,reversed_02,Shower,140,False,0.33333333333333337,0.0,0.09250000000000001
qwen,order_reversed,reversed_03,Shower,140,False,0.33333333333333337,0.0,0.09250000000000001
qwen,order_reversed,reversed_04,Shower,140,False,0.33333333333333337,0.0,0.09250000000000001
qwen,order_reversed,reversed_05,Shower,140,False,0.33333333333333337,0.0,0.09250000000000001
qwen,extracted,,Shower,141,False,1.0,1.0,0.029166666666666664
qwen,default_params,,Shower,141,False,1.0,1.0,0.029166666666666664
qwen,extracted_per_run,shippedrun_01,Shower,141,False,1.0,1.0,0.029166666666666664
qwen,extracted_per_run,shippedrun_02,Shower,141,False,1.0,1.0,0.029166666666666664
qwen,extracted_per_run,shippedrun_03,Shower,141,False,1.0,1.0,0.029166666666666664
qwen,extracted_per_run,shippedrun_04,Shower,141,False,1.0,1.0,0.029166666666666664
qwen,extracted_per_run,shippedrun_05,Shower,141,False,1.0,1.0,0.029166666666666664
qwen,order_control,control_01,Shower,141,False,1.0,1.0,0.029166666666666664
qwen,order_control,control_02,Shower,141,False,1.0,1.0,0.029166666666666664
qwen,order_control,control_03,Shower,141,False,1.0,1.0,0.029166666666666664
qwen,order_reversed,reversed_01,Shower,141,False,1.0,1.0,0.029166666666666664
qwen,order_reversed,reversed_02,Shower,141,False,1.0,1.0,0.029166666666666664
qwen,order_reversed,reversed_03,Shower,141,False,1.0,1.0,0.029166666666666664
qwen,order_reversed,reversed_04,Shower,141,False,1.0,1.0,0.029166666666666664
qwen,order_reversed,reversed_05,Shower,141,False,1.0,1.0,0.029166666666666664
qwen,extracted,,Shower,142,False,0.33333333333333337,1.0,0.03
qwen,default_params,,Shower,142,False,-0.33333333333333337,0.0,0.1025
qwen,extracted_per_run,shippedrun_01,Shower,142,False,-0.33333333333333337,0.0,0.05083333333333332
qwen,extracted_per_run,shippedrun_02,Shower,142,False,1.0,1.0,0.0
qwen,extracted_per_run,shippedrun_03,Shower,142,False,-0.33333333333333337,0.0,0.05083333333333332
qwen,extracted_per_run,shippedrun_04,Shower,142,False,1.0,1.0,0.0
qwen,extracted_per_run,shippedrun_05,Shower,142,False,-0.33333333333333337,0.0,0.05083333333333332
qwen,order_control,control_01,Shower,142,False,-0.33333333333333337,0.0,0.05083333333333332
qwen,order_control,control_02,Shower,142,False,-0.33333333333333337,0.0,0.05083333333333332
qwen,order_control,control_03,Shower,142,False,1.0,1.0,0.0
qwen,order_reversed,reversed_01,Shower,142,False,-0.33333333333333337,0.0,0.05083333333333332
qwen,order_reversed,reversed_02,Shower,142,False,-0.33333333333333337,0.0,0.05083333333333332
qwen,order_reversed,reversed_03,Shower,142,False,1.0,1.0,0.0
qwen,order_reversed,reversed_04,Shower,142,False,-0.33333333333333337,0.0,0.05083333333333332
qwen,order_reversed,reversed_05,Shower,142,False,-0.33333333333333337,0.0,0.05083333333333332
qwen,extracted,,Shower,143,False,0.33333333333333337,0.0,0.06666666666666668
qwen,default_params,,Shower,143,False,0.33333333333333337,0.0,0.10916666666666668
qwen,extracted_per_run,shippedrun_01,Shower,143,False,0.33333333333333337,0.0,0.06666666666666668
qwen,extracted_per_run,shippedrun_02,Shower,143,False,0.33333333333333337,0.0,0.06666666666666668
qwen,extracted_per_run,shippedrun_03,Shower,143,False,0.33333333333333337,0.0,0.06666666666666668
qwen,extracted_per_run,shippedrun_04,Shower,143,False,0.33333333333333337,0.0,0.06666666666666668
qwen,extracted_per_run,shippedrun_05,Shower,143,False,0.33333333333333337,0.0,0.06666666666666668
qwen,order_control,control_01,Shower,143,False,0.33333333333333337,0.0,0.06666666666666668
qwen,order_control,control_02,Shower,143,False,0.33333333333333337,0.0,0.06666666666666668
qwen,order_control,control_03,Shower,143,False,0.33333333333333337,0.0,0.06666666666666668
qwen,order_reversed,reversed_01,Shower,143,False,0.33333333333333337,0.0,0.06666666666666668
qwen,order_reversed,reversed_02,Shower,143,False,0.33333333333333337,0.0,0.06666666666666668
qwen,order_reversed,reversed_03,Shower,143,False,0.33333333333333337,0.0,0.06666666666666668
qwen,order_reversed,reversed_04,Shower,143,False,0.33333333333333337,0.0,0.06666666666666668
qwen,order_reversed,reversed_05,Shower,143,False,0.33333333333333337,0.0,0.06666666666666668
qwen,extracted,,Shower,144,False,1.0,1.0,0.016666666666666666
qwen,default_params,,Shower,144,False,1.0,1.0,0.016666666666666666
qwen,extracted_per_run,shippedrun_01,Shower,144,False,1.0,1.0,0.016666666666666666
qwen,extracted_per_run,shippedrun_02,Shower,144,False,1.0,1.0,0.016666666666666666
qwen,extracted_per_run,shippedrun_03,Shower,144,False,1.0,1.0,0.016666666666666666
qwen,extracted_per_run,shippedrun_04,Shower,144,False,1.0,1.0,0.016666666666666666
qwen,extracted_per_run,shippedrun_05,Shower,144,False,1.0,1.0,0.016666666666666666
qwen,order_control,control_01,Shower,144,False,1.0,1.0,0.016666666666666666
qwen,order_control,control_02,Shower,144,False,1.0,1.0,0.016666666666666666
qwen,order_control,control_03,Shower,144,False,1.0,1.0,0.016666666666666666
qwen,order_reversed,reversed_01,Shower,144,False,1.0,1.0,0.016666666666666666
qwen,order_reversed,reversed_02,Shower,144,False,1.0,1.0,0.016666666666666666
qwen,order_reversed,reversed_03,Shower,144,False,1.0,1.0,0.016666666666666666
qwen,order_reversed,reversed_04,Shower,144,False,1.0,1.0,0.016666666666666666
qwen,order_reversed,reversed_05,Shower,144,False,1.0,1.0,0.016666666666666666
qwen,extracted,,Shower,145,False,1.0,1.0,0.09166666666666667
qwen,default_params,,Shower,145,False,1.0,1.0,0.09166666666666667
qwen,extracted_per_run,shippedrun_01,Shower,145,False,1.0,1.0,0.09166666666666667
qwen,extracted_per_run,shippedrun_02,Shower,145,False,1.0,1.0,0.09166666666666667
qwen,extracted_per_run,shippedrun_03,Shower,145,False,1.0,1.0,0.09166666666666667
qwen,extracted_per_run,shippedrun_04,Shower,145,False,1.0,1.0,0.09166666666666667
qwen,extracted_per_run,shippedrun_05,Shower,145,False,1.0,1.0,0.09166666666666667
qwen,order_control,control_01,Shower,145,False,1.0,1.0,0.09166666666666667
qwen,order_control,control_02,Shower,145,False,1.0,1.0,0.09166666666666667
qwen,order_control,control_03,Shower,145,False,1.0,1.0,0.09166666666666667
qwen,order_reversed,reversed_01,Shower,145,False,1.0,1.0,0.09166666666666667
qwen,order_reversed,reversed_02,Shower,145,False,1.0,1.0,0.09166666666666667
qwen,order_reversed,reversed_03,Shower,145,False,1.0,1.0,0.09166666666666667
qwen,order_reversed,reversed_04,Shower,145,False,1.0,1.0,0.09166666666666667
qwen,order_reversed,reversed_05,Shower,145,False,1.0,1.0,0.09166666666666667
qwen,extracted,,Shower,146,False,1.0,1.0,0.09833333333333333
qwen,default_params,,Shower,146,False,1.0,1.0,0.09833333333333333
qwen,extracted_per_run,shippedrun_01,Shower,146,False,1.0,1.0,0.09833333333333333
qwen,extracted_per_run,shippedrun_02,Shower,146,False,1.0,1.0,0.09833333333333333
qwen,extracted_per_run,shippedrun_03,Shower,146,False,1.0,1.0,0.09833333333333333
qwen,extracted_per_run,shippedrun_04,Shower,146,False,1.0,1.0,0.09833333333333333
qwen,extracted_per_run,shippedrun_05,Shower,146,False,1.0,1.0,0.09833333333333333
qwen,order_control,control_01,Shower,146,False,1.0,1.0,0.09833333333333333
qwen,order_control,control_02,Shower,146,False,1.0,1.0,0.09833333333333333
qwen,order_control,control_03,Shower,146,False,1.0,1.0,0.09833333333333333
qwen,order_reversed,reversed_01,Shower,146,False,1.0,1.0,0.09833333333333333
qwen,order_reversed,reversed_02,Shower,146,False,1.0,1.0,0.09833333333333333
qwen,order_reversed,reversed_03,Shower,146,False,1.0,1.0,0.09833333333333333
qwen,order_reversed,reversed_04,Shower,146,False,1.0,1.0,0.09833333333333333
qwen,order_reversed,reversed_05,Shower,146,False,1.0,1.0,0.09833333333333333
qwen,extracted,,Shower,147,False,1.0,1.0,0.0425
qwen,default_params,,Shower,147,False,1.0,1.0,0.029166666666666664
qwen,extracted_per_run,shippedrun_01,Shower,147,False,1.0,1.0,0.029166666666666664
qwen,extracted_per_run,shippedrun_02,Shower,147,False,1.0,1.0,0.029166666666666664
qwen,extracted_per_run,shippedrun_03,Shower,147,False,1.0,1.0,0.029166666666666664
qwen,extracted_per_run,shippedrun_04,Shower,147,False,1.0,1.0,0.029166666666666664
qwen,extracted_per_run,shippedrun_05,Shower,147,False,1.0,1.0,0.10083333333333333
qwen,order_control,control_01,Shower,147,False,1.0,1.0,0.029166666666666664
qwen,order_control,control_02,Shower,147,False,1.0,1.0,0.029166666666666664
qwen,order_control,control_03,Shower,147,False,1.0,1.0,0.029166666666666664
qwen,order_reversed,reversed_01,Shower,147,False,1.0,1.0,0.029166666666666664
qwen,order_reversed,reversed_02,Shower,147,False,1.0,1.0,0.029166666666666664
qwen,order_reversed,reversed_03,Shower,147,False,1.0,1.0,0.029166666666666664
qwen,order_reversed,reversed_04,Shower,147,False,1.0,1.0,0.029166666666666664
qwen,order_reversed,reversed_05,Shower,147,False,1.0,1.0,0.029166666666666664
qwen,extracted,,Shower,148,False,1.0,1.0,0.029166666666666664
qwen,default_params,,Shower,148,False,1.0,1.0,0.0
qwen,extracted_per_run,shippedrun_01,Shower,148,False,1.0,1.0,0.029166666666666664
qwen,extracted_per_run,shippedrun_02,Shower,148,False,1.0,1.0,0.029166666666666664
qwen,extracted_per_run,shippedrun_03,Shower,148,False,1.0,1.0,0.029166666666666664
qwen,extracted_per_run,shippedrun_04,Shower,148,False,1.0,1.0,0.029166666666666664
qwen,extracted_per_run,shippedrun_05,Shower,148,False,1.0,1.0,0.029166666666666664
qwen,order_control,control_01,Shower,148,False,1.0,1.0,0.029166666666666664
qwen,order_control,control_02,Shower,148,False,1.0,1.0,0.029166666666666664
qwen,order_control,control_03,Shower,148,False,1.0,1.0,0.029166666666666664
qwen,order_reversed,reversed_01,Shower,148,False,1.0,1.0,0.029166666666666664
qwen,order_reversed,reversed_02,Shower,148,False,1.0,1.0,0.029166666666666664
qwen,order_reversed,reversed_03,Shower,148,False,1.0,1.0,0.0
qwen,order_reversed,reversed_04,Shower,148,False,1.0,1.0,0.029166666666666664
qwen,order_reversed,reversed_05,Shower,148,False,1.0,1.0,0.029166666666666664
qwen,extracted,,Shower,149,False,1.0,1.0,0.007500000000000002
qwen,default_params,,Shower,149,False,1.0,1.0,0.09083333333333334
qwen,extracted_per_run,shippedrun_01,Shower,149,False,1.0,1.0,0.09083333333333334
qwen,extracted_per_run,shippedrun_02,Shower,149,False,1.0,1.0,0.09083333333333334
qwen,extracted_per_run,shippedrun_03,Shower,149,False,1.0,1.0,0.09083333333333334
qwen,extracted_per_run,shippedrun_04,Shower,149,False,1.0,1.0,0.09083333333333334
qwen,extracted_per_run,shippedrun_05,Shower,149,False,-0.33333333333333337,0.0,0.12166666666666669
qwen,order_control,control_01,Shower,149,False,1.0,1.0,0.09083333333333334
qwen,order_control,control_02,Shower,149,False,1.0,1.0,0.09083333333333334
qwen,order_control,control_03,Shower,149,False,1.0,1.0,0.09083333333333334
qwen,order_reversed,reversed_01,Shower,149,False,1.0,1.0,0.09083333333333334
qwen,order_reversed,reversed_02,Shower,149,False,1.0,1.0,0.09083333333333334
qwen,order_reversed,reversed_03,Shower,149,False,1.0,1.0,0.09083333333333334
qwen,order_reversed,reversed_04,Shower,149,False,1.0,1.0,0.09083333333333334
qwen,order_reversed,reversed_05,Shower,149,False,1.0,1.0,0.09083333333333334
qwen,extracted,,Shower,150,False,1.0,1.0,0.10916666666666668
qwen,default_params,,Shower,150,False,1.0,1.0,0.1366666666666667
qwen,extracted_per_run,shippedrun_01,Shower,150,False,1.0,1.0,0.10916666666666668
qwen,extracted_per_run,shippedrun_02,Shower,150,False,1.0,1.0,0.10916666666666668
qwen,extracted_per_run,shippedrun_03,Shower,150,False,1.0,1.0,0.10916666666666668
qwen,extracted_per_run,shippedrun_04,Shower,150,False,1.0,1.0,0.10916666666666668
qwen,extracted_per_run,shippedrun_05,Shower,150,False,1.0,1.0,0.10916666666666668
qwen,order_control,control_01,Shower,150,False,1.0,1.0,0.10916666666666668
qwen,order_control,control_02,Shower,150,False,1.0,1.0,0.10916666666666668
qwen,order_control,control_03,Shower,150,False,1.0,1.0,0.10916666666666668
qwen,order_reversed,reversed_01,Shower,150,False,1.0,1.0,0.10916666666666668
qwen,order_reversed,reversed_02,Shower,150,False,1.0,1.0,0.10916666666666668
qwen,order_reversed,reversed_03,Shower,150,False,1.0,1.0,0.10916666666666668
qwen,order_reversed,reversed_04,Shower,150,False,1.0,1.0,0.10916666666666668
qwen,order_reversed,reversed_05,Shower,150,False,1.0,1.0,0.10916666666666668
qwen,extracted,,Shower,151,False,1.0,1.0,0.0675
qwen,default_params,,Shower,151,False,1.0,1.0,0.0675
qwen,extracted_per_run,shippedrun_01,Shower,151,False,1.0,1.0,0.0675
qwen,extracted_per_run,shippedrun_02,Shower,151,False,1.0,1.0,0.0675
qwen,extracted_per_run,shippedrun_03,Shower,151,False,1.0,1.0,0.0675
qwen,extracted_per_run,shippedrun_04,Shower,151,False,1.0,1.0,0.0675
qwen,extracted_per_run,shippedrun_05,Shower,151,False,1.0,1.0,0.0675
qwen,order_control,control_01,Shower,151,False,1.0,1.0,0.0675
qwen,order_control,control_02,Shower,151,False,1.0,1.0,0.0675
qwen,order_control,control_03,Shower,151,False,1.0,1.0,0.0675
qwen,order_reversed,reversed_01,Shower,151,False,1.0,1.0,0.0675
qwen,order_reversed,reversed_02,Shower,151,False,1.0,1.0,0.0675
qwen,order_reversed,reversed_03,Shower,151,False,1.0,1.0,0.0675
qwen,order_reversed,reversed_04,Shower,151,False,1.0,1.0,0.0675
qwen,order_reversed,reversed_05,Shower,151,False,1.0,1.0,0.0675
qwen,extracted,,Shower,152,False,1.0,1.0,0.0
qwen,default_params,,Shower,152,False,1.0,1.0,0.049166666666666664
qwen,extracted_per_run,shippedrun_01,Shower,152,False,1.0,1.0,0.0
qwen,extracted_per_run,shippedrun_02,Shower,152,False,1.0,1.0,0.0
qwen,extracted_per_run,shippedrun_03,Shower,152,False,1.0,1.0,0.0
qwen,extracted_per_run,shippedrun_04,Shower,152,False,1.0,1.0,0.0
qwen,extracted_per_run,shippedrun_05,Shower,152,False,1.0,1.0,0.0
qwen,order_control,control_01,Shower,152,False,1.0,1.0,0.06916666666666667
qwen,order_control,control_02,Shower,152,False,1.0,1.0,0.0
qwen,order_control,control_03,Shower,152,False,1.0,1.0,0.0
qwen,order_reversed,reversed_01,Shower,152,False,1.0,1.0,0.0
qwen,order_reversed,reversed_02,Shower,152,False,1.0,1.0,0.06916666666666667
qwen,order_reversed,reversed_03,Shower,152,False,1.0,1.0,0.0
qwen,order_reversed,reversed_04,Shower,152,False,1.0,1.0,0.0
qwen,order_reversed,reversed_05,Shower,152,False,1.0,1.0,0.06916666666666667
qwen,extracted,,Shower,153,False,1.0,1.0,0.13333333333333333
qwen,default_params,,Shower,153,False,1.0,1.0,0.13333333333333333
qwen,extracted_per_run,shippedrun_01,Shower,153,False,1.0,1.0,0.13333333333333333
qwen,extracted_per_run,shippedrun_02,Shower,153,False,1.0,1.0,0.13333333333333333
qwen,extracted_per_run,shippedrun_03,Shower,153,False,1.0,1.0,0.13333333333333333
qwen,extracted_per_run,shippedrun_04,Shower,153,False,1.0,1.0,0.13333333333333333
qwen,extracted_per_run,shippedrun_05,Shower,153,False,1.0,1.0,0.13333333333333333
qwen,order_control,control_01,Shower,153,False,1.0,1.0,0.13333333333333333
qwen,order_control,control_02,Shower,153,False,1.0,1.0,0.13333333333333333
qwen,order_control,control_03,Shower,153,False,1.0,1.0,0.13333333333333333
qwen,order_reversed,reversed_01,Shower,153,False,1.0,1.0,0.13333333333333333
qwen,order_reversed,reversed_02,Shower,153,False,1.0,1.0,0.13333333333333333
qwen,order_reversed,reversed_03,Shower,153,False,1.0,1.0,0.13333333333333333
qwen,order_reversed,reversed_04,Shower,153,False,1.0,1.0,0.13333333333333333
qwen,order_reversed,reversed_05,Shower,153,False,1.0,1.0,0.13333333333333333
qwen,extracted,,Shower,154,False,1.0,1.0,0.06583333333333334
qwen,default_params,,Shower,154,False,0.33333333333333337,1.0,0.08666666666666667
qwen,extracted_per_run,shippedrun_01,Shower,154,False,1.0,1.0,0.06583333333333334
qwen,extracted_per_run,shippedrun_02,Shower,154,False,1.0,1.0,0.06583333333333334
qwen,extracted_per_run,shippedrun_03,Shower,154,False,1.0,1.0,0.06583333333333334
qwen,extracted_per_run,shippedrun_04,Shower,154,False,1.0,1.0,0.06583333333333334
qwen,extracted_per_run,shippedrun_05,Shower,154,False,1.0,1.0,0.06583333333333334
qwen,order_control,control_01,Shower,154,False,1.0,1.0,0.06583333333333334
qwen,order_control,control_02,Shower,154,False,1.0,1.0,0.06583333333333334
qwen,order_control,control_03,Shower,154,False,1.0,1.0,0.06583333333333334
qwen,order_reversed,reversed_01,Shower,154,False,1.0,1.0,0.06583333333333334
qwen,order_reversed,reversed_02,Shower,154,False,0.33333333333333337,0.0,0.08
qwen,order_reversed,reversed_03,Shower,154,False,1.0,1.0,0.06583333333333334
qwen,order_reversed,reversed_04,Shower,154,False,0.33333333333333337,0.0,0.08
qwen,order_reversed,reversed_05,Shower,154,False,1.0,1.0,0.06583333333333334
qwen,extracted,,Shower,155,False,1.0,1.0,0.050833333333333335
qwen,default_params,,Shower,155,False,1.0,1.0,0.050833333333333335
qwen,extracted_per_run,shippedrun_01,Shower,155,False,1.0,1.0,0.050833333333333335
qwen,extracted_per_run,shippedrun_02,Shower,155,False,1.0,1.0,0.050833333333333335
qwen,extracted_per_run,shippedrun_03,Shower,155,False,1.0,1.0,0.050833333333333335
qwen,extracted_per_run,shippedrun_04,Shower,155,False,1.0,1.0,0.050833333333333335
qwen,extracted_per_run,shippedrun_05,Shower,155,False,1.0,1.0,0.050833333333333335
qwen,order_control,control_01,Shower,155,False,1.0,1.0,0.050833333333333335
qwen,order_control,control_02,Shower,155,False,1.0,1.0,0.050833333333333335
qwen,order_control,control_03,Shower,155,False,1.0,1.0,0.050833333333333335
qwen,order_reversed,reversed_01,Shower,155,False,1.0,1.0,0.050833333333333335
qwen,order_reversed,reversed_02,Shower,155,False,1.0,1.0,0.050833333333333335
qwen,order_reversed,reversed_03,Shower,155,False,1.0,1.0,0.050833333333333335
qwen,order_reversed,reversed_04,Shower,155,False,1.0,1.0,0.050833333333333335
qwen,order_reversed,reversed_05,Shower,155,False,1.0,1.0,0.050833333333333335
qwen,extracted,,Shower,156,False,1.0,1.0,0.0625
qwen,default_params,,Shower,156,False,1.0,1.0,0.0625
qwen,extracted_per_run,shippedrun_01,Shower,156,False,1.0,1.0,0.0625
qwen,extracted_per_run,shippedrun_02,Shower,156,False,1.0,1.0,0.0625
qwen,extracted_per_run,shippedrun_03,Shower,156,False,1.0,1.0,0.0625
qwen,extracted_per_run,shippedrun_04,Shower,156,False,1.0,1.0,0.0625
qwen,extracted_per_run,shippedrun_05,Shower,156,False,1.0,1.0,0.0625
qwen,order_control,control_01,Shower,156,False,1.0,1.0,0.0625
qwen,order_control,control_02,Shower,156,False,1.0,1.0,0.0625
qwen,order_control,control_03,Shower,156,False,1.0,1.0,0.0625
qwen,order_reversed,reversed_01,Shower,156,False,1.0,1.0,0.0625
qwen,order_reversed,reversed_02,Shower,156,False,1.0,1.0,0.0625
qwen,order_reversed,reversed_03,Shower,156,False,1.0,1.0,0.0625
qwen,order_reversed,reversed_04,Shower,156,False,1.0,1.0,0.0625
qwen,order_reversed,reversed_05,Shower,156,False,1.0,1.0,0.0625
qwen,extracted,,Shower,157,False,1.0,1.0,0.021666666666666667
qwen,default_params,,Shower,157,False,1.0,1.0,0.07083333333333333
qwen,extracted_per_run,shippedrun_01,Shower,157,False,1.0,1.0,0.021666666666666667
qwen,extracted_per_run,shippedrun_02,Shower,157,False,1.0,1.0,0.021666666666666667
qwen,extracted_per_run,shippedrun_03,Shower,157,False,1.0,1.0,0.021666666666666667
qwen,extracted_per_run,shippedrun_04,Shower,157,False,1.0,1.0,0.021666666666666667
qwen,extracted_per_run,shippedrun_05,Shower,157,False,1.0,1.0,0.021666666666666667
qwen,order_control,control_01,Shower,157,False,1.0,1.0,0.021666666666666667
qwen,order_control,control_02,Shower,157,False,1.0,1.0,0.021666666666666667
qwen,order_control,control_03,Shower,157,False,1.0,1.0,0.021666666666666667
qwen,order_reversed,reversed_01,Shower,157,False,1.0,1.0,0.021666666666666667
qwen,order_reversed,reversed_02,Shower,157,False,1.0,1.0,0.021666666666666667
qwen,order_reversed,reversed_03,Shower,157,False,1.0,1.0,0.021666666666666667
qwen,order_reversed,reversed_04,Shower,157,False,1.0,1.0,0.021666666666666667
qwen,order_reversed,reversed_05,Shower,157,False,1.0,1.0,0.021666666666666667
qwen,extracted,,Shower,158,False,1.0,1.0,0.12000000000000001
qwen,default_params,,Shower,158,False,1.0,1.0,0.12000000000000001
qwen,extracted_per_run,shippedrun_01,Shower,158,False,1.0,1.0,0.12000000000000001
qwen,extracted_per_run,shippedrun_02,Shower,158,False,1.0,1.0,0.12000000000000001
qwen,extracted_per_run,shippedrun_03,Shower,158,False,1.0,1.0,0.12000000000000001
qwen,extracted_per_run,shippedrun_04,Shower,158,False,1.0,1.0,0.12000000000000001
qwen,extracted_per_run,shippedrun_05,Shower,158,False,1.0,1.0,0.12000000000000001
qwen,order_control,control_01,Shower,158,False,1.0,1.0,0.12000000000000001
qwen,order_control,control_02,Shower,158,False,1.0,1.0,0.12000000000000001
qwen,order_control,control_03,Shower,158,False,1.0,1.0,0.12000000000000001
qwen,order_reversed,reversed_01,Shower,158,False,1.0,1.0,0.12000000000000001
qwen,order_reversed,reversed_02,Shower,158,False,1.0,1.0,0.12000000000000001
qwen,order_reversed,reversed_03,Shower,158,False,1.0,1.0,0.12000000000000001
qwen,order_reversed,reversed_04,Shower,158,False,1.0,1.0,0.12000000000000001
qwen,order_reversed,reversed_05,Shower,158,False,1.0,1.0,0.12000000000000001
qwen,extracted,,Shower,159,False,1.0,1.0,0.11083333333333334
qwen,default_params,,Shower,159,False,1.0,1.0,0.13416666666666668
qwen,extracted_per_run,shippedrun_01,Shower,159,False,1.0,1.0,0.11083333333333334
qwen,extracted_per_run,shippedrun_02,Shower,159,False,1.0,1.0,0.11083333333333334
qwen,extracted_per_run,shippedrun_03,Shower,159,False,1.0,1.0,0.11083333333333334
qwen,extracted_per_run,shippedrun_04,Shower,159,False,1.0,1.0,0.11083333333333334
qwen,extracted_per_run,shippedrun_05,Shower,159,False,1.0,1.0,0.11083333333333334
qwen,order_control,control_01,Shower,159,False,1.0,1.0,0.11083333333333334
qwen,order_control,control_02,Shower,159,False,1.0,1.0,0.11083333333333334
qwen,order_control,control_03,Shower,159,False,1.0,1.0,0.11083333333333334
qwen,order_reversed,reversed_01,Shower,159,False,1.0,1.0,0.11083333333333334
qwen,order_reversed,reversed_02,Shower,159,False,1.0,1.0,0.11083333333333334
qwen,order_reversed,reversed_03,Shower,159,False,1.0,1.0,0.11083333333333334
qwen,order_reversed,reversed_04,Shower,159,False,1.0,1.0,0.11083333333333334
qwen,order_reversed,reversed_05,Shower,159,False,1.0,1.0,0.11083333333333334
qwen,extracted,,Shower,160,False,1.0,1.0,0.13249999999999998
qwen,default_params,,Shower,160,False,1.0,1.0,0.13249999999999998
qwen,extracted_per_run,shippedrun_01,Shower,160,False,1.0,1.0,0.13249999999999998
qwen,extracted_per_run,shippedrun_02,Shower,160,False,1.0,1.0,0.13249999999999998
qwen,extracted_per_run,shippedrun_03,Shower,160,False,1.0,1.0,0.13249999999999998
qwen,extracted_per_run,shippedrun_04,Shower,160,False,1.0,1.0,0.13249999999999998
qwen,extracted_per_run,shippedrun_05,Shower,160,False,1.0,1.0,0.13249999999999998
qwen,order_control,control_01,Shower,160,False,1.0,1.0,0.13249999999999998
qwen,order_control,control_02,Shower,160,False,1.0,1.0,0.13249999999999998
qwen,order_control,control_03,Shower,160,False,1.0,1.0,0.13249999999999998
qwen,order_reversed,reversed_01,Shower,160,False,1.0,1.0,0.13249999999999998
qwen,order_reversed,reversed_02,Shower,160,False,1.0,1.0,0.13249999999999998
qwen,order_reversed,reversed_03,Shower,160,False,1.0,1.0,0.13249999999999998
qwen,order_reversed,reversed_04,Shower,160,False,1.0,1.0,0.13249999999999998
qwen,order_reversed,reversed_05,Shower,160,False,1.0,1.0,0.13249999999999998
qwen,extracted,,Shower,161,False,1.0,1.0,0.0
qwen,default_params,,Shower,161,False,1.0,1.0,0.05416666666666666
qwen,extracted_per_run,shippedrun_01,Shower,161,False,1.0,1.0,0.0
qwen,extracted_per_run,shippedrun_02,Shower,161,False,1.0,1.0,0.0
qwen,extracted_per_run,shippedrun_03,Shower,161,False,1.0,1.0,0.0
qwen,extracted_per_run,shippedrun_04,Shower,161,False,1.0,1.0,0.0
qwen,extracted_per_run,shippedrun_05,Shower,161,False,1.0,1.0,0.0
qwen,order_control,control_01,Shower,161,False,1.0,1.0,0.0
qwen,order_control,control_02,Shower,161,False,1.0,1.0,0.0
qwen,order_control,control_03,Shower,161,False,1.0,1.0,0.0
qwen,order_reversed,reversed_01,Shower,161,False,1.0,1.0,0.0
qwen,order_reversed,reversed_02,Shower,161,False,1.0,1.0,0.0
qwen,order_reversed,reversed_03,Shower,161,False,1.0,1.0,0.0
qwen,order_reversed,reversed_04,Shower,161,False,1.0,1.0,0.0
qwen,order_reversed,reversed_05,Shower,161,False,1.0,1.0,0.0
qwen,extracted,,Shower,162,False,1.0,1.0,0.0
qwen,default_params,,Shower,162,False,1.0,1.0,0.023333333333333334
qwen,extracted_per_run,shippedrun_01,Shower,162,False,1.0,1.0,0.0
qwen,extracted_per_run,shippedrun_02,Shower,162,False,1.0,1.0,0.0
qwen,extracted_per_run,shippedrun_03,Shower,162,False,1.0,1.0,0.0
qwen,extracted_per_run,shippedrun_04,Shower,162,False,1.0,1.0,0.0
qwen,extracted_per_run,shippedrun_05,Shower,162,False,1.0,1.0,0.0
qwen,order_control,control_01,Shower,162,False,1.0,1.0,0.0
qwen,order_control,control_02,Shower,162,False,1.0,1.0,0.0
qwen,order_control,control_03,Shower,162,False,1.0,1.0,0.0
qwen,order_reversed,reversed_01,Shower,162,False,1.0,1.0,0.08749999999999998
qwen,order_reversed,reversed_02,Shower,162,False,1.0,1.0,0.0
qwen,order_reversed,reversed_03,Shower,162,False,1.0,1.0,0.0
qwen,order_reversed,reversed_04,Shower,162,False,1.0,1.0,0.0
qwen,order_reversed,reversed_05,Shower,162,False,1.0,1.0,0.08749999999999998
qwen,extracted,,Shower,163,False,1.0,1.0,0.0
qwen,default_params,,Shower,163,False,1.0,1.0,0.0575
qwen,extracted_per_run,shippedrun_01,Shower,163,False,1.0,1.0,0.0
qwen,extracted_per_run,shippedrun_02,Shower,163,False,1.0,1.0,0.0
qwen,extracted_per_run,shippedrun_03,Shower,163,False,1.0,1.0,0.0
qwen,extracted_per_run,shippedrun_04,Shower,163,False,1.0,1.0,0.0
qwen,extracted_per_run,shippedrun_05,Shower,163,False,1.0,1.0,0.0
qwen,order_control,control_01,Shower,163,False,1.0,1.0,0.0
qwen,order_control,control_02,Shower,163,False,1.0,1.0,0.0
qwen,order_control,control_03,Shower,163,False,1.0,1.0,0.0
qwen,order_reversed,reversed_01,Shower,163,False,1.0,1.0,0.0
qwen,order_reversed,reversed_02,Shower,163,False,1.0,1.0,0.0
qwen,order_reversed,reversed_03,Shower,163,False,1.0,1.0,0.07749999999999999
qwen,order_reversed,reversed_04,Shower,163,False,1.0,1.0,0.0
qwen,order_reversed,reversed_05,Shower,163,False,1.0,1.0,0.0
qwen,extracted,,Shower,164,False,1.0,1.0,0.0
qwen,default_params,,Shower,164,False,1.0,1.0,0.0
qwen,extracted_per_run,shippedrun_01,Shower,164,False,1.0,1.0,0.0
qwen,extracted_per_run,shippedrun_02,Shower,164,False,1.0,1.0,0.0
qwen,extracted_per_run,shippedrun_03,Shower,164,False,1.0,1.0,0.0
qwen,extracted_per_run,shippedrun_04,Shower,164,False,1.0,1.0,0.0
qwen,extracted_per_run,shippedrun_05,Shower,164,False,1.0,1.0,0.0
qwen,order_control,control_01,Shower,164,False,1.0,1.0,0.0
qwen,order_control,control_02,Shower,164,False,1.0,1.0,0.0
qwen,order_control,control_03,Shower,164,False,1.0,1.0,0.0
qwen,order_reversed,reversed_01,Shower,164,False,1.0,1.0,0.0
qwen,order_reversed,reversed_02,Shower,164,False,1.0,1.0,0.0
qwen,order_reversed,reversed_03,Shower,164,False,1.0,1.0,0.0
qwen,order_reversed,reversed_04,Shower,164,False,1.0,1.0,0.0
qwen,order_reversed,reversed_05,Shower,164,False,0.33333333333333337,0.0,0.04666666666666667
qwen,extracted,,Shower,165,False,1.0,1.0,0.0
qwen,default_params,,Shower,165,False,1.0,1.0,0.06083333333333333
qwen,extracted_per_run,shippedrun_01,Shower,165,False,1.0,1.0,0.0
qwen,extracted_per_run,shippedrun_02,Shower,165,False,1.0,1.0,0.0
qwen,extracted_per_run,shippedrun_03,Shower,165,False,1.0,1.0,0.0
qwen,extracted_per_run,shippedrun_04,Shower,165,False,1.0,1.0,0.0
qwen,extracted_per_run,shippedrun_05,Shower,165,False,1.0,1.0,0.0
qwen,order_control,control_01,Shower,165,False,1.0,1.0,0.0
qwen,order_control,control_02,Shower,165,False,1.0,1.0,0.0
qwen,order_control,control_03,Shower,165,False,1.0,1.0,0.0
qwen,order_reversed,reversed_01,Shower,165,False,1.0,1.0,0.0
qwen,order_reversed,reversed_02,Shower,165,False,1.0,1.0,0.0
qwen,order_reversed,reversed_03,Shower,165,False,1.0,1.0,0.0
qwen,order_reversed,reversed_04,Shower,165,False,1.0,1.0,0.0625
qwen,order_reversed,reversed_05,Shower,165,False,1.0,1.0,0.0
qwen,extracted,,Shower,166,False,1.0,1.0,0.04083333333333333
qwen,default_params,,Shower,166,False,0.33333333333333337,0.0,0.09500000000000001
qwen,extracted_per_run,shippedrun_01,Shower,166,False,1.0,1.0,0.04083333333333333
qwen,extracted_per_run,shippedrun_02,Shower,166,False,1.0,1.0,0.04083333333333333
qwen,extracted_per_run,shippedrun_03,Shower,166,False,1.0,1.0,0.04083333333333333
qwen,extracted_per_run,shippedrun_04,Shower,166,False,1.0,1.0,0.04083333333333333
qwen,extracted_per_run,shippedrun_05,Shower,166,False,1.0,1.0,0.04083333333333333
qwen,order_control,control_01,Shower,166,False,1.0,1.0,0.04083333333333333
qwen,order_control,control_02,Shower,166,False,1.0,1.0,0.04083333333333333
qwen,order_control,control_03,Shower,166,False,1.0,1.0,0.04083333333333333
qwen,order_reversed,reversed_01,Shower,166,False,1.0,1.0,0.11583333333333333
qwen,order_reversed,reversed_02,Shower,166,False,1.0,1.0,0.04083333333333333
qwen,order_reversed,reversed_03,Shower,166,False,1.0,1.0,0.04083333333333333
qwen,order_reversed,reversed_04,Shower,166,False,1.0,1.0,0.04083333333333333
qwen,order_reversed,reversed_05,Shower,166,False,1.0,1.0,0.04083333333333333
qwen,extracted,,Shower,167,False,1.0,1.0,0.041666666666666664
qwen,default_params,,Shower,167,False,1.0,1.0,0.041666666666666664
qwen,extracted_per_run,shippedrun_01,Shower,167,False,1.0,1.0,0.041666666666666664
qwen,extracted_per_run,shippedrun_02,Shower,167,False,1.0,1.0,0.041666666666666664
qwen,extracted_per_run,shippedrun_03,Shower,167,False,1.0,1.0,0.041666666666666664
qwen,extracted_per_run,shippedrun_04,Shower,167,False,1.0,1.0,0.041666666666666664
qwen,extracted_per_run,shippedrun_05,Shower,167,False,1.0,1.0,0.041666666666666664
qwen,order_control,control_01,Shower,167,False,1.0,1.0,0.041666666666666664
qwen,order_control,control_02,Shower,167,False,1.0,1.0,0.041666666666666664
qwen,order_control,control_03,Shower,167,False,1.0,1.0,0.041666666666666664
qwen,order_reversed,reversed_01,Shower,167,False,1.0,1.0,0.041666666666666664
qwen,order_reversed,reversed_02,Shower,167,False,1.0,1.0,0.041666666666666664
qwen,order_reversed,reversed_03,Shower,167,False,1.0,1.0,0.041666666666666664
qwen,order_reversed,reversed_04,Shower,167,False,1.0,1.0,0.041666666666666664
qwen,order_reversed,reversed_05,Shower,167,False,1.0,1.0,0.041666666666666664
qwen,extracted,,Shower,168,False,1.0,1.0,0.04083333333333333
qwen,default_params,,Shower,168,False,0.33333333333333337,0.0,0.09250000000000001
qwen,extracted_per_run,shippedrun_01,Shower,168,False,1.0,1.0,0.04083333333333333
qwen,extracted_per_run,shippedrun_02,Shower,168,False,1.0,1.0,0.04083333333333333
qwen,extracted_per_run,shippedrun_03,Shower,168,False,1.0,1.0,0.04083333333333333
qwen,extracted_per_run,shippedrun_04,Shower,168,False,1.0,1.0,0.04083333333333333
qwen,extracted_per_run,shippedrun_05,Shower,168,False,1.0,1.0,0.04083333333333333
qwen,order_control,control_01,Shower,168,False,1.0,1.0,0.04083333333333333
qwen,order_control,control_02,Shower,168,False,1.0,1.0,0.04083333333333333
qwen,order_control,control_03,Shower,168,False,1.0,1.0,0.04083333333333333
qwen,order_reversed,reversed_01,Shower,168,False,1.0,1.0,0.11416666666666665
qwen,order_reversed,reversed_02,Shower,168,False,1.0,1.0,0.04083333333333333
qwen,order_reversed,reversed_03,Shower,168,False,1.0,1.0,0.04083333333333333
qwen,order_reversed,reversed_04,Shower,168,False,1.0,1.0,0.04083333333333333
qwen,order_reversed,reversed_05,Shower,168,False,1.0,1.0,0.04083333333333333
qwen,extracted,,Shower,169,False,1.0,1.0,0.024999999999999998
qwen,default_params,,Shower,169,False,1.0,1.0,0.024999999999999998
qwen,extracted_per_run,shippedrun_01,Shower,169,False,1.0,1.0,0.024999999999999998
qwen,extracted_per_run,shippedrun_02,Shower,169,False,1.0,1.0,0.024999999999999998
qwen,extracted_per_run,shippedrun_03,Shower,169,False,1.0,1.0,0.024999999999999998
qwen,extracted_per_run,shippedrun_04,Shower,169,False,1.0,1.0,0.024999999999999998
qwen,extracted_per_run,shippedrun_05,Shower,169,False,1.0,1.0,0.024999999999999998
qwen,order_control,control_01,Shower,169,False,1.0,1.0,0.024999999999999998
qwen,order_control,control_02,Shower,169,False,1.0,1.0,0.024999999999999998
qwen,order_control,control_03,Shower,169,False,1.0,1.0,0.024999999999999998
qwen,order_reversed,reversed_01,Shower,169,False,1.0,1.0,0.024999999999999998
qwen,order_reversed,reversed_02,Shower,169,False,1.0,1.0,0.024999999999999998
qwen,order_reversed,reversed_03,Shower,169,False,1.0,1.0,0.024999999999999998
qwen,order_reversed,reversed_04,Shower,169,False,1.0,1.0,0.024999999999999998
qwen,order_reversed,reversed_05,Shower,169,False,1.0,1.0,0.024999999999999998
qwen,extracted,,Shower,170,False,1.0,1.0,0.016666666666666666
qwen,default_params,,Shower,170,False,1.0,1.0,0.0
qwen,extracted_per_run,shippedrun_01,Shower,170,False,1.0,1.0,0.016666666666666666
qwen,extracted_per_run,shippedrun_02,Shower,170,False,1.0,1.0,0.016666666666666666
qwen,extracted_per_run,shippedrun_03,Shower,170,False,1.0,1.0,0.016666666666666666
qwen,extracted_per_run,shippedrun_04,Shower,170,False,1.0,1.0,0.016666666666666666
qwen,extracted_per_run,shippedrun_05,Shower,170,False,1.0,1.0,0.016666666666666666
qwen,order_control,control_01,Shower,170,False,1.0,1.0,0.016666666666666666
qwen,order_control,control_02,Shower,170,False,1.0,1.0,0.016666666666666666
qwen,order_control,control_03,Shower,170,False,1.0,1.0,0.016666666666666666
qwen,order_reversed,reversed_01,Shower,170,False,1.0,1.0,0.016666666666666666
qwen,order_reversed,reversed_02,Shower,170,False,1.0,1.0,0.016666666666666666
qwen,order_reversed,reversed_03,Shower,170,False,1.0,1.0,0.016666666666666666
qwen,order_reversed,reversed_04,Shower,170,False,1.0,1.0,0.016666666666666666
qwen,order_reversed,reversed_05,Shower,170,False,1.0,1.0,0.0
qwen,extracted,,Shower,171,False,1.0,1.0,0.0
qwen,default_params,,Shower,171,False,1.0,1.0,0.0
qwen,extracted_per_run,shippedrun_01,Shower,171,False,1.0,1.0,0.0
qwen,extracted_per_run,shippedrun_02,Shower,171,False,1.0,1.0,0.0
qwen,extracted_per_run,shippedrun_03,Shower,171,False,1.0,1.0,0.0
qwen,extracted_per_run,shippedrun_04,Shower,171,False,1.0,1.0,0.0
qwen,extracted_per_run,shippedrun_05,Shower,171,False,1.0,1.0,0.0
qwen,order_control,control_01,Shower,171,False,1.0,1.0,0.0
qwen,order_control,control_02,Shower,171,False,1.0,1.0,0.0
qwen,order_control,control_03,Shower,171,False,1.0,1.0,0.0
qwen,order_reversed,reversed_01,Shower,171,False,1.0,1.0,0.0
qwen,order_reversed,reversed_02,Shower,171,False,1.0,1.0,0.0
qwen,order_reversed,reversed_03,Shower,171,False,1.0,1.0,0.0
qwen,order_reversed,reversed_04,Shower,171,False,1.0,1.0,0.0
qwen,order_reversed,reversed_05,Shower,171,False,1.0,1.0,0.0
qwen,extracted,,Shower,172,False,1.0,1.0,0.06416666666666666
qwen,default_params,,Shower,172,False,1.0,1.0,0.06416666666666666
qwen,extracted_per_run,shippedrun_01,Shower,172,False,1.0,1.0,0.06416666666666666
qwen,extracted_per_run,shippedrun_02,Shower,172,False,1.0,1.0,0.06416666666666666
qwen,extracted_per_run,shippedrun_03,Shower,172,False,1.0,1.0,0.06416666666666666
qwen,extracted_per_run,shippedrun_04,Shower,172,False,1.0,1.0,0.06416666666666666
qwen,extracted_per_run,shippedrun_05,Shower,172,False,1.0,1.0,0.06416666666666666
qwen,order_control,control_01,Shower,172,False,1.0,1.0,0.06416666666666666
qwen,order_control,control_02,Shower,172,False,1.0,1.0,0.06416666666666666
qwen,order_control,control_03,Shower,172,False,1.0,1.0,0.06416666666666666
qwen,order_reversed,reversed_01,Shower,172,False,1.0,1.0,0.06416666666666666
qwen,order_reversed,reversed_02,Shower,172,False,1.0,1.0,0.06416666666666666
qwen,order_reversed,reversed_03,Shower,172,False,1.0,1.0,0.06416666666666666
qwen,order_reversed,reversed_04,Shower,172,False,1.0,1.0,0.06416666666666666
qwen,order_reversed,reversed_05,Shower,172,False,1.0,1.0,0.06416666666666666
qwen,extracted,,Shower,173,False,1.0,1.0,0.0
qwen,default_params,,Shower,173,False,1.0,1.0,0.0
qwen,extracted_per_run,shippedrun_01,Shower,173,False,1.0,1.0,0.0
qwen,extracted_per_run,shippedrun_02,Shower,173,False,1.0,1.0,0.0
qwen,extracted_per_run,shippedrun_03,Shower,173,False,1.0,1.0,0.0
qwen,extracted_per_run,shippedrun_04,Shower,173,False,1.0,1.0,0.0
qwen,extracted_per_run,shippedrun_05,Shower,173,False,1.0,1.0,0.0
qwen,order_control,control_01,Shower,173,False,1.0,1.0,0.0
qwen,order_control,control_02,Shower,173,False,1.0,1.0,0.0
qwen,order_control,control_03,Shower,173,False,1.0,1.0,0.0
qwen,order_reversed,reversed_01,Shower,173,False,1.0,1.0,0.0
qwen,order_reversed,reversed_02,Shower,173,False,1.0,1.0,0.0
qwen,order_reversed,reversed_03,Shower,173,False,1.0,1.0,0.0
qwen,order_reversed,reversed_04,Shower,173,False,1.0,1.0,0.0
qwen,order_reversed,reversed_05,Shower,173,False,1.0,1.0,0.0
qwen,extracted,,Shower,174,False,1.0,1.0,0.0
qwen,default_params,,Shower,174,False,1.0,1.0,0.06333333333333334
qwen,extracted_per_run,shippedrun_01,Shower,174,False,1.0,1.0,0.0
qwen,extracted_per_run,shippedrun_02,Shower,174,False,1.0,1.0,0.0
qwen,extracted_per_run,shippedrun_03,Shower,174,False,1.0,1.0,0.0
qwen,extracted_per_run,shippedrun_04,Shower,174,False,1.0,1.0,0.0
qwen,extracted_per_run,shippedrun_05,Shower,174,False,1.0,1.0,0.0
qwen,order_control,control_01,Shower,174,False,1.0,1.0,0.0
qwen,order_control,control_02,Shower,174,False,1.0,1.0,0.0
qwen,order_control,control_03,Shower,174,False,1.0,1.0,0.0
qwen,order_reversed,reversed_01,Shower,174,False,1.0,1.0,0.0
qwen,order_reversed,reversed_02,Shower,174,False,1.0,1.0,0.06333333333333334
qwen,order_reversed,reversed_03,Shower,174,False,1.0,1.0,0.0
qwen,order_reversed,reversed_04,Shower,174,False,1.0,1.0,0.0
qwen,order_reversed,reversed_05,Shower,174,False,1.0,1.0,0.0
qwen,extracted,,Shower,175,False,1.0,1.0,0.0
qwen,default_params,,Shower,175,False,1.0,1.0,0.0
qwen,extracted_per_run,shippedrun_01,Shower,175,False,1.0,1.0,0.0
qwen,extracted_per_run,shippedrun_02,Shower,175,False,1.0,1.0,0.0
qwen,extracted_per_run,shippedrun_03,Shower,175,False,1.0,1.0,0.0
qwen,extracted_per_run,shippedrun_04,Shower,175,False,1.0,1.0,0.0
qwen,extracted_per_run,shippedrun_05,Shower,175,False,1.0,1.0,0.0
qwen,order_control,control_01,Shower,175,False,1.0,1.0,0.0
qwen,order_control,control_02,Shower,175,False,1.0,1.0,0.0
qwen,order_control,control_03,Shower,175,False,1.0,1.0,0.0
qwen,order_reversed,reversed_01,Shower,175,False,1.0,1.0,0.0
qwen,order_reversed,reversed_02,Shower,175,False,1.0,1.0,0.0
qwen,order_reversed,reversed_03,Shower,175,False,1.0,1.0,0.0
qwen,order_reversed,reversed_04,Shower,175,False,1.0,1.0,0.0
qwen,order_reversed,reversed_05,Shower,175,False,1.0,1.0,0.0
qwen,extracted,,Shower,176,False,1.0,1.0,0.0
qwen,default_params,,Shower,176,False,1.0,1.0,0.0
qwen,extracted_per_run,shippedrun_01,Shower,176,False,1.0,1.0,0.0
qwen,extracted_per_run,shippedrun_02,Shower,176,False,1.0,1.0,0.0
qwen,extracted_per_run,shippedrun_03,Shower,176,False,1.0,1.0,0.0
qwen,extracted_per_run,shippedrun_04,Shower,176,False,1.0,1.0,0.0
qwen,extracted_per_run,shippedrun_05,Shower,176,False,1.0,1.0,0.0
qwen,order_control,control_01,Shower,176,False,1.0,1.0,0.0
qwen,order_control,control_02,Shower,176,False,1.0,1.0,0.0
qwen,order_control,control_03,Shower,176,False,1.0,1.0,0.0
qwen,order_reversed,reversed_01,Shower,176,False,1.0,1.0,0.0
qwen,order_reversed,reversed_02,Shower,176,False,1.0,1.0,0.0
qwen,order_reversed,reversed_03,Shower,176,False,1.0,1.0,0.0
qwen,order_reversed,reversed_04,Shower,176,False,1.0,1.0,0.0
qwen,order_reversed,reversed_05,Shower,176,False,1.0,1.0,0.0
qwen,extracted,,Shower,177,False,1.0,1.0,0.0
qwen,default_params,,Shower,177,False,1.0,1.0,0.06
qwen,extracted_per_run,shippedrun_01,Shower,177,False,1.0,1.0,0.0
qwen,extracted_per_run,shippedrun_02,Shower,177,False,1.0,1.0,0.0
qwen,extracted_per_run,shippedrun_03,Shower,177,False,1.0,1.0,0.0
qwen,extracted_per_run,shippedrun_04,Shower,177,False,1.0,1.0,0.0
qwen,extracted_per_run,shippedrun_05,Shower,177,False,1.0,1.0,0.0
qwen,order_control,control_01,Shower,177,False,1.0,1.0,0.0
qwen,order_control,control_02,Shower,177,False,1.0,1.0,0.0
qwen,order_control,control_03,Shower,177,False,1.0,1.0,0.0
qwen,order_reversed,reversed_01,Shower,177,False,1.0,1.0,0.0
qwen,order_reversed,reversed_02,Shower,177,False,1.0,1.0,0.0
qwen,order_reversed,reversed_03,Shower,177,False,1.0,1.0,0.0
qwen,order_reversed,reversed_04,Shower,177,False,1.0,1.0,0.0
qwen,order_reversed,reversed_05,Shower,177,False,1.0,1.0,0.0
qwen,extracted,,Shower,178,False,1.0,1.0,0.0
qwen,default_params,,Shower,178,False,1.0,1.0,0.0
qwen,extracted_per_run,shippedrun_01,Shower,178,False,1.0,1.0,0.0
qwen,extracted_per_run,shippedrun_02,Shower,178,False,1.0,1.0,0.0
qwen,extracted_per_run,shippedrun_03,Shower,178,False,1.0,1.0,0.0
qwen,extracted_per_run,shippedrun_04,Shower,178,False,1.0,1.0,0.0
qwen,extracted_per_run,shippedrun_05,Shower,178,False,1.0,1.0,0.0
qwen,order_control,control_01,Shower,178,False,1.0,1.0,0.0
qwen,order_control,control_02,Shower,178,False,1.0,1.0,0.0
qwen,order_control,control_03,Shower,178,False,1.0,1.0,0.0
qwen,order_reversed,reversed_01,Shower,178,False,1.0,1.0,0.0
qwen,order_reversed,reversed_02,Shower,178,False,1.0,1.0,0.0
qwen,order_reversed,reversed_03,Shower,178,False,1.0,1.0,0.0
qwen,order_reversed,reversed_04,Shower,178,False,1.0,1.0,0.0
qwen,order_reversed,reversed_05,Shower,178,False,1.0,1.0,0.0
qwen,extracted,,Shower,179,False,1.0,1.0,0.0
qwen,default_params,,Shower,179,False,1.0,1.0,0.0
qwen,extracted_per_run,shippedrun_01,Shower,179,False,1.0,1.0,0.0
qwen,extracted_per_run,shippedrun_02,Shower,179,False,1.0,1.0,0.0
qwen,extracted_per_run,shippedrun_03,Shower,179,False,1.0,1.0,0.0
qwen,extracted_per_run,shippedrun_04,Shower,179,False,1.0,1.0,0.0
qwen,extracted_per_run,shippedrun_05,Shower,179,False,1.0,1.0,0.0
qwen,order_control,control_01,Shower,179,False,1.0,1.0,0.0
qwen,order_control,control_02,Shower,179,False,1.0,1.0,0.0
qwen,order_control,control_03,Shower,179,False,1.0,1.0,0.0
qwen,order_reversed,reversed_01,Shower,179,False,1.0,1.0,0.0
qwen,order_reversed,reversed_02,Shower,179,False,1.0,1.0,0.0
qwen,order_reversed,reversed_03,Shower,179,False,1.0,1.0,0.0
qwen,order_reversed,reversed_04,Shower,179,False,1.0,1.0,0.049166666666666664
qwen,order_reversed,reversed_05,Shower,179,False,1.0,1.0,0.0
qwen,extracted,,Shower,180,False,1.0,1.0,0.07416666666666667
qwen,default_params,,Shower,180,False,1.0,1.0,0.09749999999999999
qwen,extracted_per_run,shippedrun_01,Shower,180,False,1.0,1.0,0.07416666666666667
qwen,extracted_per_run,shippedrun_02,Shower,180,False,1.0,1.0,0.07416666666666667
qwen,extracted_per_run,shippedrun_03,Shower,180,False,1.0,1.0,0.07416666666666667
qwen,extracted_per_run,shippedrun_04,Shower,180,False,1.0,1.0,0.07416666666666667
qwen,extracted_per_run,shippedrun_05,Shower,180,False,1.0,1.0,0.07416666666666667
qwen,order_control,control_01,Shower,180,False,1.0,1.0,0.07416666666666667
qwen,order_control,control_02,Shower,180,False,1.0,1.0,0.07416666666666667
qwen,order_control,control_03,Shower,180,False,1.0,1.0,0.07416666666666667
qwen,order_reversed,reversed_01,Shower,180,False,1.0,1.0,0.07416666666666667
qwen,order_reversed,reversed_02,Shower,180,False,1.0,1.0,0.07416666666666667
qwen,order_reversed,reversed_03,Shower,180,False,1.0,1.0,0.07416666666666667
qwen,order_reversed,reversed_04,Shower,180,False,1.0,1.0,0.07416666666666667
qwen,order_reversed,reversed_05,Shower,180,False,1.0,1.0,0.07416666666666667
qwen,extracted,,Shower,181,False,1.0,1.0,0.09333333333333334
qwen,default_params,,Shower,181,False,1.0,1.0,0.15416666666666665
qwen,extracted_per_run,shippedrun_01,Shower,181,False,1.0,1.0,0.15416666666666665
qwen,extracted_per_run,shippedrun_02,Shower,181,False,1.0,1.0,0.06083333333333333
qwen,extracted_per_run,shippedrun_03,Shower,181,False,1.0,1.0,0.1425
qwen,extracted_per_run,shippedrun_04,Shower,181,False,1.0,1.0,0.15416666666666665
qwen,extracted_per_run,shippedrun_05,Shower,181,False,1.0,1.0,0.1425
qwen,order_control,control_01,Shower,181,False,1.0,1.0,0.1425
qwen,order_control,control_02,Shower,181,False,1.0,1.0,0.1425
qwen,order_control,control_03,Shower,181,False,1.0,1.0,0.1425
qwen,order_reversed,reversed_01,Shower,181,False,1.0,1.0,0.1425
qwen,order_reversed,reversed_02,Shower,181,False,1.0,1.0,0.15416666666666665
qwen,order_reversed,reversed_03,Shower,181,False,1.0,1.0,0.1425
qwen,order_reversed,reversed_04,Shower,181,False,1.0,1.0,0.1425
qwen,order_reversed,reversed_05,Shower,181,False,1.0,1.0,0.1425
qwen,extracted,,Shower,182,False,1.0,1.0,0.0074999999999999884
qwen,default_params,,Shower,182,False,1.0,1.0,0.03833333333333333
qwen,extracted_per_run,shippedrun_01,Shower,182,False,1.0,1.0,0.0
qwen,extracted_per_run,shippedrun_02,Shower,182,False,1.0,1.0,0.0
qwen,extracted_per_run,shippedrun_03,Shower,182,False,1.0,1.0,0.0
qwen,extracted_per_run,shippedrun_04,Shower,182,False,0.33333333333333337,1.0,0.0375
qwen,extracted_per_run,shippedrun_05,Shower,182,False,1.0,1.0,0.0
qwen,order_control,control_01,Shower,182,False,1.0,1.0,0.0
qwen,order_control,control_02,Shower,182,False,1.0,1.0,0.0
qwen,order_control,control_03,Shower,182,False,1.0,1.0,0.0
qwen,order_reversed,reversed_01,Shower,182,False,1.0,1.0,0.0
qwen,order_reversed,reversed_02,Shower,182,False,1.0,1.0,0.0
qwen,order_reversed,reversed_03,Shower,182,False,1.0,1.0,0.0
qwen,order_reversed,reversed_04,Shower,182,False,1.0,1.0,0.0
qwen,order_reversed,reversed_05,Shower,182,False,1.0,1.0,0.0
qwen,extracted,,Shower,183,False,1.0,1.0,0.015000000000000005
qwen,default_params,,Shower,183,False,1.0,1.0,0.0
qwen,extracted_per_run,shippedrun_01,Shower,183,False,1.0,1.0,0.0
qwen,extracted_per_run,shippedrun_02,Shower,183,False,1.0,1.0,0.025833333333333337
qwen,extracted_per_run,shippedrun_03,Shower,183,False,1.0,1.0,0.025833333333333337
qwen,extracted_per_run,shippedrun_04,Shower,183,False,1.0,1.0,0.0
qwen,extracted_per_run,shippedrun_05,Shower,183,False,1.0,1.0,0.025833333333333337
qwen,order_control,control_01,Shower,183,False,1.0,1.0,0.025833333333333337
qwen,order_control,control_02,Shower,183,False,1.0,1.0,0.025833333333333337
qwen,order_control,control_03,Shower,183,False,1.0,1.0,0.0
qwen,order_reversed,reversed_01,Shower,183,False,1.0,1.0,0.025833333333333337
qwen,order_reversed,reversed_02,Shower,183,False,1.0,1.0,0.025833333333333337
qwen,order_reversed,reversed_03,Shower,183,False,1.0,1.0,0.025833333333333337
qwen,order_reversed,reversed_04,Shower,183,False,1.0,1.0,0.025833333333333337
qwen,order_reversed,reversed_05,Shower,183,False,1.0,1.0,0.025833333333333337
qwen,extracted,,Shower,184,False,1.0,1.0,0.04083333333333333
qwen,default_params,,Shower,184,False,1.0,1.0,0.09583333333333333
qwen,extracted_per_run,shippedrun_01,Shower,184,False,1.0,1.0,0.04083333333333333
qwen,extracted_per_run,shippedrun_02,Shower,184,False,1.0,1.0,0.04083333333333333
qwen,extracted_per_run,shippedrun_03,Shower,184,False,1.0,1.0,0.04083333333333333
qwen,extracted_per_run,shippedrun_04,Shower,184,False,1.0,1.0,0.04083333333333333
qwen,extracted_per_run,shippedrun_05,Shower,184,False,1.0,1.0,0.04083333333333333
qwen,order_control,control_01,Shower,184,False,1.0,1.0,0.04083333333333333
qwen,order_control,control_02,Shower,184,False,1.0,1.0,0.04083333333333333
qwen,order_control,control_03,Shower,184,False,1.0,1.0,0.04083333333333333
qwen,order_reversed,reversed_01,Shower,184,False,1.0,1.0,0.04083333333333333
qwen,order_reversed,reversed_02,Shower,184,False,1.0,1.0,0.04083333333333333
qwen,order_reversed,reversed_03,Shower,184,False,1.0,1.0,0.04083333333333333
qwen,order_reversed,reversed_04,Shower,184,False,1.0,1.0,0.04083333333333333
qwen,order_reversed,reversed_05,Shower,184,False,1.0,1.0,0.04083333333333333
qwen,extracted,,Shower,185,False,1.0,1.0,0.0
qwen,default_params,,Shower,185,False,1.0,1.0,0.0
qwen,extracted_per_run,shippedrun_01,Shower,185,False,1.0,1.0,0.0
qwen,extracted_per_run,shippedrun_02,Shower,185,False,1.0,1.0,0.0
qwen,extracted_per_run,shippedrun_03,Shower,185,False,1.0,1.0,0.0
qwen,extracted_per_run,shippedrun_04,Shower,185,False,1.0,1.0,0.0
qwen,extracted_per_run,shippedrun_05,Shower,185,False,1.0,1.0,0.0
qwen,order_control,control_01,Shower,185,False,1.0,1.0,0.0
qwen,order_control,control_02,Shower,185,False,0.33333333333333337,0.0,0.05166666666666667
qwen,order_control,control_03,Shower,185,False,1.0,1.0,0.0
qwen,order_reversed,reversed_01,Shower,185,False,0.33333333333333337,0.0,0.05166666666666667
qwen,order_reversed,reversed_02,Shower,185,False,1.0,1.0,0.0
qwen,order_reversed,reversed_03,Shower,185,False,1.0,1.0,0.0
qwen,order_reversed,reversed_04,Shower,185,False,1.0,1.0,0.0
qwen,order_reversed,reversed_05,Shower,185,False,1.0,1.0,0.0
qwen,extracted,,Shower,186,False,1.0,1.0,0.0
qwen,default_params,,Shower,186,False,1.0,1.0,0.0
qwen,extracted_per_run,shippedrun_01,Shower,186,False,1.0,1.0,0.0
qwen,extracted_per_run,shippedrun_02,Shower,186,False,1.0,1.0,0.0
qwen,extracted_per_run,shippedrun_03,Shower,186,False,1.0,1.0,0.0
qwen,extracted_per_run,shippedrun_04,Shower,186,False,1.0,1.0,0.0
qwen,extracted_per_run,shippedrun_05,Shower,186,False,1.0,1.0,0.0
qwen,order_control,control_01,Shower,186,False,1.0,1.0,0.0
qwen,order_control,control_02,Shower,186,False,1.0,1.0,0.0
qwen,order_control,control_03,Shower,186,False,1.0,1.0,0.0
qwen,order_reversed,reversed_01,Shower,186,False,1.0,1.0,0.0
qwen,order_reversed,reversed_02,Shower,186,False,1.0,1.0,0.0
qwen,order_reversed,reversed_03,Shower,186,False,1.0,1.0,0.0
qwen,order_reversed,reversed_04,Shower,186,False,1.0,1.0,0.0
qwen,order_reversed,reversed_05,Shower,186,False,1.0,1.0,0.0
qwen,extracted,,Shower,187,False,1.0,1.0,0.0
qwen,default_params,,Shower,187,False,1.0,1.0,0.0
qwen,extracted_per_run,shippedrun_01,Shower,187,False,1.0,1.0,0.0
qwen,extracted_per_run,shippedrun_02,Shower,187,False,1.0,1.0,0.0
qwen,extracted_per_run,shippedrun_03,Shower,187,False,1.0,1.0,0.0
qwen,extracted_per_run,shippedrun_04,Shower,187,False,1.0,1.0,0.0
qwen,extracted_per_run,shippedrun_05,Shower,187,False,1.0,1.0,0.0
qwen,order_control,control_01,Shower,187,False,1.0,1.0,0.0
qwen,order_control,control_02,Shower,187,False,1.0,1.0,0.0
qwen,order_control,control_03,Shower,187,False,1.0,1.0,0.0
qwen,order_reversed,reversed_01,Shower,187,False,1.0,1.0,0.0
qwen,order_reversed,reversed_02,Shower,187,False,1.0,1.0,0.0
qwen,order_reversed,reversed_03,Shower,187,False,1.0,1.0,0.0
qwen,order_reversed,reversed_04,Shower,187,False,1.0,1.0,0.0
qwen,order_reversed,reversed_05,Shower,187,False,1.0,1.0,0.0
qwen,extracted,,Shower,188,False,1.0,1.0,0.010833333333333334
qwen,default_params,,Shower,188,False,1.0,1.0,0.06
qwen,extracted_per_run,shippedrun_01,Shower,188,False,1.0,1.0,0.0
qwen,extracted_per_run,shippedrun_02,Shower,188,False,1.0,1.0,0.0
qwen,extracted_per_run,shippedrun_03,Shower,188,False,0.33333333333333337,0.0,0.08
qwen,extracted_per_run,shippedrun_04,Shower,188,False,1.0,1.0,0.0
qwen,extracted_per_run,shippedrun_05,Shower,188,False,1.0,1.0,0.0
qwen,order_control,control_01,Shower,188,False,1.0,1.0,0.0
qwen,order_control,control_02,Shower,188,False,1.0,1.0,0.0
qwen,order_control,control_03,Shower,188,False,1.0,1.0,0.0
qwen,order_reversed,reversed_01,Shower,188,False,1.0,1.0,0.0
qwen,order_reversed,reversed_02,Shower,188,False,1.0,1.0,0.0
qwen,order_reversed,reversed_03,Shower,188,False,1.0,1.0,0.0
qwen,order_reversed,reversed_04,Shower,188,False,1.0,1.0,0.0
qwen,order_reversed,reversed_05,Shower,188,False,1.0,1.0,0.0
qwen,extracted,,Shower,189,False,1.0,1.0,0.0
qwen,default_params,,Shower,189,False,-0.33333333333333337,0.0,0.03166666666666668
qwen,extracted_per_run,shippedrun_01,Shower,189,False,1.0,1.0,0.0
qwen,extracted_per_run,shippedrun_02,Shower,189,False,1.0,1.0,0.0
qwen,extracted_per_run,shippedrun_03,Shower,189,False,1.0,1.0,0.0
qwen,extracted_per_run,shippedrun_04,Shower,189,False,1.0,1.0,0.0
qwen,extracted_per_run,shippedrun_05,Shower,189,False,1.0,1.0,0.0
qwen,order_control,control_01,Shower,189,False,1.0,1.0,0.0
qwen,order_control,control_02,Shower,189,False,1.0,1.0,0.0
qwen,order_control,control_03,Shower,189,False,1.0,1.0,0.0
qwen,order_reversed,reversed_01,Shower,189,False,1.0,1.0,0.0
qwen,order_reversed,reversed_02,Shower,189,False,1.0,1.0,0.0
qwen,order_reversed,reversed_03,Shower,189,False,1.0,1.0,0.0
qwen,order_reversed,reversed_04,Shower,189,False,1.0,1.0,0.0
qwen,order_reversed,reversed_05,Shower,189,False,0.33333333333333337,1.0,0.026666666666666655
qwen,extracted,,Shower,190,False,1.0,1.0,0.005833333333333339
qwen,default_params,,Shower,190,False,1.0,1.0,0.0
qwen,extracted_per_run,shippedrun_01,Shower,190,False,0.33333333333333337,0.0,0.029166666666666664
qwen,extracted_per_run,shippedrun_02,Shower,190,False,1.0,1.0,0.0
qwen,extracted_per_run,shippedrun_03,Shower,190,False,1.0,1.0,0.0
qwen,extracted_per_run,shippedrun_04,Shower,190,False,1.0,1.0,0.0
qwen,extracted_per_run,shippedrun_05,Shower,190,False,1.0,1.0,0.0
qwen,order_control,control_01,Shower,190,False,1.0,1.0,0.0
qwen,order_control,control_02,Shower,190,False,1.0,1.0,0.0
qwen,order_control,control_03,Shower,190,False,1.0,1.0,0.0
qwen,order_reversed,reversed_01,Shower,190,False,1.0,1.0,0.0
qwen,order_reversed,reversed_02,Shower,190,False,1.0,1.0,0.0
qwen,order_reversed,reversed_03,Shower,190,False,1.0,1.0,0.0
qwen,order_reversed,reversed_04,Shower,190,False,1.0,1.0,0.0
qwen,order_reversed,reversed_05,Shower,190,False,1.0,1.0,0.0
qwen,extracted,,Shower,191,False,1.0,1.0,0.007500000000000007
qwen,default_params,,Shower,191,False,1.0,1.0,0.0
qwen,extracted_per_run,shippedrun_01,Shower,191,False,1.0,1.0,0.0
qwen,extracted_per_run,shippedrun_02,Shower,191,False,1.0,1.0,0.0
qwen,extracted_per_run,shippedrun_03,Shower,191,False,1.0,1.0,0.0
qwen,extracted_per_run,shippedrun_04,Shower,191,False,0.33333333333333337,0.0,0.03083333333333335
qwen,extracted_per_run,shippedrun_05,Shower,191,False,1.0,1.0,0.0
qwen,order_control,control_01,Shower,191,False,1.0,1.0,0.0
qwen,order_control,control_02,Shower,191,False,1.0,1.0,0.0
qwen,order_control,control_03,Shower,191,False,1.0,1.0,0.0
qwen,order_reversed,reversed_01,Shower,191,False,1.0,1.0,0.0
qwen,order_reversed,reversed_02,Shower,191,False,1.0,1.0,0.0
qwen,order_reversed,reversed_03,Shower,191,False,1.0,1.0,0.0
qwen,order_reversed,reversed_04,Shower,191,False,1.0,1.0,0.0
qwen,order_reversed,reversed_05,Shower,191,False,1.0,1.0,0.0
qwen,extracted,,Shower,192,False,0.33333333333333337,0.0,0.0050000000000000044
qwen,default_params,,Shower,192,False,0.33333333333333337,1.0,0.03333333333333335
qwen,extracted_per_run,shippedrun_01,Shower,192,False,1.0,1.0,0.0
qwen,extracted_per_run,shippedrun_02,Shower,192,False,1.0,1.0,0.0
qwen,extracted_per_run,shippedrun_03,Shower,192,False,-0.33333333333333337,0.0,0.027499999999999986
qwen,extracted_per_run,shippedrun_04,Shower,192,False,1.0,1.0,0.0
qwen,extracted_per_run,shippedrun_05,Shower,192,False,1.0,1.0,0.0
qwen,order_control,control_01,Shower,192,False,1.0,1.0,0.0
qwen,order_control,control_02,Shower,192,False,1.0,1.0,0.0
qwen,order_control,control_03,Shower,192,False,1.0,1.0,0.0
qwen,order_reversed,reversed_01,Shower,192,False,1.0,1.0,0.0
qwen,order_reversed,reversed_02,Shower,192,False,1.0,1.0,0.0
qwen,order_reversed,reversed_03,Shower,192,False,1.0,1.0,0.0
qwen,order_reversed,reversed_04,Shower,192,False,-0.33333333333333337,0.0,0.027499999999999986
qwen,order_reversed,reversed_05,Shower,192,False,1.0,1.0,0.0
qwen,extracted,,Shower,193,False,-1.0,0.0,0.08833333333333332
qwen,default_params,,Shower,193,False,-1.0,0.0,0.13499999999999998
qwen,extracted_per_run,shippedrun_01,Shower,193,False,-1.0,0.0,0.08833333333333332
qwen,extracted_per_run,shippedrun_02,Shower,193,False,-1.0,0.0,0.08833333333333332
qwen,extracted_per_run,shippedrun_03,Shower,193,False,-1.0,0.0,0.08833333333333332
qwen,extracted_per_run,shippedrun_04,Shower,193,False,-1.0,0.0,0.08833333333333332
qwen,extracted_per_run,shippedrun_05,Shower,193,False,-1.0,0.0,0.08833333333333332
qwen,order_control,control_01,Shower,193,False,0.33333333333333337,0.0,0.04333333333333333
qwen,order_control,control_02,Shower,193,False,-1.0,0.0,0.08833333333333332
qwen,order_control,control_03,Shower,193,False,-1.0,0.0,0.08833333333333332
qwen,order_reversed,reversed_01,Shower,193,False,-1.0,0.0,0.08833333333333332
qwen,order_reversed,reversed_02,Shower,193,False,-1.0,0.0,0.08833333333333332
qwen,order_reversed,reversed_03,Shower,193,False,-1.0,0.0,0.08833333333333332
qwen,order_reversed,reversed_04,Shower,193,False,-1.0,0.0,0.08833333333333332
qwen,order_reversed,reversed_05,Shower,193,False,-1.0,0.0,0.08833333333333332
qwen,extracted,,Shower,194,False,1.0,1.0,0.0525
qwen,default_params,,Shower,194,False,1.0,1.0,0.08833333333333333
qwen,extracted_per_run,shippedrun_01,Shower,194,False,1.0,1.0,0.04416666666666667
qwen,extracted_per_run,shippedrun_02,Shower,194,False,1.0,1.0,0.04416666666666667
qwen,extracted_per_run,shippedrun_03,Shower,194,False,-0.33333333333333337,0.0,0.08833333333333333
qwen,extracted_per_run,shippedrun_04,Shower,194,False,1.0,1.0,0.04416666666666667
qwen,extracted_per_run,shippedrun_05,Shower,194,False,1.0,1.0,0.04416666666666667
qwen,order_control,control_01,Shower,194,False,1.0,1.0,0.04416666666666667
qwen,order_control,control_02,Shower,194,False,1.0,1.0,0.04416666666666667
qwen,order_control,control_03,Shower,194,False,1.0,1.0,0.04416666666666667
qwen,order_reversed,reversed_01,Shower,194,False,1.0,1.0,0.04416666666666667
qwen,order_reversed,reversed_02,Shower,194,False,1.0,1.0,0.04416666666666667
qwen,order_reversed,reversed_03,Shower,194,False,1.0,1.0,0.04416666666666667
qwen,order_reversed,reversed_04,Shower,194,False,1.0,1.0,0.04416666666666667
qwen,order_reversed,reversed_05,Shower,194,False,1.0,1.0,0.04416666666666667
qwen,extracted,,Shower,195,False,0.33333333333333337,1.0,0.006666666666666672
qwen,default_params,,Shower,195,False,1.0,1.0,0.03583333333333333
qwen,extracted_per_run,shippedrun_01,Shower,195,False,1.0,1.0,0.0
qwen,extracted_per_run,shippedrun_02,Shower,195,False,1.0,1.0,0.0
qwen,extracted_per_run,shippedrun_03,Shower,195,False,-1.0,0.0,0.03250000000000001
qwen,extracted_per_run,shippedrun_04,Shower,195,False,1.0,1.0,0.0
qwen,extracted_per_run,shippedrun_05,Shower,195,False,1.0,1.0,0.0
qwen,order_control,control_01,Shower,195,False,1.0,1.0,0.0
qwen,order_control,control_02,Shower,195,False,1.0,1.0,0.0
qwen,order_control,control_03,Shower,195,False,1.0,1.0,0.0
qwen,order_reversed,reversed_01,Shower,195,False,1.0,1.0,0.0
qwen,order_reversed,reversed_02,Shower,195,False,1.0,1.0,0.0
qwen,order_reversed,reversed_03,Shower,195,False,1.0,1.0,0.0
qwen,order_reversed,reversed_04,Shower,195,False,1.0,1.0,0.0
qwen,order_reversed,reversed_05,Shower,195,False,1.0,1.0,0.0
