baseline,scenario_id,decision_type,failed,kendall_tau,top1,mae
FD,1,HVAC,False,1.0,1.0,0.019166666666666648
FD,2,HVAC,False,1.0,1.0,0.04249999999999998
FD,3,HVAC,False,1.0,1.0,0.05083333333333334
FD,4,HVAC,False,1.0,1.0,0.03500000000000001
FD,5,HVAC,False,0.33333333333333337,1.0,0.02583333333333333
FD,6,HVAC,False,1.0,1.0,0.085
FD,7,HVAC,False,1.0,1.0,0.12583333333333332
FD,8,HVAC,False,1.0,1.0,0.017499999999999977
FD,9,HVAC,False,1.0,1.0,0.05166666666666667
FD,10,HVAC,False,1.0,1.0,0.02250000000000002
FD,11,HVAC,False,1.0,1.0,0.06749999999999999
FD,12,HVAC,False,0.33333333333333337,1.0,0.0583333333333333
FD,13,HVAC,False,1.0,1.0,0.10000000000000002
FD,14,HVAC,False,1.0,1.0,0.06916666666666664
FD,15,HVAC,False,1.0,1.0,0.06250000000000001
FD,16,HVAC,False,1.0,1.0,0.04583333333333331
FD,17,HVAC,False,1.0,1.0,0.07250000000000001
FD,18,HVAC,False,1.0,1.0,0.04833333333333336
FD,19,HVAC,False,1.0,1.0,0.065
FD,20,HVAC,False,1.0,1.0,0.04583333333333334
FD,21,HVAC,False,1.0,1.0,0.07416666666666667
FD,22,HVAC,False,1.0,1.0,0.024166666666666666
FD,23,HVAC,False,1.0,1.0,0.04583333333333334
FD,24,HVAC,False,1.0,1.0,0.039166666666666676
FD,25,HVAC,False,1.0,1.0,0.030000000000000002
FD,26,HVAC,False,1.0,1.0,0.12000000000000001
FD,27,HVAC,False,1.0,1.0,0.061666666666666654
FD,28,HVAC,False,1.0,1.0,0.17833333333333332
FD,29,HVAC,False,1.0,1.0,0.15
FD,30,HVAC,False,1.0,1.0,0.03166666666666665
FD,31,HVAC,False,1.0,1.0,0.09749999999999999
FD,32,HVAC,False,1.0,1.0,0.15333333333333335
FD,33,HVAC,False,1.0,1.0,0.045833333333333316
FD,34,HVAC,False,1.0,1.0,0.04416666666666664
FD,35,HVAC,False,1.0,1.0,0.14583333333333334
FD,36,HVAC,False,1.0,1.0,0.010000000000000009
FD,37,HVAC,False,1.0,1.0,0.041666666666666685
FD,38,HVAC,False,0.33333333333333337,1.0,0.01416666666666668
FD,39,HVAC,False,1.0,1.0,0.025833333333333337
FD,40,HVAC,False,1.0,1.0,0.010000000000000009
FD,41,HVAC,False,1.0,1.0,0.0050000000000000044
FD,42,HVAC,False,1.0,1.0,0.16666666666666666
FD,43,HVAC,False,1.0,1.0,0.03833333333333332
FD,44,HVAC,False,0.33333333333333337,0.0,0.054166666666666675
FD,45,HVAC,False,1.0,1.0,0.17583333333333337
FD,46,HVAC,False,0.33333333333333337,1.0,0.15416666666666665
FD,47,HVAC,False,1.0,1.0,0.07666666666666666
FD,48,HVAC,False,1.0,1.0,0.1975
FD,49,HVAC,False,1.0,1.0,0.15416666666666667
FD,50,HVAC,False,1.0,1.0,0.04666666666666664
FD,51,HVAC,False,0.33333333333333337,0.0,0.17666666666666667
FD,52,HVAC,False,1.0,1.0,0.010000000000000009
FD,53,HVAC,False,1.0,1.0,0.03333333333333332
FD,54,HVAC,False,1.0,1.0,0.00416666666666667
FD,55,HVAC,False,1.0,1.0,0.04416666666666667
FD,56,HVAC,False,0.33333333333333337,0.0,0.02833333333333336
FD,57,HVAC,False,1.0,1.0,0.1125
FD,58,HVAC,False,1.0,1.0,0.085
FD,59,HVAC,False,1.0,1.0,0.012500000000000002
FD,60,HVAC,False,1.0,1.0,0.012499999999999983
FD,61,HVAC,False,1.0,1.0,0.06166666666666667
FD,62,HVAC,False,1.0,1.0,0.025000000000000005
FD,63,HVAC,False,1.0,1.0,0.0575
FD,64,HVAC,False,1.0,1.0,0.011666666666666659
FD,65,HVAC,False,1.0,1.0,0.1608333333333333
FD,66,HVAC,False,1.0,1.0,0.2725
FD,67,HVAC,False,1.0,1.0,0.00833333333333334
FD,68,HVAC,False,1.0,1.0,0.20916666666666664
FD,69,HVAC,False,1.0,1.0,0.032499999999999994
FD,70,HVAC,False,1.0,1.0,0.06833333333333334
FD,71,Appliance,False,0.33333333333333337,0.0,0.13583333333333333
FD,72,Appliance,False,1.0,1.0,0.1416666666666667
FD,73,Appliance,False,0.33333333333333337,1.0,0.17000000000000004
FD,74,Appliance,False,-1.0,0.0,0.21083333333333334
FD,75,Appliance,False,1.0,1.0,0.23083333333333333
FD,76,Appliance,False,-1.0,0.0,0.17416666666666666
FD,77,Appliance,False,-1.0,0.0,0.21999999999999995
FD,78,Appliance,False,-1.0,0.0,0.18166666666666664
FD,79,Appliance,False,0.33333333333333337,1.0,0.2508333333333333
FD,80,Appliance,False,1.0,1.0,0.005833333333333339
FD,81,Appliance,False,1.0,1.0,0.036666666666666674
FD,82,Appliance,False,0.33333333333333337,0.0,0.1708333333333333
FD,83,Appliance,False,0.33333333333333337,0.0,0.285
FD,84,Appliance,False,-0.33333333333333337,0.0,0.22999999999999998
FD,85,Appliance,False,-0.33333333333333337,0.0,0.07
FD,86,Appliance,False,-0.33333333333333337,0.0,0.1775
FD,87,Appliance,False,-0.33333333333333337,0.0,0.08499999999999998
FD,88,Appliance,False,0.33333333333333337,0.0,0.26166666666666666
FD,89,Appliance,False,-0.33333333333333337,0.0,0.12333333333333334
FD,90,Appliance,False,0.33333333333333337,0.0,0.06166666666666667
FD,91,Appliance,False,1.0,1.0,0.022499999999999992
FD,92,Appliance,False,0.33333333333333337,0.0,0.2433333333333333
FD,93,Appliance,False,-0.33333333333333337,0.0,0.22583333333333333
FD,94,Appliance,False,0.33333333333333337,0.0,0.14333333333333337
FD,95,Appliance,False,-0.33333333333333337,0.0,0.285
FD,96,Appliance,False,1.0,1.0,0.04916666666666663
FD,97,Appliance,False,0.33333333333333337,0.0,0.2875
FD,98,Appliance,False,-0.33333333333333337,0.0,0.3491666666666667
FD,99,Appliance,False,0.33333333333333337,0.0,0.10333333333333333
FD,100,Appliance,False,1.0,1.0,0.08249999999999998
FD,101,Appliance,False,-0.33333333333333337,0.0,0.27499999999999997
FD,102,Appliance,False,0.33333333333333337,0.0,0.17333333333333334
FD,103,Appliance,False,1.0,1.0,0.01833333333333335
FD,104,Appliance,False,1.0,1.0,0.035833333333333335
FD,105,Appliance,False,-1.0,0.0,0.22833333333333336
FD,106,Appliance,False,-1.0,0.0,0.1775
FD,107,Appliance,False,0.33333333333333337,0.0,0.1441666666666667
FD,108,Appliance,False,-1.0,0.0,0.18500000000000003
FD,109,Appliance,False,-1.0,0.0,0.21583333333333332
FD,110,Appliance,False,-0.33333333333333337,0.0,0.28500000000000003
FD,111,Appliance,False,0.33333333333333337,0.0,0.18833333333333335
FD,112,Appliance,False,-0.33333333333333337,0.0,0.25666666666666665
FD,113,Appliance,False,-0.33333333333333337,0.0,0.16499999999999995
FD,114,Appliance,False,0.33333333333333337,0.0,0.1483333333333333
FD,115,Appliance,False,1.0,1.0,0.005833333333333339
FD,116,Appliance,False,0.33333333333333337,1.0,0.1558333333333333
FD,117,Appliance,False,0.33333333333333337,0.0,0.22249999999999995
FD,118,Appliance,False,-0.33333333333333337,0.0,0.11916666666666666
FD,119,Appliance,False,-1.0,0.0,0.12166666666666665
FD,120,Appliance,False,-0.33333333333333337,0.0,0.22750000000000004
FD,121,Appliance,False,-1.0,0.0,0.2633333333333334
FD,122,Appliance,False,0.33333333333333337,0.0,0.26500000000000007
FD,123,Appliance,False,1.0,1.0,0.04666666666666668
FD,124,Appliance,False,0.33333333333333337,1.0,0.15999999999999998
FD,125,Appliance,False,1.0,1.0,0.07083333333333336
FD,126,Appliance,False,0.33333333333333337,0.0,0.1475
FD,127,Appliance,False,1.0,1.0,0.04416666666666665
FD,128,Appliance,False,0.33333333333333337,0.0,0.2191666666666667
FD,129,Appliance,False,-1.0,0.0,0.2025
FD,130,Appliance,False,0.33333333333333337,0.0,0.11666666666666664
FD,131,Appliance,False,1.0,1.0,0.10083333333333333
FD,132,Appliance,False,0.33333333333333337,0.0,0.15166666666666664
FD,133,Appliance,False,0.33333333333333337,0.0,0.11749999999999998
FD,134,Appliance,False,1.0,1.0,0.06916666666666667
FD,135,Appliance,False,-1.0,0.0,0.14166666666666666
FD,136,Shower,False,-1.0,0.0,0.12
FD,137,Shower,False,0.33333333333333337,1.0,0.1425
FD,138,Shower,False,0.33333333333333337,0.0,0.11833333333333333
FD,139,Shower,False,1.0,1.0,0.023333333333333334
FD,140,Shower,False,0.33333333333333337,0.0,0.13416666666666668
FD,141,Shower,False,1.0,1.0,0.029166666666666664
FD,142,Shower,False,-0.33333333333333337,0.0,0.1025
FD,143,Shower,False,0.33333333333333337,0.0,0.10916666666666668
FD,144,Shower,False,1.0,1.0,0.016666666666666666
FD,145,Shower,False,1.0,1.0,0.09166666666666667
FD,146,Shower,False,1.0,1.0,0.09833333333333333
FD,147,Shower,False,1.0,1.0,0.029166666666666664
FD,148,Shower,False,1.0,1.0,0.0
FD,149,Shower,False,1.0,1.0,0.09083333333333334
FD,150,Shower,False,1.0,1.0,0.1366666666666667
FD,151,Shower,False,1.0,1.0,0.0675
FD,152,Shower,False,1.0,1.0,0.049166666666666664
FD,153,Shower,False,1.0,1.0,0.13333333333333333
FD,154,Shower,False,0.33333333333333337,1.0,0.08666666666666667
FD,155,Shower,False,1.0,1.0,0.050833333333333335
FD,156,Shower,False,1.0,1.0,0.0625
FD,157,Shower,False,1.0,1.0,0.07083333333333333
FD,158,Shower,False,1.0,1.0,0.12000000000000001
FD,159,Shower,False,1.0,1.0,0.13416666666666668
FD,160,Shower,False,1.0,1.0,0.13249999999999998
FD,161,Shower,False,1.0,1.0,0.05416666666666666
FD,162,Shower,False,1.0,1.0,0.023333333333333334
FD,163,Shower,False,1.0,1.0,0.0575
FD,164,Shower,False,1.0,1.0,0.0
FD,165,Shower,False,1.0,1.0,0.06083333333333333
FD,166,Shower,False,0.33333333333333337,0.0,0.09500000000000001
FD,167,Shower,False,1.0,1.0,0.041666666666666664
FD,168,Shower,False,0.33333333333333337,0.0,0.09250000000000001
FD,169,Shower,False,1.0,1.0,0.024999999999999998
FD,170,Shower,False,1.0,1.0,0.0
FD,171,Shower,False,1.0,1.0,0.0
FD,172,Shower,False,1.0,1.0,0.06416666666666666
FD,173,Shower,False,1.0,1.0,0.0
FD,174,Shower,False,1.0,1.0,0.06333333333333334
FD,175,Shower,False,1.0,1.0,0.0
FD,176,Shower,False,1.0,1.0,0.0
FD,177,Shower,False,1.0,1.0,0.06
FD,178,Shower,False,1.0,1.0,0.0
FD,179,Shower,False,1.0,1.0,0.0
FD,180,Shower,False,1.0,1.0,0.09749999999999999
FD,181,Shower,False,1.0,1.0,0.15416666666666665
FD,182,Shower,False,1.0,1.0,0.03833333333333333
FD,183,Shower,False,1.0,1.0,0.0
FD,184,Shower,False,1.0,1.0,0.09583333333333333
FD,185,Shower,False,1.0,1.0,0.0
FD,186,Shower,False,1.0,1.0,0.0
FD,187,Shower,False,1.0,1.0,0.0
FD,188,Shower,False,1.0,1.0,0.06
FD,189,Shower,False,-0.33333333333333337,0.0,0.03166666666666668
FD,190,Shower,False,1.0,1.0,0.0
FD,191,Shower,False,1.0,1.0,0.0
FD,192,Shower,False,0.33333333333333337,1.0,0.03333333333333335
FD,193,Shower,False,-1.0,0.0,0.13499999999999998
FD,194,Shower,False,1.0,1.0,0.08833333333333333
FD,195,Shower,False,1.0,1.0,0.03583333333333333
DM,1,HVAC,False,1.0,1.0,0.01166666666666664
DM,2,HVAC,False,1.0,1.0,0.03249999999999998
DM,3,HVAC,False,1.0,1.0,0.04833333333333333
DM,4,HVAC,False,1.0,1.0,0.043333333333333335
DM,5,HVAC,False,0.33333333333333337,1.0,0.020833333333333325
DM,6,HVAC,False,1.0,1.0,0.08249999999999999
DM,7,HVAC,False,1.0,1.0,0.12666666666666668
DM,8,HVAC,False,1.0,1.0,0.01166666666666664
DM,9,HVAC,False,1.0,1.0,0.04083333333333335
DM,10,HVAC,False,1.0,1.0,0.020000000000000018
DM,11,HVAC,False,1.0,1.0,0.07166666666666667
DM,12,HVAC,False,1.0,1.0,0.053333333333333295
DM,13,HVAC,False,1.0,1.0,0.10416666666666667
DM,14,HVAC,False,1.0,1.0,0.07166666666666664
DM,15,HVAC,False,1.0,1.0,0.06500000000000002
DM,16,HVAC,False,1.0,1.0,0.05916666666666665
DM,17,HVAC,False,1.0,1.0,0.07583333333333335
DM,18,HVAC,False,1.0,1.0,0.05000000000000004
DM,19,HVAC,False,1.0,1.0,0.065
DM,20,HVAC,False,1.0,1.0,0.0325
DM,21,HVAC,False,1.0,1.0,0.0825
DM,22,HVAC,False,1.0,1.0,0.01666666666666666
DM,23,HVAC,False,1.0,1.0,0.02833333333333334
DM,24,HVAC,False,1.0,1.0,0.0375
DM,25,HVAC,False,1.0,1.0,0.027499999999999997
DM,26,HVAC,False,1.0,1.0,0.12583333333333335
DM,27,HVAC,False,1.0,1.0,0.075
DM,28,HVAC,False,1.0,1.0,0.17999999999999997
DM,29,HVAC,False,1.0,1.0,0.1525
DM,30,HVAC,False,1.0,1.0,0.023333333333333317
DM,31,HVAC,False,1.0,1.0,0.09750000000000002
DM,32,HVAC,False,1.0,1.0,0.15500000000000003
DM,33,HVAC,False,1.0,1.0,0.035833333333333314
DM,34,HVAC,False,1.0,1.0,0.04166666666666664
DM,35,HVAC,False,1.0,1.0,0.16666666666666666
DM,36,HVAC,False,1.0,1.0,0.015000000000000005
DM,37,HVAC,False,1.0,1.0,0.043333333333333356
DM,38,HVAC,False,0.33333333333333337,1.0,0.009166666666666675
DM,39,HVAC,False,0.33333333333333337,1.0,0.025833333333333337
DM,40,HVAC,False,1.0,1.0,0.0
DM,41,HVAC,False,1.0,1.0,0.005833333333333334
DM,42,HVAC,False,1.0,1.0,0.17416666666666666
DM,43,HVAC,False,1.0,1.0,0.032499999999999994
DM,44,HVAC,False,0.33333333333333337,0.0,0.055000000000000014
DM,45,HVAC,False,1.0,1.0,0.17750000000000002
DM,46,HVAC,False,0.33333333333333337,1.0,0.13499999999999998
DM,47,HVAC,False,1.0,1.0,0.059166666666666666
DM,48,HVAC,False,1.0,1.0,0.18083333333333332
DM,49,HVAC,False,1.0,1.0,0.1433333333333333
DM,50,HVAC,False,1.0,1.0,0.047499999999999966
DM,51,HVAC,False,0.33333333333333337,0.0,0.17666666666666664
DM,52,HVAC,False,1.0,1.0,0.015000000000000013
DM,53,HVAC,False,1.0,1.0,0.029166666666666646
DM,54,HVAC,False,1.0,1.0,0.007500000000000007
DM,55,HVAC,False,1.0,1.0,0.04833333333333334
DM,56,HVAC,False,0.33333333333333337,0.0,0.03250000000000002
DM,57,HVAC,False,1.0,1.0,0.11083333333333334
DM,58,HVAC,False,1.0,1.0,0.08249999999999998
DM,59,HVAC,False,1.0,1.0,0.026666666666666682
DM,60,HVAC,False,1.0,1.0,0.014999999999999986
DM,61,HVAC,False,1.0,1.0,0.04666666666666667
DM,62,HVAC,False,1.0,1.0,0.03666666666666666
DM,63,HVAC,False,1.0,1.0,0.061666666666666675
DM,64,HVAC,False,1.0,1.0,0.01833333333333333
DM,65,HVAC,False,1.0,1.0,0.14583333333333331
DM,66,HVAC,False,1.0,1.0,0.2866666666666666
DM,67,HVAC,False,1.0,1.0,0.012500000000000011
DM,68,HVAC,False,1.0,1.0,0.22583333333333333
DM,69,HVAC,False,1.0,1.0,0.033333333333333326
DM,70,HVAC,False,1.0,1.0,0.0625
DM,71,Appliance,False,1.0,1.0,0.08416666666666665
DM,72,Appliance,False,-0.33333333333333337,0.0,0.42750000000000005
DM,73,Appliance,False,-1.0,0.0,0.2283333333333333
DM,74,Appliance,False,0.33333333333333337,0.0,0.2241666666666667
DM,75,Appliance,False,-0.33333333333333337,0.0,0.38666666666666655
DM,76,Appliance,False,-1.0,0.0,0.3283333333333333
DM,77,Appliance,False,0.33333333333333337,1.0,0.24249999999999994
DM,78,Appliance,False,1.0,1.0,0.06249999999999998
DM,79,Appliance,False,1.0,1.0,0.21833333333333335
DM,80,Appliance,False,0.33333333333333337,1.0,0.10833333333333335
DM,81,Appliance,False,0.33333333333333337,0.0,0.15583333333333335
DM,82,Appliance,False,1.0,1.0,0.1025
DM,83,Appliance,False,-1.0,0.0,0.5299999999999999
DM,84,Appliance,False,1.0,1.0,0.26833333333333337
DM,85,Appliance,False,0.33333333333333337,0.0,0.165
DM,86,Appliance,False,-1.0,0.0,0.33499999999999996
DM,87,Appliance,False,0.33333333333333337,0.0,0.1991666666666667
DM,88,Appliance,False,1.0,1.0,0.33416666666666667
DM,89,Appliance,False,0.33333333333333337,0.0,0.1708333333333333
DM,90,Appliance,False,1.0,1.0,0.12500000000000003
DM,91,Appliance,False,0.33333333333333337,0.0,0.25083333333333335
DM,92,Appliance,False,1.0,1.0,0.3816666666666666
DM,93,Appliance,False,1.0,1.0,0.32249999999999995
DM,94,Appliance,False,1.0,1.0,0.08916666666666667
DM,95,Appliance,False,-1.0,0.0,0.23166666666666666
DM,96,Appliance,False,-0.33333333333333337,0.0,0.2333333333333333
DM,97,Appliance,False,-0.33333333333333337,0.0,0.46749999999999997
DM,98,Appliance,False,-1.0,0.0,0.4991666666666667
DM,99,Appliance,False,-1.0,0.0,0.2525
DM,100,Appliance,False,0.33333333333333337,1.0,0.14250000000000004
DM,101,Appliance,False,1.0,1.0,0.31416666666666665
DM,102,Appliance,False,1.0,1.0,0.16916666666666666
DM,103,Appliance,False,1.0,1.0,0.19000000000000003
DM,104,Appliance,False,1.0,1.0,0.21666666666666667
DM,105,Appliance,False,-1.0,0.0,0.17750000000000002
DM,106,Appliance,False,-1.0,0.0,0.2041666666666667
DM,107,Appliance,False,-0.33333333333333337,0.0,0.3233333333333333
DM,108,Appliance,False,-1.0,0.0,0.23583333333333334
DM,109,Appliance,False,0.33333333333333337,0.0,0.2333333333333333
DM,110,Appliance,False,-0.33333333333333337,0.0,0.36833333333333335
DM,111,Appliance,False,0.33333333333333337,1.0,0.12083333333333333
DM,112,Appliance,False,0.33333333333333337,0.0,0.26333333333333336
DM,113,Appliance,False,0.33333333333333337,0.0,0.11499999999999999
DM,114,Appliance,False,1.0,1.0,0.12333333333333334
DM,115,Appliance,False,1.0,1.0,0.23416666666666663
DM,116,Appliance,False,1.0,1.0,0.10999999999999999
DM,117,Appliance,False,0.33333333333333337,1.0,0.26416666666666666
DM,118,Appliance,False,-1.0,0.0,0.3016666666666667
DM,119,Appliance,False,-1.0,0.0,0.30583333333333335
DM,120,Appliance,False,-1.0,0.0,0.44083333333333335
DM,121,Appliance,False,-0.33333333333333337,0.0,0.15583333333333335
DM,122,Appliance,False,-0.33333333333333337,0.0,0.465
DM,123,Appliance,False,-0.33333333333333337,0.0,0.21833333333333335
DM,124,Appliance,False,1.0,1.0,0.2525
DM,125,Appliance,False,0.33333333333333337,1.0,0.11249999999999998
DM,126,Appliance,False,0.33333333333333337,1.0,0.13000000000000003
DM,127,Appliance,False,0.33333333333333337,1.0,0.18333333333333335
DM,128,Appliance,False,0.33333333333333337,1.0,0.2983333333333334
DM,129,Appliance,False,0.33333333333333337,0.0,0.15916666666666668
DM,130,Appliance,False,1.0,1.0,0.10333333333333332
DM,131,Appliance,False,0.33333333333333337,1.0,0.3408333333333333
DM,132,Appliance,False,0.33333333333333337,1.0,0.17249999999999996
DM,133,Appliance,False,0.33333333333333337,0.0,0.13583333333333333
DM,134,Appliance,False,0.33333333333333337,1.0,0.29250000000000004
DM,135,Appliance,False,1.0,1.0,0.09000000000000001
DM,136,Shower,False,-1.0,0.0,0.12
DM,137,Shower,False,0.33333333333333337,1.0,0.1425
DM,138,Shower,False,0.33333333333333337,0.0,0.11833333333333333
DM,139,Shower,False,1.0,1.0,0.023333333333333334
DM,140,Shower,False,0.33333333333333337,0.0,0.13416666666666668
DM,141,Shower,False,1.0,1.0,0.029166666666666664
DM,142,Shower,False,-0.33333333333333337,0.0,0.1025
DM,143,Shower,False,0.33333333333333337,0.0,0.10916666666666668
DM,144,Shower,False,1.0,1.0,0.016666666666666666
DM,145,Shower,False,1.0,1.0,0.09166666666666667
DM,146,Shower,False,1.0,1.0,0.09833333333333333
DM,147,Shower,False,1.0,1.0,0.029166666666666664
DM,148,Shower,False,1.0,1.0,0.0
DM,149,Shower,False,1.0,1.0,0.09083333333333334
DM,150,Shower,False,1.0,1.0,0.1366666666666667
DM,151,Shower,False,1.0,1.0,0.0675
DM,152,Shower,False,1.0,1.0,0.049166666666666664
DM,153,Shower,False,1.0,1.0,0.13333333333333333
DM,154,Shower,False,0.33333333333333337,1.0,0.08666666666666667
DM,155,Shower,False,1.0,1.0,0.050833333333333335
DM,156,Shower,False,1.0,1.0,0.0625
DM,157,Shower,False,1.0,1.0,0.07083333333333333
DM,158,Shower,False,1.0,1.0,0.12000000000000001
DM,159,Shower,False,1.0,1.0,0.13416666666666668
DM,160,Shower,False,1.0,1.0,0.13249999999999998
DM,161,Shower,False,1.0,1.0,0.05416666666666666
DM,162,Shower,False,1.0,1.0,0.023333333333333334
DM,163,Shower,False,1.0,1.0,0.0575
DM,164,Shower,False,1.0,1.0,0.0
DM,165,Shower,False,1.0,1.0,0.06083333333333333
DM,166,Shower,False,0.33333333333333337,0.0,0.09500000000000001
DM,167,Shower,False,1.0,1.0,0.041666666666666664
DM,168,Shower,False,0.33333333333333337,0.0,0.09250000000000001
DM,169,Shower,False,1.0,1.0,0.024999999999999998
DM,170,Shower,False,1.0,1.0,0.0
DM,171,Shower,False,1.0,1.0,0.0
DM,172,Shower,False,1.0,1.0,0.06416666666666666
DM,173,Shower,False,1.0,1.0,0.0
DM,174,Shower,False,1.0,1.0,0.06333333333333334
DM,175,Shower,False,1.0,1.0,0.0
DM,176,Shower,False,1.0,1.0,0.0
DM,177,Shower,False,1.0,1.0,0.06
DM,178,Shower,False,1.0,1.0,0.0
DM,179,Shower,False,1.0,1.0,0.0
DM,180,Shower,False,1.0,1.0,0.09749999999999999
DM,181,Shower,False,1.0,1.0,0.15416666666666665
DM,182,Shower,False,1.0,1.0,0.03833333333333333
DM,183,Shower,False,1.0,1.0,0.0
DM,184,Shower,False,1.0,1.0,0.09583333333333333
DM,185,Shower,False,1.0,1.0,0.0
DM,186,Shower,False,1.0,1.0,0.0
DM,187,Shower,False,1.0,1.0,0.0
DM,188,Shower,False,1.0,1.0,0.06
DM,189,Shower,False,-0.33333333333333337,0.0,0.03166666666666668
DM,190,Shower,False,1.0,1.0,0.0
DM,191,Shower,False,1.0,1.0,0.0
DM,192,Shower,False,0.33333333333333337,1.0,0.03333333333333335
DM,193,Shower,False,-1.0,0.0,0.13499999999999998
DM,194,Shower,False,1.0,1.0,0.08833333333333333
DM,195,Shower,False,1.0,1.0,0.03583333333333333
FD+time,1,HVAC,False,1.0,1.0,0.019166666666666648
FD+time,2,HVAC,False,1.0,1.0,0.04249999999999998
FD+time,3,HVAC,False,1.0,1.0,0.05083333333333334
FD+time,4,HVAC,False,1.0,1.0,0.03500000000000001
FD+time,5,HVAC,False,0.33333333333333337,1.0,0.02583333333333333
FD+time,6,HVAC,False,1.0,1.0,0.085
FD+time,7,HVAC,False,1.0,1.0,0.12583333333333332
FD+time,8,HVAC,False,1.0,1.0,0.017499999999999977
FD+time,9,HVAC,False,1.0,1.0,0.05166666666666667
FD+time,10,HVAC,False,1.0,1.0,0.02250000000000002
FD+time,11,HVAC,False,1.0,1.0,0.06749999999999999
FD+time,12,HVAC,False,0.33333333333333337,1.0,0.0583333333333333
FD+time,13,HVAC,False,1.0,1.0,0.10000000000000002
FD+time,14,HVAC,False,1.0,1.0,0.06916666666666664
FD+time,15,HVAC,False,1.0,1.0,0.06250000000000001
FD+time,16,HVAC,False,1.0,1.0,0.04583333333333331
FD+time,17,HVAC,False,1.0,1.0,0.07250000000000001
FD+time,18,HVAC,False,1.0,1.0,0.04833333333333336
FD+time,19,HVAC,False,1.0,1.0,0.065
FD+time,20,HVAC,False,1.0,1.0,0.04583333333333334
FD+time,21,HVAC,False,1.0,1.0,0.07416666666666667
FD+time,22,HVAC,False,1.0,1.0,0.024166666666666666
FD+time,23,HVAC,False,1.0,1.0,0.04583333333333334
FD+time,24,HVAC,False,1.0,1.0,0.039166666666666676
FD+time,25,HVAC,False,1.0,1.0,0.030000000000000002
FD+time,26,HVAC,False,1.0,1.0,0.12000000000000001
FD+time,27,HVAC,False,1.0,1.0,0.061666666666666654
FD+time,28,HVAC,False,1.0,1.0,0.17833333333333332
FD+time,29,HVAC,False,1.0,1.0,0.15
FD+time,30,HVAC,False,1.0,1.0,0.03166666666666665
FD+time,31,HVAC,False,1.0,1.0,0.09749999999999999
FD+time,32,HVAC,False,1.0,1.0,0.15333333333333335
FD+time,33,HVAC,False,1.0,1.0,0.045833333333333316
FD+time,34,HVAC,False,1.0,1.0,0.04416666666666664
FD+time,35,HVAC,False,1.0,1.0,0.14583333333333334
FD+time,36,HVAC,False,1.0,1.0,0.010000000000000009
FD+time,37,HVAC,False,1.0,1.0,0.041666666666666685
FD+time,38,HVAC,False,0.33333333333333337,1.0,0.01416666666666668
FD+time,39,HVAC,False,1.0,1.0,0.025833333333333337
FD+time,40,HVAC,False,1.0,1.0,0.010000000000000009
FD+time,41,HVAC,False,1.0,1.0,0.0050000000000000044
FD+time,42,HVAC,False,1.0,1.0,0.16666666666666666
FD+time,43,HVAC,False,1.0,1.0,0.03833333333333332
FD+time,44,HVAC,False,0.33333333333333337,0.0,0.054166666666666675
FD+time,45,HVAC,False,1.0,1.0,0.17583333333333337
FD+time,46,HVAC,False,0.33333333333333337,1.0,0.15416666666666665
FD+time,47,HVAC,False,1.0,1.0,0.07666666666666666
FD+time,48,HVAC,False,1.0,1.0,0.1975
FD+time,49,HVAC,False,1.0,1.0,0.15416666666666667
FD+time,50,HVAC,False,1.0,1.0,0.04666666666666664
FD+time,51,HVAC,False,0.33333333333333337,0.0,0.17666666666666667
FD+time,52,HVAC,False,1.0,1.0,0.010000000000000009
FD+time,53,HVAC,False,1.0,1.0,0.03333333333333332
FD+time,54,HVAC,False,1.0,1.0,0.00416666666666667
FD+time,55,HVAC,False,1.0,1.0,0.04416666666666667
FD+time,56,HVAC,False,0.33333333333333337,0.0,0.02833333333333336
FD+time,57,HVAC,False,1.0,1.0,0.1125
FD+time,58,HVAC,False,1.0,1.0,0.085
FD+time,59,HVAC,False,1.0,1.0,0.012500000000000002
FD+time,60,HVAC,False,1.0,1.0,0.012499999999999983
FD+time,61,HVAC,False,1.0,1.0,0.06166666666666667
FD+time,62,HVAC,False,1.0,1.0,0.025000000000000005
FD+time,63,HVAC,False,1.0,1.0,0.0575
FD+time,64,HVAC,False,1.0,1.0,0.011666666666666659
FD+time,65,HVAC,False,1.0,1.0,0.1608333333333333
FD+time,66,HVAC,False,1.0,1.0,0.2725
FD+time,67,HVAC,False,1.0,1.0,0.00833333333333334
FD+time,68,HVAC,False,1.0,1.0,0.20916666666666664
FD+time,69,HVAC,False,1.0,1.0,0.032499999999999994
FD+time,70,HVAC,False,1.0,1.0,0.06833333333333334
FD+time,71,Appliance,False,1.0,1.0,0.009999999999999981
FD+time,72,Appliance,False,1.0,1.0,0.1416666666666667
FD+time,73,Appliance,False,1.0,1.0,0.04250000000000002
FD+time,74,Appliance,False,1.0,1.0,0.030833333333333324
FD+time,75,Appliance,False,0.33333333333333337,1.0,0.17833333333333334
FD+time,76,Appliance,False,1.0,1.0,0.015000000000000013
FD+time,77,Appliance,False,0.33333333333333337,1.0,0.08916666666666666
FD+time,78,Appliance,False,1.0,1.0,0.05583333333333334
FD+time,79,Appliance,False,1.0,1.0,0.09000000000000002
FD+time,80,Appliance,False,1.0,1.0,0.005833333333333339
FD+time,81,Appliance,False,1.0,1.0,0.005833333333333339
FD+time,82,Appliance,False,1.0,1.0,0.020833333333333315
FD+time,83,Appliance,False,1.0,1.0,0.13249999999999998
FD+time,84,Appliance,False,1.0,1.0,0.10999999999999999
FD+time,85,Appliance,False,1.0,1.0,0.0050000000000000044
FD+time,86,Appliance,False,1.0,1.0,0.0675
FD+time,87,Appliance,False,1.0,1.0,0.020833333333333325
FD+time,88,Appliance,False,1.0,1.0,0.16833333333333333
FD+time,89,Appliance,False,1.0,1.0,0.032499999999999994
FD+time,90,Appliance,False,1.0,1.0,0.005833333333333339
FD+time,91,Appliance,False,1.0,1.0,0.022499999999999992
FD+time,92,Appliance,False,1.0,1.0,0.1725
FD+time,93,Appliance,False,0.33333333333333337,1.0,0.13499999999999998
FD+time,94,Appliance,False,1.0,1.0,0.006666666666666672
FD+time,95,Appliance,False,1.0,1.0,0.11666666666666668
FD+time,96,Appliance,False,1.0,1.0,0.019999999999999962
FD+time,97,Appliance,False,1.0,1.0,0.135
FD+time,98,Appliance,False,1.0,1.0,0.18416666666666667
FD+time,99,Appliance,False,1.0,1.0,0.0050000000000000044
FD+time,100,Appliance,False,1.0,1.0,0.019166666666666655
FD+time,101,Appliance,False,1.0,1.0,0.17
FD+time,102,Appliance,False,1.0,1.0,0.04833333333333332
FD+time,103,Appliance,False,1.0,1.0,0.01833333333333335
FD+time,104,Appliance,False,1.0,1.0,0.00416666666666667
FD+time,105,Appliance,False,1.0,1.0,0.07083333333333335
FD+time,106,Appliance,False,1.0,1.0,0.03
FD+time,107,Appliance,False,1.0,1.0,0.07666666666666667
FD+time,108,Appliance,False,1.0,1.0,0.01166666666666665
FD+time,109,Appliance,False,1.0,1.0,0.020833333333333315
FD+time,110,Appliance,False,1.0,1.0,0.1583333333333333
FD+time,111,Appliance,False,0.33333333333333337,1.0,0.034166666666666685
FD+time,112,Appliance,False,1.0,1.0,0.03916666666666665
FD+time,113,Appliance,False,1.0,1.0,0.03166666666666667
FD+time,114,Appliance,False,1.0,1.0,0.019999999999999962
FD+time,115,Appliance,False,1.0,1.0,0.005833333333333339
FD+time,116,Appliance,False,1.0,1.0,0.03249999999999997
FD+time,117,Appliance,False,1.0,1.0,0.10833333333333332
FD+time,118,Appliance,False,1.0,1.0,0.019166666666666648
FD+time,119,Appliance,False,1.0,1.0,0.02416666666666666
FD+time,120,Appliance,False,1.0,1.0,0.10833333333333334
FD+time,121,Appliance,False,1.0,1.0,0.027500000000000024
FD+time,122,Appliance,False,1.0,1.0,0.06833333333333334
FD+time,123,Appliance,False,1.0,1.0,0.013333333333333345
FD+time,124,Appliance,False,1.0,1.0,0.07833333333333332
FD+time,125,Appliance,False,1.0,1.0,0.0341666666666667
FD+time,126,Appliance,False,1.0,1.0,0.007499999999999997
FD+time,127,Appliance,False,1.0,1.0,0.019166666666666655
FD+time,128,Appliance,False,1.0,1.0,0.07916666666666668
FD+time,129,Appliance,False,1.0,1.0,0.02833333333333336
FD+time,130,Appliance,False,1.0,1.0,0.013333333333333308
FD+time,131,Appliance,False,1.0,1.0,0.10083333333333333
FD+time,132,Appliance,False,1.0,1.0,0.018333333333333302
FD+time,133,Appliance,False,1.0,1.0,0.030833333333333324
FD+time,134,Appliance,False,1.0,1.0,0.06916666666666667
FD+time,135,Appliance,False,1.0,1.0,0.013333333333333345
FD+time,136,Shower,False,-1.0,0.0,0.12
FD+time,137,Shower,False,0.33333333333333337,1.0,0.1425
FD+time,138,Shower,False,0.33333333333333337,0.0,0.11833333333333333
FD+time,139,Shower,False,1.0,1.0,0.023333333333333334
FD+time,140,Shower,False,0.33333333333333337,0.0,0.13416666666666668
FD+time,141,Shower,False,1.0,1.0,0.029166666666666664
FD+time,142,Shower,False,-0.33333333333333337,0.0,0.1025
FD+time,143,Shower,False,0.33333333333333337,0.0,0.10916666666666668
FD+time,144,Shower,False,1.0,1.0,0.016666666666666666
FD+time,145,Shower,False,1.0,1.0,0.09166666666666667
FD+time,146,Shower,False,1.0,1.0,0.09833333333333333
FD+time,147,Shower,False,1.0,1.0,0.029166666666666664
FD+time,148,Shower,False,1.0,1.0,0.0
FD+time,149,Shower,False,1.0,1.0,0.09083333333333334
FD+time,150,Shower,False,1.0,1.0,0.1366666666666667
FD+time,151,Shower,False,1.0,1.0,0.0675
FD+time,152,Shower,False,1.0,1.0,0.049166666666666664
FD+time,153,Shower,False,1.0,1.0,0.13333333333333333
FD+time,154,Shower,False,0.33333333333333337,1.0,0.08666666666666667
FD+time,155,Shower,False,1.0,1.0,0.050833333333333335
FD+time,156,Shower,False,1.0,1.0,0.0625
FD+time,157,Shower,False,1.0,1.0,0.07083333333333333
FD+time,158,Shower,False,1.0,1.0,0.12000000000000001
FD+time,159,Shower,False,1.0,1.0,0.13416666666666668
FD+time,160,Shower,False,1.0,1.0,0.13249999999999998
FD+time,161,Shower,False,1.0,1.0,0.05416666666666666
FD+time,162,Shower,False,1.0,1.0,0.023333333333333334
FD+time,163,Shower,False,1.0,1.0,0.0575
FD+time,164,Shower,False,1.0,1.0,0.0
FD+time,165,Shower,False,1.0,1.0,0.06083333333333333
FD+time,166,Shower,False,0.33333333333333337,0.0,0.09500000000000001
FD+time,167,Shower,False,1.0,1.0,0.041666666666666664
FD+time,168,Shower,False,0.33333333333333337,0.0,0.09250000000000001
FD+time,169,Shower,False,1.0,1.0,0.024999999999999998
FD+time,170,Shower,False,1.0,1.0,0.0
FD+time,171,Shower,False,1.0,1.0,0.0
FD+time,172,Shower,False,1.0,1.0,0.06416666666666666
FD+time,173,Shower,False,1.0,1.0,0.0
FD+time,174,Shower,False,1.0,1.0,0.06333333333333334
FD+time,175,Shower,False,1.0,1.0,0.0
FD+time,176,Shower,False,1.0,1.0,0.0
FD+time,177,Shower,False,1.0,1.0,0.06
FD+time,178,Shower,False,1.0,1.0,0.0
FD+time,179,Shower,False,1.0,1.0,0.0
FD+time,180,Shower,False,1.0,1.0,0.09749999999999999
FD+time,181,Shower,False,1.0,1.0,0.15416666666666665
FD+time,182,Shower,False,1.0,1.0,0.03833333333333333
FD+time,183,Shower,False,1.0,1.0,0.0
FD+time,184,Shower,False,1.0,1.0,0.09583333333333333
FD+time,185,Shower,False,1.0,1.0,0.0
FD+time,186,Shower,False,1.0,1.0,0.0
FD+time,187,Shower,False,1.0,1.0,0.0
FD+time,188,Shower,False,1.0,1.0,0.06
FD+time,189,Shower,False,-0.33333333333333337,0.0,0.03166666666666668
FD+time,190,Shower,False,1.0,1.0,0.0
FD+time,191,Shower,False,1.0,1.0,0.0
FD+time,192,Shower,False,0.33333333333333337,1.0,0.03333333333333335
FD+time,193,Shower,False,-1.0,0.0,0.13499999999999998
FD+time,194,Shower,False,1.0,1.0,0.08833333333333333
FD+time,195,Shower,False,1.0,1.0,0.03583333333333333
LU,1,HVAC,False,1.0,1.0,0.04250000000000002
LU,2,HVAC,False,1.0,1.0,0.027499999999999986
LU,3,HVAC,False,1.0,1.0,0.04749999999999999
LU,4,HVAC,False,1.0,1.0,0.03333333333333335
LU,5,HVAC,False,0.33333333333333337,1.0,0.021666666666666685
LU,6,HVAC,False,1.0,1.0,0.0
LU,7,HVAC,False,1.0,1.0,0.03416666666666665
LU,8,HVAC,False,1.0,1.0,0.045833333333333316
LU,9,HVAC,False,1.0,1.0,0.026666666666666672
LU,10,HVAC,False,1.0,1.0,0.0050000000000000044
LU,11,HVAC,False,1.0,1.0,0.01833333333333334
LU,12,HVAC,False,1.0,1.0,0.01999999999999998
LU,13,HVAC,False,1.0,1.0,0.04749999999999996
LU,14,HVAC,False,1.0,1.0,0.028333333333333283
LU,15,HVAC,False,1.0,1.0,0.03416666666666667
LU,16,HVAC,False,1.0,1.0,0.03083333333333334
LU,17,HVAC,False,1.0,1.0,0.026666666666666672
LU,18,HVAC,False,1.0,1.0,0.020833333333333353
LU,19,HVAC,False,1.0,1.0,0.047499999999999994
LU,20,HVAC,False,1.0,1.0,0.01833333333333333
LU,21,HVAC,False,1.0,1.0,0.014999999999999994
LU,22,HVAC,False,1.0,1.0,0.018333333333333326
LU,23,HVAC,False,1.0,1.0,0.03416666666666668
LU,24,HVAC,False,1.0,1.0,0.04416666666666666
LU,25,HVAC,False,1.0,1.0,0.060000000000000005
LU,26,HVAC,False,1.0,1.0,0.02416666666666667
LU,27,HVAC,False,1.0,1.0,0.055833333333333325
LU,28,HVAC,False,1.0,1.0,0.0
LU,29,HVAC,False,1.0,1.0,0.0050000000000000044
LU,30,HVAC,False,1.0,1.0,0.004166666666666652
LU,31,HVAC,False,1.0,1.0,0.04166666666666668
LU,32,HVAC,False,1.0,1.0,0.012500000000000002
LU,33,HVAC,False,1.0,1.0,0.08166666666666665
LU,34,HVAC,False,1.0,1.0,0.035833333333333335
LU,35,HVAC,False,1.0,1.0,0.014166666666666662
LU,36,HVAC,False,1.0,1.0,0.010000000000000009
LU,37,HVAC,False,1.0,1.0,0.030000000000000013
LU,38,HVAC,False,1.0,1.0,0.0025000000000000022
LU,39,HVAC,False,1.0,1.0,0.001666666666666668
LU,40,HVAC,False,1.0,1.0,0.02416666666666668
LU,41,HVAC,False,1.0,1.0,0.0024999999999999974
LU,42,HVAC,False,1.0,1.0,0.008333333333333337
LU,43,HVAC,False,1.0,1.0,0.04249999999999998
LU,44,HVAC,False,1.0,1.0,0.01666666666666668
LU,45,HVAC,False,1.0,1.0,0.05166666666666667
LU,46,HVAC,False,1.0,1.0,0.011666666666666659
LU,47,HVAC,False,1.0,1.0,0.04
LU,48,HVAC,False,1.0,1.0,0.07416666666666667
LU,49,HVAC,False,1.0,1.0,0.021666666666666667
LU,50,HVAC,False,1.0,1.0,0.10083333333333333
LU,51,HVAC,False,1.0,1.0,0.007500000000000007
LU,52,HVAC,False,1.0,1.0,0.010000000000000009
LU,53,HVAC,False,1.0,1.0,0.03249999999999998
LU,54,HVAC,False,0.33333333333333337,0.0,0.020000000000000018
LU,55,HVAC,False,1.0,1.0,0.03166666666666667
LU,56,HVAC,False,0.33333333333333337,0.0,0.030000000000000016
LU,57,HVAC,False,1.0,1.0,0.07916666666666666
LU,58,HVAC,False,1.0,1.0,0.05916666666666667
LU,59,HVAC,False,1.0,1.0,0.04083333333333331
LU,60,HVAC,False,1.0,1.0,0.012499999999999983
LU,61,HVAC,False,1.0,1.0,0.034999999999999996
LU,62,HVAC,False,1.0,1.0,0.03333333333333333
LU,63,HVAC,False,1.0,1.0,0.03166666666666668
LU,64,HVAC,False,1.0,1.0,0.013333333333333327
LU,65,HVAC,False,1.0,1.0,0.01999999999999999
LU,66,HVAC,False,1.0,1.0,0.0033333333333333353
LU,67,HVAC,False,1.0,1.0,0.018333333333333326
LU,68,HVAC,False,1.0,1.0,0.0050000000000000044
LU,69,HVAC,False,1.0,1.0,0.013333333333333327
LU,70,HVAC,False,1.0,1.0,0.0775
LU,71,Appliance,False,1.0,1.0,0.009999999999999981
LU,72,Appliance,False,1.0,1.0,0.1416666666666667
LU,73,Appliance,False,1.0,1.0,0.04250000000000002
LU,74,Appliance,False,1.0,1.0,0.030833333333333324
LU,75,Appliance,False,0.33333333333333337,1.0,0.17833333333333334
LU,76,Appliance,False,1.0,1.0,0.015000000000000013
LU,77,Appliance,False,0.33333333333333337,1.0,0.08916666666666666
LU,78,Appliance,False,1.0,1.0,0.05583333333333334
LU,79,Appliance,False,1.0,1.0,0.09000000000000002
LU,80,Appliance,False,1.0,1.0,0.005833333333333339
LU,81,Appliance,False,1.0,1.0,0.005833333333333339
LU,82,Appliance,False,1.0,1.0,0.020833333333333315
LU,83,Appliance,False,1.0,1.0,0.13249999999999998
LU,84,Appliance,False,1.0,1.0,0.10999999999999999
LU,85,Appliance,False,1.0,1.0,0.0050000000000000044
LU,86,Appliance,False,1.0,1.0,0.0675
LU,87,Appliance,False,1.0,1.0,0.020833333333333325
LU,88,Appliance,False,1.0,1.0,0.16833333333333333
LU,89,Appliance,False,1.0,1.0,0.032499999999999994
LU,90,Appliance,False,1.0,1.0,0.005833333333333339
LU,91,Appliance,False,1.0,1.0,0.022499999999999992
LU,92,Appliance,False,1.0,1.0,0.1725
LU,93,Appliance,False,0.33333333333333337,1.0,0.13499999999999998
LU,94,Appliance,False,1.0,1.0,0.006666666666666672
LU,95,Appliance,False,1.0,1.0,0.11666666666666668
LU,96,Appliance,False,1.0,1.0,0.019999999999999962
LU,97,Appliance,False,1.0,1.0,0.135
LU,98,Appliance,False,1.0,1.0,0.18416666666666667
LU,99,Appliance,False,1.0,1.0,0.0050000000000000044
LU,100,Appliance,False,1.0,1.0,0.019166666666666655
LU,101,Appliance,False,1.0,1.0,0.17
LU,102,Appliance,False,1.0,1.0,0.04833333333333332
LU,103,Appliance,False,1.0,1.0,0.01833333333333335
LU,104,Appliance,False,1.0,1.0,0.00416666666666667
LU,105,Appliance,False,1.0,1.0,0.07083333333333335
LU,106,Appliance,False,1.0,1.0,0.03
LU,107,Appliance,False,1.0,1.0,0.07666666666666667
LU,108,Appliance,False,1.0,1.0,0.01166666666666665
LU,109,Appliance,False,1.0,1.0,0.020833333333333315
LU,110,Appliance,False,1.0,1.0,0.1583333333333333
LU,111,Appliance,False,0.33333333333333337,1.0,0.034166666666666685
LU,112,Appliance,False,1.0,1.0,0.03916666666666665
LU,113,Appliance,False,1.0,1.0,0.03166666666666667
LU,114,Appliance,False,1.0,1.0,0.019999999999999962
LU,115,Appliance,False,1.0,1.0,0.005833333333333339
LU,116,Appliance,False,1.0,1.0,0.03249999999999997
LU,117,Appliance,False,1.0,1.0,0.10833333333333332
LU,118,Appliance,False,1.0,1.0,0.019166666666666648
LU,119,Appliance,False,1.0,1.0,0.02416666666666666
LU,120,Appliance,False,1.0,1.0,0.10833333333333334
LU,121,Appliance,False,1.0,1.0,0.027500000000000024
LU,122,Appliance,False,1.0,1.0,0.06833333333333334
LU,123,Appliance,False,1.0,1.0,0.013333333333333345
LU,124,Appliance,False,1.0,1.0,0.07833333333333332
LU,125,Appliance,False,1.0,1.0,0.0341666666666667
LU,126,Appliance,False,1.0,1.0,0.007499999999999997
LU,127,Appliance,False,1.0,1.0,0.019166666666666655
LU,128,Appliance,False,1.0,1.0,0.07916666666666668
LU,129,Appliance,False,1.0,1.0,0.02833333333333336
LU,130,Appliance,False,1.0,1.0,0.013333333333333308
LU,131,Appliance,False,1.0,1.0,0.10083333333333333
LU,132,Appliance,False,1.0,1.0,0.018333333333333302
LU,133,Appliance,False,1.0,1.0,0.030833333333333324
LU,134,Appliance,False,1.0,1.0,0.06916666666666667
LU,135,Appliance,False,1.0,1.0,0.013333333333333345
LU,136,Shower,False,1.0,1.0,0.04750000000000001
LU,137,Shower,False,1.0,1.0,0.041666666666666664
LU,138,Shower,False,1.0,1.0,0.0
LU,139,Shower,False,1.0,1.0,0.023333333333333334
LU,140,Shower,False,1.0,1.0,0.023333333333333334
LU,141,Shower,False,1.0,1.0,0.029166666666666664
LU,142,Shower,False,1.0,1.0,0.0
LU,143,Shower,False,1.0,1.0,0.0
LU,144,Shower,False,1.0,1.0,0.016666666666666666
LU,145,Shower,False,1.0,1.0,0.02583333333333333
LU,146,Shower,False,1.0,1.0,0.025833333333333333
LU,147,Shower,False,1.0,1.0,0.029166666666666664
LU,148,Shower,False,1.0,1.0,0.0
LU,149,Shower,False,1.0,1.0,0.03166666666666667
LU,150,Shower,False,1.0,1.0,0.030833333333333338
LU,151,Shower,False,1.0,1.0,0.0
LU,152,Shower,False,1.0,1.0,0.06916666666666667
LU,153,Shower,False,1.0,1.0,0.0
LU,154,Shower,False,0.33333333333333337,0.0,0.08
LU,155,Shower,False,1.0,1.0,0.050833333333333335
LU,156,Shower,False,1.0,1.0,0.0625
LU,157,Shower,False,1.0,1.0,0.047499999999999994
LU,158,Shower,False,1.0,1.0,0.03833333333333332
LU,159,Shower,False,1.0,1.0,0.04083333333333333
LU,160,Shower,False,1.0,1.0,0.011666666666666665
LU,161,Shower,False,0.33333333333333337,0.0,0.07416666666666666
LU,162,Shower,False,1.0,1.0,0.023333333333333334
LU,163,Shower,False,1.0,1.0,0.07749999999999999
LU,164,Shower,False,1.0,1.0,0.0
LU,165,Shower,False,1.0,1.0,0.08583333333333333
LU,166,Shower,False,1.0,1.0,0.11583333333333333
LU,167,Shower,False,1.0,1.0,0.041666666666666664
LU,168,Shower,False,1.0,1.0,0.11416666666666665
LU,169,Shower,False,1.0,1.0,0.024999999999999998
LU,170,Shower,False,1.0,1.0,0.0
LU,171,Shower,False,1.0,1.0,0.0
LU,172,Shower,False,1.0,1.0,0.06416666666666666
LU,173,Shower,False,1.0,1.0,0.0
LU,174,Shower,False,1.0,1.0,0.06416666666666665
LU,175,Shower,False,1.0,1.0,0.0
LU,176,Shower,False,1.0,1.0,0.0
LU,177,Shower,False,0.33333333333333337,0.0,0.08
LU,178,Shower,False,1.0,1.0,0.0
LU,179,Shower,False,1.0,1.0,0.0
LU,180,Shower,False,1.0,1.0,0.09749999999999999
LU,181,Shower,False,1.0,1.0,0.0
LU,182,Shower,False,0.33333333333333337,1.0,0.0375
LU,183,Shower,False,1.0,1.0,0.0
LU,184,Shower,False,0.33333333333333337,0.0,0.11916666666666664
LU,185,Shower,False,1.0,1.0,0.0
LU,186,Shower,False,1.0,1.0,0.0
LU,187,Shower,False,1.0,1.0,0.0
LU,188,Shower,False,0.33333333333333337,0.0,0.08
LU,189,Shower,False,0.33333333333333337,1.0,0.026666666666666655
LU,190,Shower,False,1.0,1.0,0.0
LU,191,Shower,False,1.0,1.0,0.0
LU,192,Shower,False,-0.33333333333333337,0.0,0.027499999999999986
LU,193,Shower,False,0.33333333333333337,0.0,0.04333333333333333
LU,194,Shower,False,-0.33333333333333337,0.0,0.08833333333333333
LU,195,Shower,False,-1.0,0.0,0.03250000000000001
LU-literal,1,HVAC,False,1.0,1.0,0.04250000000000002
LU-literal,2,HVAC,False,1.0,1.0,0.027499999999999986
LU-literal,3,HVAC,False,1.0,1.0,0.04749999999999999
LU-literal,4,HVAC,False,1.0,1.0,0.03333333333333335
LU-literal,5,HVAC,False,0.33333333333333337,1.0,0.07166666666666667
LU-literal,6,HVAC,False,1.0,1.0,0.0
LU-literal,7,HVAC,False,1.0,1.0,0.03416666666666665
LU-literal,8,HVAC,False,1.0,1.0,0.045833333333333316
LU-literal,9,HVAC,False,1.0,1.0,0.026666666666666672
LU-literal,10,HVAC,False,1.0,1.0,0.0050000000000000044
LU-literal,11,HVAC,False,1.0,1.0,0.044999999999999984
LU-literal,12,HVAC,False,1.0,1.0,0.03916666666666665
LU-literal,13,HVAC,False,1.0,1.0,0.08166666666666664
LU-literal,14,HVAC,False,1.0,1.0,0.028333333333333283
LU-literal,15,HVAC,False,1.0,1.0,0.05166666666666667
LU-literal,16,HVAC,False,1.0,1.0,0.05166666666666667
LU-literal,17,HVAC,False,1.0,1.0,0.06166666666666667
LU-literal,18,HVAC,False,1.0,1.0,0.05666666666666668
LU-literal,19,HVAC,False,1.0,1.0,0.047499999999999994
LU-literal,20,HVAC,False,1.0,1.0,0.0375
LU-literal,21,HVAC,False,1.0,1.0,0.014999999999999994
LU-literal,22,HVAC,False,1.0,1.0,0.018333333333333326
LU-literal,23,HVAC,False,1.0,1.0,0.03416666666666668
LU-literal,24,HVAC,False,1.0,1.0,0.04416666666666666
LU-literal,25,HVAC,False,1.0,1.0,0.060000000000000005
LU-literal,26,HVAC,False,1.0,1.0,0.02416666666666667
LU-literal,27,HVAC,False,1.0,1.0,0.03833333333333335
LU-literal,28,HVAC,False,1.0,1.0,0.0
LU-literal,29,HVAC,False,1.0,1.0,0.0050000000000000044
LU-literal,30,HVAC,False,1.0,1.0,0.02583333333333331
LU-literal,31,HVAC,False,1.0,1.0,0.06666666666666667
LU-literal,32,HVAC,False,1.0,1.0,0.012500000000000002
LU-literal,33,HVAC,False,1.0,1.0,0.16166666666666665
LU-literal,34,HVAC,False,1.0,1.0,0.060000000000000005
LU-literal,35,HVAC,False,1.0,1.0,0.014166666666666662
LU-literal,36,HVAC,False,1.0,1.0,0.010000000000000009
LU-literal,37,HVAC,False,1.0,1.0,0.030000000000000013
LU-literal,38,HVAC,False,1.0,1.0,0.0025000000000000022
LU-literal,39,HVAC,False,1.0,1.0,0.001666666666666668
LU-literal,40,HVAC,False,1.0,1.0,0.02416666666666668
LU-literal,41,HVAC,False,1.0,1.0,0.0024999999999999974
LU-literal,42,HVAC,False,1.0,1.0,0.008333333333333337
LU-literal,43,HVAC,False,1.0,1.0,0.08166666666666665
LU-literal,44,HVAC,False,0.33333333333333337,0.0,0.04583333333333334
LU-literal,45,HVAC,False,1.0,1.0,0.15083333333333335
LU-literal,46,HVAC,False,1.0,1.0,0.07166666666666666
LU-literal,47,HVAC,False,1.0,1.0,0.12416666666666666
LU-literal,48,HVAC,False,1.0,1.0,0.07416666666666667
LU-literal,49,HVAC,False,1.0,1.0,0.06083333333333333
LU-literal,50,HVAC,False,1.0,1.0,0.10083333333333333
LU-literal,51,HVAC,False,1.0,1.0,0.007500000000000007
LU-literal,52,HVAC,False,1.0,1.0,0.010000000000000009
LU-literal,53,HVAC,False,1.0,1.0,0.03249999999999998
LU-literal,54,HVAC,False,0.33333333333333337,0.0,0.020000000000000018
LU-literal,55,HVAC,False,1.0,1.0,0.04333333333333334
LU-literal,56,HVAC,False,0.33333333333333337,0.0,0.030000000000000016
LU-literal,57,HVAC,False,1.0,1.0,0.07916666666666666
LU-literal,58,HVAC,False,1.0,1.0,0.05916666666666667
LU-literal,59,HVAC,False,1.0,1.0,0.056666666666666664
LU-literal,60,HVAC,False,1.0,1.0,0.012499999999999983
LU-literal,61,HVAC,False,1.0,1.0,0.034999999999999996
LU-literal,62,HVAC,False,1.0,1.0,0.03333333333333333
LU-literal,63,HVAC,False,1.0,1.0,0.07000000000000002
LU-literal,64,HVAC,False,1.0,1.0,0.013333333333333327
LU-literal,65,HVAC,False,1.0,1.0,0.07916666666666665
LU-literal,66,HVAC,False,1.0,1.0,0.0033333333333333353
LU-literal,67,HVAC,False,1.0,1.0,0.031666666666666655
LU-literal,68,HVAC,False,1.0,1.0,0.0050000000000000044
LU-literal,69,HVAC,False,1.0,1.0,0.013333333333333327
LU-literal,70,HVAC,False,1.0,1.0,0.12666666666666665
LU-literal,71,Appliance,False,1.0,1.0,0.009999999999999981
LU-literal,72,Appliance,False,1.0,1.0,0.1416666666666667
LU-literal,73,Appliance,False,1.0,1.0,0.04250000000000002
LU-literal,74,Appliance,False,1.0,1.0,0.030833333333333324
LU-literal,75,Appliance,False,0.33333333333333337,1.0,0.17833333333333334
LU-literal,76,Appliance,False,1.0,1.0,0.015000000000000013
LU-literal,77,Appliance,False,0.33333333333333337,1.0,0.08916666666666666
LU-literal,78,Appliance,False,1.0,1.0,0.05583333333333334
LU-literal,79,Appliance,False,1.0,1.0,0.09000000000000002
LU-literal,80,Appliance,False,1.0,1.0,0.005833333333333339
LU-literal,81,Appliance,False,1.0,1.0,0.005833333333333339
LU-literal,82,Appliance,False,1.0,1.0,0.020833333333333315
LU-literal,83,Appliance,False,1.0,1.0,0.13249999999999998
LU-literal,84,Appliance,False,1.0,1.0,0.10999999999999999
LU-literal,85,Appliance,False,1.0,1.0,0.0050000000000000044
LU-literal,86,Appliance,False,1.0,1.0,0.0675
LU-literal,87,Appliance,False,1.0,1.0,0.020833333333333325
LU-literal,88,Appliance,False,1.0,1.0,0.16833333333333333
LU-literal,89,Appliance,False,1.0,1.0,0.032499999999999994
LU-literal,90,Appliance,False,1.0,1.0,0.005833333333333339
LU-literal,91,Appliance,False,1.0,1.0,0.022499999999999992
LU-literal,92,Appliance,False,1.0,1.0,0.1725
LU-literal,93,Appliance,False,0.33333333333333337,1.0,0.13499999999999998
LU-literal,94,Appliance,False,1.0,1.0,0.006666666666666672
LU-literal,95,Appliance,False,1.0,1.0,0.11666666666666668
LU-literal,96,Appliance,False,1.0,1.0,0.019999999999999962
LU-literal,97,Appliance,False,1.0,1.0,0.135
LU-literal,98,Appliance,False,1.0,1.0,0.18416666666666667
LU-literal,99,Appliance,False,1.0,1.0,0.0050000000000000044
LU-literal,100,Appliance,False,1.0,1.0,0.019166666666666655
LU-literal,101,Appliance,False,1.0,1.0,0.17
LU-literal,102,Appliance,False,1.0,1.0,0.04833333333333332
LU-literal,103,Appliance,False,1.0,1.0,0.01833333333333335
LU-literal,104,Appliance,False,1.0,1.0,0.00416666666666667
LU-literal,105,Appliance,False,1.0,1.0,0.07083333333333335
LU-literal,106,Appliance,False,1.0,1.0,0.03
LU-literal,107,Appliance,False,1.0,1.0,0.07666666666666667
LU-literal,108,Appliance,False,1.0,1.0,0.01166666666666665
LU-literal,109,Appliance,False,1.0,1.0,0.020833333333333315
LU-literal,110,Appliance,False,1.0,1.0,0.1583333333333333
LU-literal,111,Appliance,False,0.33333333333333337,1.0,0.034166666666666685
LU-literal,112,Appliance,False,1.0,1.0,0.03916666666666665
LU-literal,113,Appliance,False,1.0,1.0,0.03166666666666667
LU-literal,114,Appliance,False,1.0,1.0,0.019999999999999962
LU-literal,115,Appliance,False,1.0,1.0,0.005833333333333339
LU-literal,116,Appliance,False,1.0,1.0,0.03249999999999997
LU-literal,117,Appliance,False,1.0,1.0,0.10833333333333332
LU-literal,118,Appliance,False,1.0,1.0,0.019166666666666648
LU-literal,119,Appliance,False,1.0,1.0,0.02416666666666666
LU-literal,120,Appliance,False,1.0,1.0,0.10833333333333334
LU-literal,121,Appliance,False,1.0,1.0,0.027500000000000024
LU-literal,122,Appliance,False,1.0,1.0,0.06833333333333334
LU-literal,123,Appliance,False,1.0,1.0,0.013333333333333345
LU-literal,124,Appliance,False,1.0,1.0,0.07833333333333332
LU-literal,125,Appliance,False,1.0,1.0,0.0341666666666667
LU-literal,126,Appliance,False,1.0,1.0,0.007499999999999997
LU-literal,127,Appliance,False,1.0,1.0,0.019166666666666655
LU-literal,128,Appliance,False,1.0,1.0,0.07916666666666668
LU-literal,129,Appliance,False,1.0,1.0,0.02833333333333336
LU-literal,130,Appliance,False,1.0,1.0,0.013333333333333308
LU-literal,131,Appliance,False,1.0,1.0,0.10083333333333333
LU-literal,132,Appliance,False,1.0,1.0,0.018333333333333302
LU-literal,133,Appliance,False,1.0,1.0,0.030833333333333324
LU-literal,134,Appliance,False,1.0,1.0,0.06916666666666667
LU-literal,135,Appliance,False,1.0,1.0,0.013333333333333345
LU-literal,136,Shower,False,1.0,1.0,0.04750000000000001
LU-literal,137,Shower,False,1.0,1.0,0.041666666666666664
LU-literal,138,Shower,False,1.0,1.0,0.0
LU-literal,139,Shower,False,1.0,1.0,0.023333333333333334
LU-literal,140,Shower,False,1.0,1.0,0.023333333333333334
LU-literal,141,Shower,False,1.0,1.0,0.029166666666666664
LU-literal,142,Shower,False,1.0,1.0,0.0
LU-literal,143,Shower,False,1.0,1.0,0.0
LU-literal,144,Shower,False,1.0,1.0,0.016666666666666666
LU-literal,145,Shower,False,1.0,1.0,0.02583333333333333
LU-literal,146,Shower,False,1.0,1.0,0.025833333333333333
LU-literal,147,Shower,False,1.0,1.0,0.029166666666666664
LU-literal,148,Shower,False,1.0,1.0,0.0
LU-literal,149,Shower,False,1.0,1.0,0.03166666666666667
LU-literal,150,Shower,False,1.0,1.0,0.030833333333333338
LU-literal,151,Shower,False,1.0,1.0,0.0
LU-literal,152,Shower,False,1.0,1.0,0.06916666666666667
LU-literal,153,Shower,False,1.0,1.0,0.0
LU-literal,154,Shower,False,0.33333333333333337,0.0,0.08
LU-literal,155,Shower,False,1.0,1.0,0.050833333333333335
LU-literal,156,Shower,False,1.0,1.0,0.0625
LU-literal,157,Shower,False,1.0,1.0,0.047499999999999994
LU-literal,158,Shower,False,1.0,1.0,0.03833333333333332
LU-literal,159,Shower,False,1.0,1.0,0.04083333333333333
LU-literal,160,Shower,False,1.0,1.0,0.011666666666666665
LU-literal,161,Shower,False,0.33333333333333337,0.0,0.07416666666666666
LU-literal,162,Shower,False,1.0,1.0,0.023333333333333334
LU-literal,163,Shower,False,1.0,1.0,0.07749999999999999
LU-literal,164,Shower,False,1.0,1.0,0.0
LU-literal,165,Shower,False,1.0,1.0,0.08583333333333333
LU-literal,166,Shower,False,1.0,1.0,0.11583333333333333
LU-literal,167,Shower,False,1.0,1.0,0.041666666666666664
LU-literal,168,Shower,False,1.0,1.0,0.11416666666666665
LU-literal,169,Shower,False,1.0,1.0,0.024999999999999998
LU-literal,170,Shower,False,1.0,1.0,0.0
LU-literal,171,Shower,False,1.0,1.0,0.0
LU-literal,172,Shower,False,1.0,1.0,0.06416666666666666
LU-literal,173,Shower,False,1.0,1.0,0.0
LU-literal,174,Shower,False,1.0,1.0,0.06416666666666665
LU-literal,175,Shower,False,1.0,1.0,0.0
LU-literal,176,Shower,False,1.0,1.0,0.0
LU-literal,177,Shower,False,0.33333333333333337,0.0,0.08
LU-literal,178,Shower,False,1.0,1.0,0.0
LU-literal,179,Shower,False,1.0,1.0,0.0
LU-literal,180,Shower,False,1.0,1.0,0.09749999999999999
LU-literal,181,Shower,False,1.0,1.0,0.0
LU-literal,182,Shower,False,0.33333333333333337,1.0,0.0375
LU-literal,183,Shower,False,1.0,1.0,0.0
LU-literal,184,Shower,False,0.33333333333333337,0.0,0.11916666666666664
LU-literal,185,Shower,False,1.0,1.0,0.0
LU-literal,186,Shower,False,1.0,1.0,0.0
LU-literal,187,Shower,False,1.0,1.0,0.0
LU-literal,188,Shower,False,0.33333333333333337,0.0,0.08
LU-literal,189,Shower,False,0.33333333333333337,1.0,0.026666666666666655
LU-literal,190,Shower,False,1.0,1.0,0.0
LU-literal,191,Shower,False,1.0,1.0,0.0
LU-literal,192,Shower,False,-0.33333333333333337,0.0,0.027499999999999986
LU-literal,193,Shower,False,0.33333333333333337,0.0,0.04333333333333333
LU-literal,194,Shower,False,-0.33333333333333337,0.0,0.08833333333333333
LU-literal,195,Shower,False,-1.0,0.0,0.03250000000000001
LU-corpus,1,HVAC,False,1.0,1.0,0.0
LU-corpus,2,HVAC,False,1.0,1.0,0.003333333333333336
LU-corpus,3,HVAC,False,1.0,1.0,0.04083333333333334
LU-corpus,4,HVAC,False,1.0,1.0,0.03583333333333333
LU-corpus,5,HVAC,False,1.0,1.0,0.052499999999999984
LU-corpus,6,HVAC,False,1.0,1.0,0.06916666666666668
LU-corpus,7,HVAC,False,1.0,1.0,0.07666666666666666
LU-corpus,8,HVAC,False,1.0,1.0,0.00416666666666667
LU-corpus,9,HVAC,False,1.0,1.0,0.0025000000000000022
LU-corpus,10,HVAC,False,1.0,1.0,0.0025000000000000022
LU-corpus,11,HVAC,False,1.0,1.0,0.0
LU-corpus,12,HVAC,False,1.0,1.0,0.004999999999999995
LU-corpus,13,HVAC,False,1.0,1.0,0.042499999999999954
LU-corpus,14,HVAC,False,1.0,1.0,0.019999999999999962
LU-corpus,15,HVAC,False,1.0,1.0,0.021666666666666667
LU-corpus,16,HVAC,False,1.0,1.0,0.035833333333333335
LU-corpus,17,HVAC,False,1.0,1.0,0.004999999999999977
LU-corpus,18,HVAC,False,1.0,1.0,0.013333333333333327
LU-corpus,19,HVAC,False,1.0,1.0,0.01666666666666668
LU-corpus,20,HVAC,False,1.0,1.0,0.013333333333333327
LU-corpus,21,HVAC,False,1.0,1.0,0.019166666666666665
LU-corpus,22,HVAC,False,1.0,1.0,0.00416666666666667
LU-corpus,23,HVAC,False,1.0,1.0,0.01833333333333334
LU-corpus,24,HVAC,False,1.0,1.0,0.010000000000000009
LU-corpus,25,HVAC,False,1.0,1.0,0.025000000000000012
LU-corpus,26,HVAC,False,1.0,1.0,0.015000000000000013
LU-corpus,27,HVAC,False,1.0,1.0,0.1333333333333333
LU-corpus,28,HVAC,False,0.33333333333333337,0.0,0.09666666666666666
LU-corpus,29,HVAC,False,1.0,1.0,0.07083333333333333
LU-corpus,30,HVAC,False,1.0,1.0,0.013333333333333345
LU-corpus,31,HVAC,False,1.0,1.0,0.01
LU-corpus,32,HVAC,False,1.0,1.0,0.06666666666666667
LU-corpus,33,HVAC,False,1.0,1.0,0.021666666666666664
LU-corpus,34,HVAC,False,1.0,1.0,0.05333333333333332
LU-corpus,35,HVAC,False,1.0,1.0,0.00916666666666667
LU-corpus,36,HVAC,False,1.0,1.0,0.009166666666666656
LU-corpus,37,HVAC,False,1.0,1.0,0.019999999999999962
LU-corpus,38,HVAC,False,1.0,1.0,0.0
LU-corpus,39,HVAC,False,0.33333333333333337,1.0,0.023333333333333334
LU-corpus,40,HVAC,False,1.0,1.0,0.0025000000000000022
LU-corpus,41,HVAC,False,1.0,1.0,0.02666666666666667
LU-corpus,42,HVAC,False,1.0,1.0,0.0625
LU-corpus,43,HVAC,False,1.0,1.0,0.0008333333333333248
LU-corpus,44,HVAC,False,1.0,1.0,0.000833333333333334
LU-corpus,45,HVAC,False,1.0,1.0,0.014166666666666652
LU-corpus,46,HVAC,False,1.0,1.0,0.003333333333333336
LU-corpus,47,HVAC,False,1.0,1.0,0.010000000000000009
LU-corpus,48,HVAC,False,1.0,1.0,0.055000000000000014
LU-corpus,49,HVAC,False,1.0,1.0,0.015833333333333338
LU-corpus,50,HVAC,False,1.0,1.0,0.03
LU-corpus,51,HVAC,False,0.33333333333333337,0.0,0.12583333333333332
LU-corpus,52,HVAC,False,1.0,1.0,0.0050000000000000044
LU-corpus,53,HVAC,False,1.0,1.0,0.020833333333333304
LU-corpus,54,HVAC,False,1.0,1.0,0.010000000000000009
LU-corpus,55,HVAC,False,1.0,1.0,0.022499999999999992
LU-corpus,56,HVAC,False,0.33333333333333337,0.0,0.02250000000000002
LU-corpus,57,HVAC,False,1.0,1.0,0.03083333333333334
LU-corpus,58,HVAC,False,1.0,1.0,0.033333333333333305
LU-corpus,59,HVAC,False,1.0,1.0,0.036666666666666674
LU-corpus,60,HVAC,False,1.0,1.0,0.009999999999999981
LU-corpus,61,HVAC,False,1.0,1.0,0.009166666666666675
LU-corpus,62,HVAC,False,1.0,1.0,0.034999999999999996
LU-corpus,63,HVAC,False,1.0,1.0,0.00416666666666667
LU-corpus,64,HVAC,False,1.0,1.0,0.025833333333333337
LU-corpus,65,HVAC,False,1.0,1.0,0.006666666666666654
LU-corpus,66,HVAC,False,1.0,1.0,0.06250000000000001
LU-corpus,67,HVAC,False,1.0,1.0,0.02
LU-corpus,68,HVAC,False,1.0,1.0,0.0075
LU-corpus,69,HVAC,False,1.0,1.0,0.01416666666666668
LU-corpus,70,HVAC,False,1.0,1.0,0.024166666666666652
LU-corpus,71,Appliance,False,1.0,1.0,0.001666666666666668
LU-corpus,72,Appliance,False,1.0,1.0,0.01166666666666667
LU-corpus,73,Appliance,False,1.0,1.0,0.03000000000000001
LU-corpus,74,Appliance,False,1.0,1.0,0.001666666666666668
LU-corpus,75,Appliance,False,1.0,1.0,0.08916666666666667
LU-corpus,76,Appliance,False,1.0,1.0,0.03666666666666666
LU-corpus,77,Appliance,False,0.33333333333333337,1.0,0.024999999999999994
LU-corpus,78,Appliance,False,1.0,1.0,0.03583333333333332
LU-corpus,79,Appliance,False,1.0,1.0,0.026666666666666655
LU-corpus,80,Appliance,False,1.0,1.0,0.006666666666666664
LU-corpus,81,Appliance,False,1.0,1.0,0.019166666666666683
LU-corpus,82,Appliance,False,1.0,1.0,0.0025000000000000022
LU-corpus,83,Appliance,False,1.0,1.0,0.09249999999999999
LU-corpus,84,Appliance,False,1.0,1.0,0.009166666666666668
LU-corpus,85,Appliance,False,1.0,1.0,0.025833333333333357
LU-corpus,86,Appliance,False,1.0,1.0,0.047500000000000035
LU-corpus,87,Appliance,False,1.0,1.0,0.004999999999999986
LU-corpus,88,Appliance,False,1.0,1.0,0.024999999999999984
LU-corpus,89,Appliance,False,1.0,1.0,0.019166666666666676
LU-corpus,90,Appliance,False,1.0,1.0,0.025833333333333357
LU-corpus,91,Appliance,False,1.0,1.0,0.01833333333333333
LU-corpus,92,Appliance,False,1.0,1.0,0.12416666666666669
LU-corpus,93,Appliance,False,0.33333333333333337,1.0,0.06666666666666667
LU-corpus,94,Appliance,False,1.0,1.0,0.01833333333333335
LU-corpus,95,Appliance,False,1.0,1.0,0.26666666666666666
LU-corpus,96,Appliance,False,1.0,1.0,0.007500000000000007
LU-corpus,97,Appliance,False,1.0,1.0,0.018333333333333337
LU-corpus,98,Appliance,False,1.0,1.0,0.09333333333333334
LU-corpus,99,Appliance,False,1.0,1.0,0.09916666666666668
LU-corpus,100,Appliance,False,1.0,1.0,0.004166666666666661
LU-corpus,101,Appliance,False,1.0,1.0,0.08583333333333333
LU-corpus,102,Appliance,False,1.0,1.0,0.0
LU-corpus,103,Appliance,False,1.0,1.0,0.005833333333333339
LU-corpus,104,Appliance,False,1.0,1.0,0.01583333333333335
LU-corpus,105,Appliance,False,1.0,1.0,0.017499999999999998
LU-corpus,106,Appliance,False,1.0,1.0,0.0
LU-corpus,107,Appliance,False,0.33333333333333337,0.0,0.025833333333333344
LU-corpus,108,Appliance,False,1.0,1.0,0.013333333333333345
LU-corpus,109,Appliance,False,1.0,1.0,0.0025000000000000022
LU-corpus,110,Appliance,False,1.0,1.0,0.022499999999999982
LU-corpus,111,Appliance,False,1.0,1.0,0.018333333333333344
LU-corpus,112,Appliance,False,1.0,1.0,0.0
LU-corpus,113,Appliance,False,1.0,1.0,0.018333333333333323
LU-corpus,114,Appliance,False,1.0,1.0,0.0
LU-corpus,115,Appliance,False,1.0,1.0,0.024999999999999994
LU-corpus,116,Appliance,False,1.0,1.0,0.0050000000000000044
LU-corpus,117,Appliance,False,1.0,1.0,0.03999999999999999
LU-corpus,118,Appliance,False,1.0,1.0,0.0
LU-corpus,119,Appliance,False,1.0,1.0,0.003333333333333336
LU-corpus,120,Appliance,False,1.0,1.0,0.048333333333333346
LU-corpus,121,Appliance,False,1.0,1.0,0.012500000000000011
LU-corpus,122,Appliance,False,1.0,1.0,0.0275
LU-corpus,123,Appliance,False,1.0,1.0,0.021666666666666678
LU-corpus,124,Appliance,False,1.0,1.0,0.02250000000000001
LU-corpus,125,Appliance,False,1.0,1.0,0.054166666666666675
LU-corpus,126,Appliance,False,1.0,1.0,0.00833333333333334
LU-corpus,127,Appliance,False,1.0,1.0,0.001666666666666668
LU-corpus,128,Appliance,False,1.0,1.0,0.029166666666666678
LU-corpus,129,Appliance,False,1.0,1.0,0.011666666666666678
LU-corpus,130,Appliance,False,1.0,1.0,0.005833333333333339
LU-corpus,131,Appliance,False,1.0,1.0,0.01916666666666667
LU-corpus,132,Appliance,False,1.0,1.0,0.0074999999999999884
LU-corpus,133,Appliance,False,1.0,1.0,0.007500000000000007
LU-corpus,134,Appliance,False,1.0,1.0,0.03
LU-corpus,135,Appliance,False,1.0,1.0,0.0
LU-corpus,136,Shower,False,-1.0,0.0,0.08083333333333334
LU-corpus,137,Shower,False,0.33333333333333337,1.0,0.10333333333333333
LU-corpus,138,Shower,False,0.33333333333333337,0.0,0.05833333333333333
LU-corpus,139,Shower,False,1.0,1.0,0.0
LU-corpus,140,Shower,False,1.0,1.0,0.065
LU-corpus,141,Shower,False,1.0,1.0,0.0
LU-corpus,142,Shower,False,-0.33333333333333337,0.0,0.05083333333333332
LU-corpus,143,Shower,False,0.33333333333333337,0.0,0.06666666666666668
LU-corpus,144,Shower,False,1.0,1.0,0.016666666666666666
LU-corpus,145,Shower,False,1.0,1.0,0.0
LU-corpus,146,Shower,False,1.0,1.0,0.0
LU-corpus,147,Shower,False,1.0,1.0,0.0
LU-corpus,148,Shower,False,1.0,1.0,0.0
LU-corpus,149,Shower,False,1.0,1.0,0.0
LU-corpus,150,Shower,False,1.0,1.0,0.0
LU-corpus,151,Shower,False,1.0,1.0,0.006666666666666667
LU-corpus,152,Shower,False,1.0,1.0,0.0
LU-corpus,153,Shower,False,1.0,1.0,0.030833333333333334
LU-corpus,154,Shower,False,1.0,1.0,0.06583333333333334
LU-corpus,155,Shower,False,1.0,1.0,0.050833333333333335
LU-corpus,156,Shower,False,1.0,1.0,0.0625
LU-corpus,157,Shower,False,1.0,1.0,0.021666666666666667
LU-corpus,158,Shower,False,1.0,1.0,0.0
LU-corpus,159,Shower,False,1.0,1.0,0.0
LU-corpus,160,Shower,False,1.0,1.0,0.04416666666666668
LU-corpus,161,Shower,False,1.0,1.0,0.0
LU-corpus,162,Shower,False,1.0,1.0,0.0
LU-corpus,163,Shower,False,1.0,1.0,0.0
LU-corpus,164,Shower,False,1.0,1.0,0.0
LU-corpus,165,Shower,False,1.0,1.0,0.0
LU-corpus,166,Shower,False,1.0,1.0,0.04083333333333333
LU-corpus,167,Shower,False,1.0,1.0,0.041666666666666664
LU-corpus,168,Shower,False,1.0,1.0,0.04083333333333333
LU-corpus,169,Shower,False,1.0,1.0,0.024999999999999998
LU-corpus,170,Shower,False,1.0,1.0,0.0
LU-corpus,171,Shower,False,1.0,1.0,0.0
LU-corpus,172,Shower,False,1.0,1.0,0.06416666666666666
LU-corpus,173,Shower,False,1.0,1.0,0.0
LU-corpus,174,Shower,False,1.0,1.0,0.0
LU-corpus,175,Shower,False,1.0,1.0,0.0
LU-corpus,176,Shower,False,1.0,1.0,0.0
LU-corpus,177,Shower,False,1.0,1.0,0.0
LU-corpus,178,Shower,False,1.0,1.0,0.0
LU-corpus,179,Shower,False,1.0,1.0,0.0
LU-corpus,180,Shower,False,1.0,1.0,0.07416666666666667
LU-corpus,181,Shower,False,1.0,1.0,0.04666666666666667
LU-corpus,182,Shower,False,1.0,1.0,0.0
LU-corpus,183,Shower,False,1.0,1.0,0.0
LU-corpus,184,Shower,False,1.0,1.0,0.06583333333333334
LU-corpus,185,Shower,False,1.0,1.0,0.0
LU-corpus,186,Shower,False,1.0,1.0,0.029166666666666664
LU-corpus,187,Shower,False,1.0,1.0,0.0
LU-corpus,188,Shower,False,1.0,1.0,0.0
LU-corpus,189,Shower,False,1.0,1.0,0.0
LU-corpus,190,Shower,False,1.0,1.0,0.0
LU-corpus,191,Shower,False,1.0,1.0,0.0
LU-corpus,192,Shower,False,1.0,1.0,0.0
LU-corpus,193,Shower,False,-1.0,0.0,0.08833333333333332
LU-corpus,194,Shower,False,1.0,1.0,0.04416666666666667
LU-corpus,195,Shower,False,1.0,1.0,0.0
LU[gpm std=2.75],1,HVAC,False,1.0,1.0,0.04250000000000002
LU[gpm std=2.75],2,HVAC,False,1.0,1.0,0.027499999999999986
LU[gpm std=2.75],3,HVAC,False,1.0,1.0,0.04749999999999999
LU[gpm std=2.75],4,HVAC,False,1.0,1.0,0.03333333333333335
LU[gpm std=2.75],5,HVAC,False,0.33333333333333337,1.0,0.021666666666666685
LU[gpm std=2.75],6,HVAC,False,1.0,1.0,0.0
LU[gpm std=2.75],7,HVAC,False,1.0,1.0,0.03416666666666665
LU[gpm std=2.75],8,HVAC,False,1.0,1.0,0.045833333333333316
LU[gpm std=2.75],9,HVAC,False,1.0,1.0,0.026666666666666672
LU[gpm std=2.75],10,HVAC,False,1.0,1.0,0.0050000000000000044
LU[gpm std=2.75],11,HVAC,False,1.0,1.0,0.01833333333333334
LU[gpm std=2.75],12,HVAC,False,1.0,1.0,0.01999999999999998
LU[gpm std=2.75],13,HVAC,False,1.0,1.0,0.04749999999999996
LU[gpm std=2.75],14,HVAC,False,1.0,1.0,0.028333333333333283
LU[gpm std=2.75],15,HVAC,False,1.0,1.0,0.03416666666666667
LU[gpm std=2.75],16,HVAC,False,1.0,1.0,0.03083333333333334
LU[gpm std=2.75],17,HVAC,False,1.0,1.0,0.026666666666666672
LU[gpm std=2.75],18,HVAC,False,1.0,1.0,0.020833333333333353
LU[gpm std=2.75],19,HVAC,False,1.0,1.0,0.047499999999999994
LU[gpm std=2.75],20,HVAC,False,1.0,1.0,0.01833333333333333
LU[gpm std=2.75],21,HVAC,False,1.0,1.0,0.014999999999999994
LU[gpm std=2.75],22,HVAC,False,1.0,1.0,0.018333333333333326
LU[gpm std=2.75],23,HVAC,False,1.0,1.0,0.03416666666666668
LU[gpm std=2.75],24,HVAC,False,1.0,1.0,0.04416666666666666
LU[gpm std=2.75],25,HVAC,False,1.0,1.0,0.060000000000000005
LU[gpm std=2.75],26,HVAC,False,1.0,1.0,0.02416666666666667
LU[gpm std=2.75],27,HVAC,False,1.0,1.0,0.055833333333333325
LU[gpm std=2.75],28,HVAC,False,1.0,1.0,0.0
LU[gpm std=2.75],29,HVAC,False,1.0,1.0,0.0050000000000000044
LU[gpm std=2.75],30,HVAC,False,1.0,1.0,0.004166666666666652
LU[gpm std=2.75],31,HVAC,False,1.0,1.0,0.04166666666666668
LU[gpm std=2.75],32,HVAC,False,1.0,1.0,0.012500000000000002
LU[gpm std=2.75],33,HVAC,False,1.0,1.0,0.08166666666666665
LU[gpm std=2.75],34,HVAC,False,1.0,1.0,0.035833333333333335
LU[gpm std=2.75],35,HVAC,False,1.0,1.0,0.014166666666666662
LU[gpm std=2.75],36,HVAC,False,1.0,1.0,0.010000000000000009
LU[gpm std=2.75],37,HVAC,False,1.0,1.0,0.030000000000000013
LU[gpm std=2.75],38,HVAC,False,1.0,1.0,0.0025000000000000022
LU[gpm std=2.75],39,HVAC,False,1.0,1.0,0.001666666666666668
LU[gpm std=2.75],40,HVAC,False,1.0,1.0,0.02416666666666668
LU[gpm std=2.75],41,HVAC,False,1.0,1.0,0.0024999999999999974
LU[gpm std=2.75],42,HVAC,False,1.0,1.0,0.008333333333333337
LU[gpm std=2.75],43,HVAC,False,1.0,1.0,0.04249999999999998
LU[gpm std=2.75],44,HVAC,False,1.0,1.0,0.01666666666666668
LU[gpm std=2.75],45,HVAC,False,1.0,1.0,0.05166666666666667
LU[gpm std=2.75],46,HVAC,False,1.0,1.0,0.011666666666666659
LU[gpm std=2.75],47,HVAC,False,1.0,1.0,0.04
LU[gpm std=2.75],48,HVAC,False,1.0,1.0,0.07416666666666667
LU[gpm std=2.75],49,HVAC,False,1.0,1.0,0.021666666666666667
LU[gpm std=2.75],50,HVAC,False,1.0,1.0,0.10083333333333333
LU[gpm std=2.75],51,HVAC,False,1.0,1.0,0.007500000000000007
LU[gpm std=2.75],52,HVAC,False,1.0,1.0,0.010000000000000009
LU[gpm std=2.75],53,HVAC,False,1.0,1.0,0.03249999999999998
LU[gpm std=2.75],54,HVAC,False,0.33333333333333337,0.0,0.020000000000000018
LU[gpm std=2.75],55,HVAC,False,1.0,1.0,0.03166666666666667
LU[gpm std=2.75],56,HVAC,False,0.33333333333333337,0.0,0.030000000000000016
LU[gpm std=2.75],57,HVAC,False,1.0,1.0,0.07916666666666666
LU[gpm std=2.75],58,HVAC,False,1.0,1.0,0.05916666666666667
LU[gpm std=2.75],59,HVAC,False,1.0,1.0,0.04083333333333331
LU[gpm std=2.75],60,HVAC,False,1.0,1.0,0.012499999999999983
LU[gpm std=2.75],61,HVAC,False,1.0,1.0,0.034999999999999996
LU[gpm std=2.75],62,HVAC,False,1.0,1.0,0.03333333333333333
LU[gpm std=2.75],63,HVAC,False,1.0,1.0,0.03166666666666668
LU[gpm std=2.75],64,HVAC,False,1.0,1.0,0.013333333333333327
LU[gpm std=2.75],65,HVAC,False,1.0,1.0,0.01999999999999999
LU[gpm std=2.75],66,HVAC,False,1.0,1.0,0.0033333333333333353
LU[gpm std=2.75],67,HVAC,False,1.0,1.0,0.018333333333333326
LU[gpm std=2.75],68,HVAC,False,1.0,1.0,0.0050000000000000044
LU[gpm std=2.75],69,HVAC,False,1.0,1.0,0.013333333333333327
LU[gpm std=2.75],70,HVAC,False,1.0,1.0,0.0775
LU[gpm std=2.75],71,Appliance,False,1.0,1.0,0.009999999999999981
LU[gpm std=2.75],72,Appliance,False,1.0,1.0,0.1416666666666667
LU[gpm std=2.75],73,Appliance,False,1.0,1.0,0.04250000000000002
LU[gpm std=2.75],74,Appliance,False,1.0,1.0,0.030833333333333324
LU[gpm std=2.75],75,Appliance,False,0.33333333333333337,1.0,0.17833333333333334
LU[gpm std=2.75],76,Appliance,False,1.0,1.0,0.015000000000000013
LU[gpm std=2.75],77,Appliance,False,0.33333333333333337,1.0,0.08916666666666666
LU[gpm std=2.75],78,Appliance,False,1.0,1.0,0.05583333333333334
LU[gpm std=2.75],79,Appliance,False,1.0,1.0,0.09000000000000002
LU[gpm std=2.75],80,Appliance,False,1.0,1.0,0.005833333333333339
LU[gpm std=2.75],81,Appliance,False,1.0,1.0,0.005833333333333339
LU[gpm std=2.75],82,Appliance,False,1.0,1.0,0.020833333333333315
LU[gpm std=2.75],83,Appliance,False,1.0,1.0,0.13249999999999998
LU[gpm std=2.75],84,Appliance,False,1.0,1.0,0.10999999999999999
LU[gpm std=2.75],85,Appliance,False,1.0,1.0,0.0050000000000000044
LU[gpm std=2.75],86,Appliance,False,1.0,1.0,0.0675
LU[gpm std=2.75],87,Appliance,False,1.0,1.0,0.020833333333333325
LU[gpm std=2.75],88,Appliance,False,1.0,1.0,0.16833333333333333
LU[gpm std=2.75],89,Appliance,False,1.0,1.0,0.032499999999999994
LU[gpm std=2.75],90,Appliance,False,1.0,1.0,0.005833333333333339
LU[gpm std=2.75],91,Appliance,False,1.0,1.0,0.022499999999999992
LU[gpm std=2.75],92,Appliance,False,1.0,1.0,0.1725
LU[gpm std=2.75],93,Appliance,False,0.33333333333333337,1.0,0.13499999999999998
LU[gpm std=2.75],94,Appliance,False,1.0,1.0,0.006666666666666672
LU[gpm std=2.75],95,Appliance,False,1.0,1.0,0.11666666666666668
LU[gpm std=2.75],96,Appliance,False,1.0,1.0,0.019999999999999962
LU[gpm std=2.75],97,Appliance,False,1.0,1.0,0.135
LU[gpm std=2.75],98,Appliance,False,1.0,1.0,0.18416666666666667
LU[gpm std=2.75],99,Appliance,False,1.0,1.0,0.0050000000000000044
LU[gpm std=2.75],100,Appliance,False,1.0,1.0,0.019166666666666655
LU[gpm std=2.75],101,Appliance,False,1.0,1.0,0.17
LU[gpm std=2.75],102,Appliance,False,1.0,1.0,0.04833333333333332
LU[gpm std=2.75],103,Appliance,False,1.0,1.0,0.01833333333333335
LU[gpm std=2.75],104,Appliance,False,1.0,1.0,0.00416666666666667
LU[gpm std=2.75],105,Appliance,False,1.0,1.0,0.07083333333333335
LU[gpm std=2.75],106,Appliance,False,1.0,1.0,0.03
LU[gpm std=2.75],107,Appliance,False,1.0,1.0,0.07666666666666667
LU[gpm std=2.75],108,Appliance,False,1.0,1.0,0.01166666666666665
LU[gpm std=2.75],109,Appliance,False,1.0,1.0,0.020833333333333315
LU[gpm std=2.75],110,Appliance,False,1.0,1.0,0.1583333333333333
LU[gpm std=2.75],111,Appliance,False,0.33333333333333337,1.0,0.034166666666666685
LU[gpm std=2.75],112,Appliance,False,1.0,1.0,0.03916666666666665
LU[gpm std=2.75],113,Appliance,False,1.0,1.0,0.03166666666666667
LU[gpm std=2.75],114,Appliance,False,1.0,1.0,0.019999999999999962
LU[gpm std=2.75],115,Appliance,False,1.0,1.0,0.005833333333333339
LU[gpm std=2.75],116,Appliance,False,1.0,1.0,0.03249999999999997
LU[gpm std=2.75],117,Appliance,False,1.0,1.0,0.10833333333333332
LU[gpm std=2.75],118,Appliance,False,1.0,1.0,0.019166666666666648
LU[gpm std=2.75],119,Appliance,False,1.0,1.0,0.02416666666666666
LU[gpm std=2.75],120,Appliance,False,1.0,1.0,0.10833333333333334
LU[gpm std=2.75],121,Appliance,False,1.0,1.0,0.027500000000000024
LU[gpm std=2.75],122,Appliance,False,1.0,1.0,0.06833333333333334
LU[gpm std=2.75],123,Appliance,False,1.0,1.0,0.013333333333333345
LU[gpm std=2.75],124,Appliance,False,1.0,1.0,0.07833333333333332
LU[gpm std=2.75],125,Appliance,False,1.0,1.0,0.0341666666666667
LU[gpm std=2.75],126,Appliance,False,1.0,1.0,0.007499999999999997
LU[gpm std=2.75],127,Appliance,False,1.0,1.0,0.019166666666666655
LU[gpm std=2.75],128,Appliance,False,1.0,1.0,0.07916666666666668
LU[gpm std=2.75],129,Appliance,False,1.0,1.0,0.02833333333333336
LU[gpm std=2.75],130,Appliance,False,1.0,1.0,0.013333333333333308
LU[gpm std=2.75],131,Appliance,False,1.0,1.0,0.10083333333333333
LU[gpm std=2.75],132,Appliance,False,1.0,1.0,0.018333333333333302
LU[gpm std=2.75],133,Appliance,False,1.0,1.0,0.030833333333333324
LU[gpm std=2.75],134,Appliance,False,1.0,1.0,0.06916666666666667
LU[gpm std=2.75],135,Appliance,False,1.0,1.0,0.013333333333333345
LU[gpm std=2.75],136,Shower,False,1.0,1.0,0.04750000000000001
LU[gpm std=2.75],137,Shower,False,1.0,1.0,0.041666666666666664
LU[gpm std=2.75],138,Shower,False,1.0,1.0,0.0
LU[gpm std=2.75],139,Shower,False,0.33333333333333337,0.0,0.045000000000000005
LU[gpm std=2.75],140,Shower,False,1.0,1.0,0.023333333333333334
LU[gpm std=2.75],141,Shower,False,1.0,1.0,0.060833333333333316
LU[gpm std=2.75],142,Shower,False,1.0,1.0,0.0
LU[gpm std=2.75],143,Shower,False,1.0,1.0,0.0
LU[gpm std=2.75],144,Shower,False,1.0,1.0,0.04
LU[gpm std=2.75],145,Shower,False,1.0,1.0,0.02583333333333333
LU[gpm std=2.75],146,Shower,False,1.0,1.0,0.025833333333333333
LU[gpm std=2.75],147,Shower,False,1.0,1.0,0.055833333333333325
LU[gpm std=2.75],148,Shower,False,1.0,1.0,0.025833333333333323
LU[gpm std=2.75],149,Shower,False,1.0,1.0,0.03166666666666667
LU[gpm std=2.75],150,Shower,False,1.0,1.0,0.030833333333333338
LU[gpm std=2.75],151,Shower,False,1.0,1.0,0.0
LU[gpm std=2.75],152,Shower,False,1.0,1.0,0.06916666666666667
LU[gpm std=2.75],153,Shower,False,1.0,1.0,0.0
LU[gpm std=2.75],154,Shower,False,0.33333333333333337,0.0,0.08
LU[gpm std=2.75],155,Shower,False,1.0,1.0,0.06666666666666667
LU[gpm std=2.75],156,Shower,False,1.0,1.0,0.031666666666666655
LU[gpm std=2.75],157,Shower,False,1.0,1.0,0.047499999999999994
LU[gpm std=2.75],158,Shower,False,1.0,1.0,0.03833333333333332
LU[gpm std=2.75],159,Shower,False,1.0,1.0,0.04083333333333333
LU[gpm std=2.75],160,Shower,False,1.0,1.0,0.011666666666666665
LU[gpm std=2.75],161,Shower,False,0.33333333333333337,0.0,0.07416666666666666
LU[gpm std=2.75],162,Shower,False,1.0,1.0,0.022500000000000003
LU[gpm std=2.75],163,Shower,False,1.0,1.0,0.07749999999999999
LU[gpm std=2.75],164,Shower,False,1.0,1.0,0.02583333333333333
LU[gpm std=2.75],165,Shower,False,1.0,1.0,0.08583333333333333
LU[gpm std=2.75],166,Shower,False,1.0,1.0,0.11583333333333333
LU[gpm std=2.75],167,Shower,False,1.0,1.0,0.06833333333333334
LU[gpm std=2.75],168,Shower,False,1.0,1.0,0.11416666666666665
LU[gpm std=2.75],169,Shower,False,1.0,1.0,0.04999999999999999
LU[gpm std=2.75],170,Shower,False,1.0,1.0,0.04249999999999998
LU[gpm std=2.75],171,Shower,False,1.0,1.0,0.03000000000000001
LU[gpm std=2.75],172,Shower,False,1.0,1.0,0.032499999999999994
LU[gpm std=2.75],173,Shower,False,1.0,1.0,0.030000000000000013
LU[gpm std=2.75],174,Shower,False,1.0,1.0,0.06416666666666665
LU[gpm std=2.75],175,Shower,False,1.0,1.0,0.03083333333333334
LU[gpm std=2.75],176,Shower,False,1.0,1.0,0.028333333333333335
LU[gpm std=2.75],177,Shower,False,0.33333333333333337,0.0,0.08
LU[gpm std=2.75],178,Shower,False,1.0,1.0,0.028333333333333335
LU[gpm std=2.75],179,Shower,False,1.0,1.0,0.02333333333333334
LU[gpm std=2.75],180,Shower,False,1.0,1.0,0.04999999999999999
LU[gpm std=2.75],181,Shower,False,1.0,1.0,0.0
LU[gpm std=2.75],182,Shower,False,0.33333333333333337,1.0,0.0375
LU[gpm std=2.75],183,Shower,False,1.0,1.0,0.021666666666666667
LU[gpm std=2.75],184,Shower,False,0.33333333333333337,0.0,0.11916666666666664
LU[gpm std=2.75],185,Shower,False,1.0,1.0,0.025833333333333323
LU[gpm std=2.75],186,Shower,False,1.0,1.0,0.025000000000000012
LU[gpm std=2.75],187,Shower,False,1.0,1.0,0.03083333333333334
LU[gpm std=2.75],188,Shower,False,0.33333333333333337,0.0,0.08
LU[gpm std=2.75],189,Shower,False,0.33333333333333337,1.0,0.026666666666666655
LU[gpm std=2.75],190,Shower,False,1.0,1.0,0.015833333333333338
LU[gpm std=2.75],191,Shower,False,1.0,1.0,0.014999999999999994
LU[gpm std=2.75],192,Shower,False,-0.33333333333333337,0.0,0.027499999999999986
LU[gpm std=2.75],193,Shower,False,0.33333333333333337,0.0,0.04333333333333333
LU[gpm std=2.75],194,Shower,False,-0.33333333333333337,0.0,0.08833333333333333
LU[gpm std=2.75],195,Shower,False,-1.0,0.0,0.03250000000000001
LU[gpm high=3.5],1,HVAC,False,1.0,1.0,0.04250000000000002
LU[gpm high=3.5],2,HVAC,False,1.0,1.0,0.027499999999999986
LU[gpm high=3.5],3,HVAC,False,1.0,1.0,0.04749999999999999
LU[gpm high=3.5],4,HVAC,False,1.0,1.0,0.03333333333333335
LU[gpm high=3.5],5,HVAC,False,0.33333333333333337,1.0,0.021666666666666685
LU[gpm high=3.5],6,HVAC,False,1.0,1.0,0.0
LU[gpm high=3.5],7,HVAC,False,1.0,1.0,0.03416666666666665
LU[gpm high=3.5],8,HVAC,False,1.0,1.0,0.045833333333333316
LU[gpm high=3.5],9,HVAC,False,1.0,1.0,0.026666666666666672
LU[gpm high=3.5],10,HVAC,False,1.0,1.0,0.0050000000000000044
LU[gpm high=3.5],11,HVAC,False,1.0,1.0,0.01833333333333334
LU[gpm high=3.5],12,HVAC,False,1.0,1.0,0.01999999999999998
LU[gpm high=3.5],13,HVAC,False,1.0,1.0,0.04749999999999996
LU[gpm high=3.5],14,HVAC,False,1.0,1.0,0.028333333333333283
LU[gpm high=3.5],15,HVAC,False,1.0,1.0,0.03416666666666667
LU[gpm high=3.5],16,HVAC,False,1.0,1.0,0.03083333333333334
LU[gpm high=3.5],17,HVAC,False,1.0,1.0,0.026666666666666672
LU[gpm high=3.5],18,HVAC,False,1.0,1.0,0.020833333333333353
LU[gpm high=3.5],19,HVAC,False,1.0,1.0,0.047499999999999994
LU[gpm high=3.5],20,HVAC,False,1.0,1.0,0.01833333333333333
LU[gpm high=3.5],21,HVAC,False,1.0,1.0,0.014999999999999994
LU[gpm high=3.5],22,HVAC,False,1.0,1.0,0.018333333333333326
LU[gpm high=3.5],23,HVAC,False,1.0,1.0,0.03416666666666668
LU[gpm high=3.5],24,HVAC,False,1.0,1.0,0.04416666666666666
LU[gpm high=3.5],25,HVAC,False,1.0,1.0,0.060000000000000005
LU[gpm high=3.5],26,HVAC,False,1.0,1.0,0.02416666666666667
LU[gpm high=3.5],27,HVAC,False,1.0,1.0,0.055833333333333325
LU[gpm high=3.5],28,HVAC,False,1.0,1.0,0.0
LU[gpm high=3.5],29,HVAC,False,1.0,1.0,0.0050000000000000044
LU[gpm high=3.5],30,HVAC,False,1.0,1.0,0.004166666666666652
LU[gpm high=3.5],31,HVAC,False,1.0,1.0,0.04166666666666668
LU[gpm high=3.5],32,HVAC,False,1.0,1.0,0.012500000000000002
LU[gpm high=3.5],33,HVAC,False,1.0,1.0,0.08166666666666665
LU[gpm high=3.5],34,HVAC,False,1.0,1.0,0.035833333333333335
LU[gpm high=3.5],35,HVAC,False,1.0,1.0,0.014166666666666662
LU[gpm high=3.5],36,HVAC,False,1.0,1.0,0.010000000000000009
LU[gpm high=3.5],37,HVAC,False,1.0,1.0,0.030000000000000013
LU[gpm high=3.5],38,HVAC,False,1.0,1.0,0.0025000000000000022
LU[gpm high=3.5],39,HVAC,False,1.0,1.0,0.001666666666666668
LU[gpm high=3.5],40,HVAC,False,1.0,1.0,0.02416666666666668
LU[gpm high=3.5],41,HVAC,False,1.0,1.0,0.0024999999999999974
LU[gpm high=3.5],42,HVAC,False,1.0,1.0,0.008333333333333337
LU[gpm high=3.5],43,HVAC,False,1.0,1.0,0.04249999999999998
LU[gpm high=3.5],44,HVAC,False,1.0,1.0,0.01666666666666668
LU[gpm high=3.5],45,HVAC,False,1.0,1.0,0.05166666666666667
LU[gpm high=3.5],46,HVAC,False,1.0,1.0,0.011666666666666659
LU[gpm high=3.5],47,HVAC,False,1.0,1.0,0.04
LU[gpm high=3.5],48,HVAC,False,1.0,1.0,0.07416666666666667
LU[gpm high=3.5],49,HVAC,False,1.0,1.0,0.021666666666666667
LU[gpm high=3.5],50,HVAC,False,1.0,1.0,0.10083333333333333
LU[gpm high=3.5],51,HVAC,False,1.0,1.0,0.007500000000000007
LU[gpm high=3.5],52,HVAC,False,1.0,1.0,0.010000000000000009
LU[gpm high=3.5],53,HVAC,False,1.0,1.0,0.03249999999999998
LU[gpm high=3.5],54,HVAC,False,0.33333333333333337,0.0,0.020000000000000018
LU[gpm high=3.5],55,HVAC,False,1.0,1.0,0.03166666666666667
LU[gpm high=3.5],56,HVAC,False,0.33333333333333337,0.0,0.030000000000000016
LU[gpm high=3.5],57,HVAC,False,1.0,1.0,0.07916666666666666
LU[gpm high=3.5],58,HVAC,False,1.0,1.0,0.05916666666666667
LU[gpm high=3.5],59,HVAC,False,1.0,1.0,0.04083333333333331
LU[gpm high=3.5],60,HVAC,False,1.0,1.0,0.012499999999999983
LU[gpm high=3.5],61,HVAC,False,1.0,1.0,0.034999999999999996
LU[gpm high=3.5],62,HVAC,False,1.0,1.0,0.03333333333333333
LU[gpm high=3.5],63,HVAC,False,1.0,1.0,0.03166666666666668
LU[gpm high=3.5],64,HVAC,False,1.0,1.0,0.013333333333333327
LU[gpm high=3.5],65,HVAC,False,1.0,1.0,0.01999999999999999
LU[gpm high=3.5],66,HVAC,False,1.0,1.0,0.0033333333333333353
LU[gpm high=3.5],67,HVAC,False,1.0,1.0,0.018333333333333326
LU[gpm high=3.5],68,HVAC,False,1.0,1.0,0.0050000000000000044
LU[gpm high=3.5],69,HVAC,False,1.0,1.0,0.013333333333333327
LU[gpm high=3.5],70,HVAC,False,1.0,1.0,0.0775
LU[gpm high=3.5],71,Appliance,False,1.0,1.0,0.009999999999999981
LU[gpm high=3.5],72,Appliance,False,1.0,1.0,0.1416666666666667
LU[gpm high=3.5],73,Appliance,False,1.0,1.0,0.04250000000000002
LU[gpm high=3.5],74,Appliance,False,1.0,1.0,0.030833333333333324
LU[gpm high=3.5],75,Appliance,False,0.33333333333333337,1.0,0.17833333333333334
LU[gpm high=3.5],76,Appliance,False,1.0,1.0,0.015000000000000013
LU[gpm high=3.5],77,Appliance,False,0.33333333333333337,1.0,0.08916666666666666
LU[gpm high=3.5],78,Appliance,False,1.0,1.0,0.05583333333333334
LU[gpm high=3.5],79,Appliance,False,1.0,1.0,0.09000000000000002
LU[gpm high=3.5],80,Appliance,False,1.0,1.0,0.005833333333333339
LU[gpm high=3.5],81,Appliance,False,1.0,1.0,0.005833333333333339
LU[gpm high=3.5],82,Appliance,False,1.0,1.0,0.020833333333333315
LU[gpm high=3.5],83,Appliance,False,1.0,1.0,0.13249999999999998
LU[gpm high=3.5],84,Appliance,False,1.0,1.0,0.10999999999999999
LU[gpm high=3.5],85,Appliance,False,1.0,1.0,0.0050000000000000044
LU[gpm high=3.5],86,Appliance,False,1.0,1.0,0.0675
LU[gpm high=3.5],87,Appliance,False,1.0,1.0,0.020833333333333325
LU[gpm high=3.5],88,Appliance,False,1.0,1.0,0.16833333333333333
LU[gpm high=3.5],89,Appliance,False,1.0,1.0,0.032499999999999994
LU[gpm high=3.5],90,Appliance,False,1.0,1.0,0.005833333333333339
LU[gpm high=3.5],91,Appliance,False,1.0,1.0,0.022499999999999992
LU[gpm high=3.5],92,Appliance,False,1.0,1.0,0.1725
LU[gpm high=3.5],93,Appliance,False,0.33333333333333337,1.0,0.13499999999999998
LU[gpm high=3.5],94,Appliance,False,1.0,1.0,0.006666666666666672
LU[gpm high=3.5],95,Appliance,False,1.0,1.0,0.11666666666666668
LU[gpm high=3.5],96,Appliance,False,1.0,1.0,0.019999999999999962
LU[gpm high=3.5],97,Appliance,False,1.0,1.0,0.135
LU[gpm high=3.5],98,Appliance,False,1.0,1.0,0.18416666666666667
LU[gpm high=3.5],99,Appliance,False,1.0,1.0,0.0050000000000000044
LU[gpm high=3.5],100,Appliance,False,1.0,1.0,0.019166666666666655
LU[gpm high=3.5],101,Appliance,False,1.0,1.0,0.17
LU[gpm high=3.5],102,Appliance,False,1.0,1.0,0.04833333333333332
LU[gpm high=3.5],103,Appliance,False,1.0,1.0,0.01833333333333335
LU[gpm high=3.5],104,Appliance,False,1.0,1.0,0.00416666666666667
LU[gpm high=3.5],105,Appliance,False,1.0,1.0,0.07083333333333335
LU[gpm high=3.5],106,Appliance,False,1.0,1.0,0.03
LU[gpm high=3.5],107,Appliance,False,1.0,1.0,0.07666666666666667
LU[gpm high=3.5],108,Appliance,False,1.0,1.0,0.01166666666666665
LU[gpm high=3.5],109,Appliance,False,1.0,1.0,0.020833333333333315
LU[gpm high=3.5],110,Appliance,False,1.0,1.0,0.1583333333333333
LU[gpm high=3.5],111,Appliance,False,0.33333333333333337,1.0,0.034166666666666685
LU[gpm high=3.5],112,Appliance,False,1.0,1.0,0.03916666666666665
LU[gpm high=3.5],113,Appliance,False,1.0,1.0,0.03166666666666667
LU[gpm high=3.5],114,Appliance,False,1.0,1.0,0.019999999999999962
LU[gpm high=3.5],115,Appliance,False,1.0,1.0,0.005833333333333339
LU[gpm high=3.5],116,Appliance,False,1.0,1.0,0.03249999999999997
LU[gpm high=3.5],117,Appliance,False,1.0,1.0,0.10833333333333332
LU[gpm high=3.5],118,Appliance,False,1.0,1.0,0.019166666666666648
LU[gpm high=3.5],119,Appliance,False,1.0,1.0,0.02416666666666666
LU[gpm high=3.5],120,Appliance,False,1.0,1.0,0.10833333333333334
LU[gpm high=3.5],121,Appliance,False,1.0,1.0,0.027500000000000024
LU[gpm high=3.5],122,Appliance,False,1.0,1.0,0.06833333333333334
LU[gpm high=3.5],123,Appliance,False,1.0,1.0,0.013333333333333345
LU[gpm high=3.5],124,Appliance,False,1.0,1.0,0.07833333333333332
LU[gpm high=3.5],125,Appliance,False,1.0,1.0,0.0341666666666667
LU[gpm high=3.5],126,Appliance,False,1.0,1.0,0.007499999999999997
LU[gpm high=3.5],127,Appliance,False,1.0,1.0,0.019166666666666655
LU[gpm high=3.5],128,Appliance,False,1.0,1.0,0.07916666666666668
LU[gpm high=3.5],129,Appliance,False,1.0,1.0,0.02833333333333336
LU[gpm high=3.5],130,Appliance,False,1.0,1.0,0.013333333333333308
LU[gpm high=3.5],131,Appliance,False,1.0,1.0,0.10083333333333333
LU[gpm high=3.5],132,Appliance,False,1.0,1.0,0.018333333333333302
LU[gpm high=3.5],133,Appliance,False,1.0,1.0,0.030833333333333324
LU[gpm high=3.5],134,Appliance,False,1.0,1.0,0.06916666666666667
LU[gpm high=3.5],135,Appliance,False,1.0,1.0,0.013333333333333345
LU[gpm high=3.5],136,Shower,False,1.0,1.0,0.04750000000000001
LU[gpm high=3.5],137,Shower,False,1.0,1.0,0.041666666666666664
LU[gpm high=3.5],138,Shower,False,1.0,1.0,0.0
LU[gpm high=3.5],139,Shower,False,1.0,1.0,0.023333333333333334
LU[gpm high=3.5],140,Shower,False,1.0,1.0,0.023333333333333334
LU[gpm high=3.5],141,Shower,False,1.0,1.0,0.029166666666666664
LU[gpm high=3.5],142,Shower,False,1.0,1.0,0.0
LU[gpm high=3.5],143,Shower,False,1.0,1.0,0.0
LU[gpm high=3.5],144,Shower,False,1.0,1.0,0.016666666666666666
LU[gpm high=3.5],145,Shower,False,1.0,1.0,0.0
LU[gpm high=3.5],146,Shower,False,1.0,1.0,0.0
LU[gpm high=3.5],147,Shower,False,1.0,1.0,0.029166666666666664
LU[gpm high=3.5],148,Shower,False,1.0,1.0,0.0
LU[gpm high=3.5],149,Shower,False,1.0,1.0,0.0
LU[gpm high=3.5],150,Shower,False,1.0,1.0,0.0
LU[gpm high=3.5],151,Shower,False,1.0,1.0,0.006666666666666667
LU[gpm high=3.5],152,Shower,False,1.0,1.0,0.06916666666666667
LU[gpm high=3.5],153,Shower,False,1.0,1.0,0.030833333333333334
LU[gpm high=3.5],154,Shower,False,0.33333333333333337,0.0,0.08
LU[gpm high=3.5],155,Shower,False,1.0,1.0,0.050833333333333335
LU[gpm high=3.5],156,Shower,False,1.0,1.0,0.0625
LU[gpm high=3.5],157,Shower,False,1.0,1.0,0.047499999999999994
LU[gpm high=3.5],158,Shower,False,1.0,1.0,0.0
LU[gpm high=3.5],159,Shower,False,1.0,1.0,0.0275
LU[gpm high=3.5],160,Shower,False,1.0,1.0,0.055833333333333346
LU[gpm high=3.5],161,Shower,False,0.33333333333333337,0.0,0.07416666666666666
LU[gpm high=3.5],162,Shower,False,1.0,1.0,0.023333333333333334
LU[gpm high=3.5],163,Shower,False,1.0,1.0,0.07749999999999999
LU[gpm high=3.5],164,Shower,False,1.0,1.0,0.0
LU[gpm high=3.5],165,Shower,False,1.0,1.0,0.08583333333333333
LU[gpm high=3.5],166,Shower,False,1.0,1.0,0.11583333333333333
LU[gpm high=3.5],167,Shower,False,1.0,1.0,0.041666666666666664
LU[gpm high=3.5],168,Shower,False,1.0,1.0,0.11416666666666665
LU[gpm high=3.5],169,Shower,False,1.0,1.0,0.024999999999999998
LU[gpm high=3.5],170,Shower,False,1.0,1.0,0.0
LU[gpm high=3.5],171,Shower,False,1.0,1.0,0.0
LU[gpm high=3.5],172,Shower,False,1.0,1.0,0.06416666666666666
LU[gpm high=3.5],173,Shower,False,1.0,1.0,0.0
LU[gpm high=3.5],174,Shower,False,1.0,1.0,0.06416666666666665
LU[gpm high=3.5],175,Shower,False,1.0,1.0,0.0
LU[gpm high=3.5],176,Shower,False,1.0,1.0,0.0
LU[gpm high=3.5],177,Shower,False,0.33333333333333337,0.0,0.08
LU[gpm high=3.5],178,Shower,False,1.0,1.0,0.0
LU[gpm high=3.5],179,Shower,False,1.0,1.0,0.0
LU[gpm high=3.5],180,Shower,False,1.0,1.0,0.09749999999999999
LU[gpm high=3.5],181,Shower,False,1.0,1.0,0.04666666666666667
LU[gpm high=3.5],182,Shower,False,0.33333333333333337,1.0,0.0375
LU[gpm high=3.5],183,Shower,False,1.0,1.0,0.0
LU[gpm high=3.5],184,Shower,False,0.33333333333333337,0.0,0.11916666666666664
LU[gpm high=3.5],185,Shower,False,1.0,1.0,0.0
LU[gpm high=3.5],186,Shower,False,1.0,1.0,0.0
LU[gpm high=3.5],187,Shower,False,1.0,1.0,0.0
LU[gpm high=3.5],188,Shower,False,0.33333333333333337,0.0,0.08
LU[gpm high=3.5],189,Shower,False,0.33333333333333337,1.0,0.026666666666666655
LU[gpm high=3.5],190,Shower,False,1.0,1.0,0.0
LU[gpm high=3.5],191,Shower,False,1.0,1.0,0.0
LU[gpm high=3.5],192,Shower,False,-0.33333333333333337,0.0,0.027499999999999986
LU[gpm high=3.5],193,Shower,False,0.33333333333333337,0.0,0.04333333333333333
LU[gpm high=3.5],194,Shower,False,-0.33333333333333337,0.0,0.08833333333333333
LU[gpm high=3.5],195,Shower,False,-1.0,0.0,0.03250000000000001
FD+r_mid,1,HVAC,False,1.0,1.0,0.009166666666666656
FD+r_mid,2,HVAC,False,1.0,1.0,0.009166666666666675
FD+r_mid,3,HVAC,False,1.0,1.0,0.05166666666666667
FD+r_mid,4,HVAC,False,1.0,1.0,0.04083333333333335
FD+r_mid,5,HVAC,False,1.0,1.0,0.024999999999999994
FD+r_mid,6,HVAC,False,1.0,1.0,0.075
FD+r_mid,7,HVAC,False,1.0,1.0,0.09166666666666663
FD+r_mid,8,HVAC,False,1.0,1.0,0.011666666666666659
FD+r_mid,9,HVAC,False,1.0,1.0,0.010000000000000009
FD+r_mid,10,HVAC,False,1.0,1.0,0.0025000000000000022
FD+r_mid,11,HVAC,False,1.0,1.0,0.06666666666666667
FD+r_mid,12,HVAC,False,1.0,1.0,0.054166666666666634
FD+r_mid,13,HVAC,False,1.0,1.0,0.11499999999999999
FD+r_mid,14,HVAC,False,1.0,1.0,0.05916666666666664
FD+r_mid,15,HVAC,False,1.0,1.0,0.08083333333333334
FD+r_mid,16,HVAC,False,1.0,1.0,0.08166666666666665
FD+r_mid,17,HVAC,False,1.0,1.0,0.07166666666666667
FD+r_mid,18,HVAC,False,1.0,1.0,0.05916666666666668
FD+r_mid,19,HVAC,False,1.0,1.0,0.04499999999999999
FD+r_mid,20,HVAC,False,1.0,1.0,0.0375
FD+r_mid,21,HVAC,False,1.0,1.0,0.014999999999999994
FD+r_mid,22,HVAC,False,1.0,1.0,0.02333333333333333
FD+r_mid,23,HVAC,False,1.0,1.0,0.03666666666666668
FD+r_mid,24,HVAC,False,1.0,1.0,0.021666666666666667
FD+r_mid,25,HVAC,False,1.0,1.0,0.03166666666666667
FD+r_mid,26,HVAC,False,1.0,1.0,0.04500000000000002
FD+r_mid,27,HVAC,False,1.0,1.0,0.07083333333333333
FD+r_mid,28,HVAC,False,0.33333333333333337,0.0,0.12583333333333332
FD+r_mid,29,HVAC,False,1.0,1.0,0.10166666666666664
FD+r_mid,30,HVAC,False,1.0,1.0,0.030833333333333313
FD+r_mid,31,HVAC,False,1.0,1.0,0.075
FD+r_mid,32,HVAC,False,1.0,1.0,0.09499999999999999
FD+r_mid,33,HVAC,False,1.0,1.0,0.08499999999999998
FD+r_mid,34,HVAC,False,1.0,1.0,0.04666666666666664
FD+r_mid,35,HVAC,False,1.0,1.0,0.01750000000000001
FD+r_mid,36,HVAC,False,1.0,1.0,0.010000000000000009
FD+r_mid,37,HVAC,False,1.0,1.0,0.04000000000000002
FD+r_mid,38,HVAC,False,1.0,1.0,0.0025000000000000022
FD+r_mid,39,HVAC,False,1.0,1.0,0.029166666666666674
FD+r_mid,40,HVAC,False,1.0,1.0,0.007500000000000007
FD+r_mid,41,HVAC,False,1.0,1.0,0.007500000000000002
FD+r_mid,42,HVAC,False,1.0,1.0,0.09583333333333334
FD+r_mid,43,HVAC,False,1.0,1.0,0.0375
FD+r_mid,44,HVAC,False,0.33333333333333337,0.0,0.04583333333333334
FD+r_mid,45,HVAC,False,1.0,1.0,0.16
FD+r_mid,46,HVAC,False,1.0,1.0,0.07416666666666666
FD+r_mid,47,HVAC,False,1.0,1.0,0.06833333333333332
FD+r_mid,48,HVAC,False,1.0,1.0,0.10583333333333333
FD+r_mid,49,HVAC,False,1.0,1.0,0.08916666666666666
FD+r_mid,50,HVAC,False,1.0,1.0,0.02083333333333331
FD+r_mid,51,HVAC,False,0.33333333333333337,0.0,0.14083333333333334
FD+r_mid,52,HVAC,False,1.0,1.0,0.010000000000000009
FD+r_mid,53,HVAC,False,1.0,1.0,0.02999999999999998
FD+r_mid,54,HVAC,False,1.0,1.0,0.003333333333333336
FD+r_mid,55,HVAC,False,1.0,1.0,0.04333333333333334
FD+r_mid,56,HVAC,False,0.33333333333333337,0.0,0.025000000000000022
FD+r_mid,57,HVAC,False,1.0,1.0,0.08666666666666667
FD+r_mid,58,HVAC,False,1.0,1.0,0.06333333333333332
FD+r_mid,59,HVAC,False,1.0,1.0,0.019166666666666676
FD+r_mid,60,HVAC,False,1.0,1.0,0.012499999999999983
FD+r_mid,61,HVAC,False,1.0,1.0,0.005833333333333339
FD+r_mid,62,HVAC,False,1.0,1.0,0.03333333333333335
FD+r_mid,63,HVAC,False,1.0,1.0,0.015833333333333335
FD+r_mid,64,HVAC,False,1.0,1.0,0.015833333333333328
FD+r_mid,65,HVAC,False,1.0,1.0,0.07666666666666665
FD+r_mid,66,HVAC,False,1.0,1.0,0.11416666666666668
FD+r_mid,67,HVAC,False,1.0,1.0,0.010000000000000009
FD+r_mid,68,HVAC,False,1.0,1.0,0.04333333333333334
FD+r_mid,69,HVAC,False,1.0,1.0,0.013333333333333327
FD+r_mid,70,HVAC,False,1.0,1.0,0.0675
FD+r_mid,71,Appliance,False,0.33333333333333337,0.0,0.13583333333333333
FD+r_mid,72,Appliance,False,1.0,1.0,0.1416666666666667
FD+r_mid,73,Appliance,False,0.33333333333333337,1.0,0.17000000000000004
FD+r_mid,74,Appliance,False,-1.0,0.0,0.21083333333333334
FD+r_mid,75,Appliance,False,1.0,1.0,0.23083333333333333
FD+r_mid,76,Appliance,False,-1.0,0.0,0.17416666666666666
FD+r_mid,77,Appliance,False,-1.0,0.0,0.21999999999999995
FD+r_mid,78,Appliance,False,-1.0,0.0,0.18166666666666664
FD+r_mid,79,Appliance,False,0.33333333333333337,1.0,0.2508333333333333
FD+r_mid,80,Appliance,False,1.0,1.0,0.005833333333333339
FD+r_mid,81,Appliance,False,1.0,1.0,0.036666666666666674
FD+r_mid,82,Appliance,False,0.33333333333333337,0.0,0.1708333333333333
FD+r_mid,83,Appliance,False,0.33333333333333337,0.0,0.285
FD+r_mid,84,Appliance,False,-0.33333333333333337,0.0,0.22999999999999998
FD+r_mid,85,Appliance,False,-0.33333333333333337,0.0,0.07
FD+r_mid,86,Appliance,False,-0.33333333333333337,0.0,0.1775
FD+r_mid,87,Appliance,False,-0.33333333333333337,0.0,0.08499999999999998
FD+r_mid,88,Appliance,False,0.33333333333333337,0.0,0.26166666666666666
FD+r_mid,89,Appliance,False,-0.33333333333333337,0.0,0.12333333333333334
FD+r_mid,90,Appliance,False,0.33333333333333337,0.0,0.06166666666666667
FD+r_mid,91,Appliance,False,1.0,1.0,0.022499999999999992
FD+r_mid,92,Appliance,False,0.33333333333333337,0.0,0.2433333333333333
FD+r_mid,93,Appliance,False,-0.33333333333333337,0.0,0.22583333333333333
FD+r_mid,94,Appliance,False,0.33333333333333337,0.0,0.14333333333333337
FD+r_mid,95,Appliance,False,-0.33333333333333337,0.0,0.285
FD+r_mid,96,Appliance,False,1.0,1.0,0.04916666666666663
FD+r_mid,97,Appliance,False,0.33333333333333337,0.0,0.2875
FD+r_mid,98,Appliance,False,-0.33333333333333337,0.0,0.3491666666666667
FD+r_mid,99,Appliance,False,0.33333333333333337,0.0,0.10333333333333333
FD+r_mid,100,Appliance,False,1.0,1.0,0.08249999999999998
FD+r_mid,101,Appliance,False,-0.33333333333333337,0.0,0.27499999999999997
FD+r_mid,102,Appliance,False,0.33333333333333337,0.0,0.17333333333333334
FD+r_mid,103,Appliance,False,1.0,1.0,0.01833333333333335
FD+r_mid,104,Appliance,False,1.0,1.0,0.035833333333333335
FD+r_mid,105,Appliance,False,-1.0,0.0,0.22833333333333336
FD+r_mid,106,Appliance,False,-1.0,0.0,0.1775
FD+r_mid,107,Appliance,False,0.33333333333333337,0.0,0.1441666666666667
FD+r_mid,108,Appliance,False,-1.0,0.0,0.18500000000000003
FD+r_mid,109,Appliance,False,-1.0,0.0,0.21583333333333332
FD+r_mid,110,Appliance,False,-0.33333333333333337,0.0,0.28500000000000003
FD+r_mid,111,Appliance,False,0.33333333333333337,0.0,0.18833333333333335
FD+r_mid,112,Appliance,False,-0.33333333333333337,0.0,0.25666666666666665
FD+r_mid,113,Appliance,False,-0.33333333333333337,0.0,0.16499999999999995
FD+r_mid,114,Appliance,False,0.33333333333333337,0.0,0.1483333333333333
FD+r_mid,115,Appliance,False,1.0,1.0,0.005833333333333339
FD+r_mid,116,Appliance,False,0.33333333333333337,1.0,0.1558333333333333
FD+r_mid,117,Appliance,False,0.33333333333333337,0.0,0.22249999999999995
FD+r_mid,118,Appliance,False,-0.33333333333333337,0.0,0.11916666666666666
FD+r_mid,119,Appliance,False,-1.0,0.0,0.12166666666666665
FD+r_mid,120,Appliance,False,-0.33333333333333337,0.0,0.22750000000000004
FD+r_mid,121,Appliance,False,-1.0,0.0,0.2633333333333334
FD+r_mid,122,Appliance,False,0.33333333333333337,0.0,0.26500000000000007
FD+r_mid,123,Appliance,False,1.0,1.0,0.04666666666666668
FD+r_mid,124,Appliance,False,0.33333333333333337,1.0,0.15999999999999998
FD+r_mid,125,Appliance,False,1.0,1.0,0.07083333333333336
FD+r_mid,126,Appliance,False,0.33333333333333337,0.0,0.1475
FD+r_mid,127,Appliance,False,1.0,1.0,0.04416666666666665
FD+r_mid,128,Appliance,False,0.33333333333333337,0.0,0.2191666666666667
FD+r_mid,129,Appliance,False,-1.0,0.0,0.2025
FD+r_mid,130,Appliance,False,0.33333333333333337,0.0,0.11666666666666664
FD+r_mid,131,Appliance,False,1.0,1.0,0.10083333333333333
FD+r_mid,132,Appliance,False,0.33333333333333337,0.0,0.15166666666666664
FD+r_mid,133,Appliance,False,0.33333333333333337,0.0,0.11749999999999998
FD+r_mid,134,Appliance,False,1.0,1.0,0.06916666666666667
FD+r_mid,135,Appliance,False,-1.0,0.0,0.14166666666666666
FD+r_mid,136,Shower,False,-1.0,0.0,0.12
FD+r_mid,137,Shower,False,0.33333333333333337,1.0,0.1425
FD+r_mid,138,Shower,False,0.33333333333333337,0.0,0.11833333333333333
FD+r_mid,139,Shower,False,1.0,1.0,0.023333333333333334
FD+r_mid,140,Shower,False,0.33333333333333337,0.0,0.13416666666666668
FD+r_mid,141,Shower,False,1.0,1.0,0.029166666666666664
FD+r_mid,142,Shower,False,-0.33333333333333337,0.0,0.1025
FD+r_mid,143,Shower,False,0.33333333333333337,0.0,0.10916666666666668
FD+r_mid,144,Shower,False,1.0,1.0,0.016666666666666666
FD+r_mid,145,Shower,False,1.0,1.0,0.09166666666666667
FD+r_mid,146,Shower,False,1.0,1.0,0.09833333333333333
FD+r_mid,147,Shower,False,1.0,1.0,0.029166666666666664
FD+r_mid,148,Shower,False,1.0,1.0,0.0
FD+r_mid,149,Shower,False,1.0,1.0,0.09083333333333334
FD+r_mid,150,Shower,False,1.0,1.0,0.1366666666666667
FD+r_mid,151,Shower,False,1.0,1.0,0.0675
FD+r_mid,152,Shower,False,1.0,1.0,0.049166666666666664
FD+r_mid,153,Shower,False,1.0,1.0,0.13333333333333333
FD+r_mid,154,Shower,False,0.33333333333333337,1.0,0.08666666666666667
FD+r_mid,155,Shower,False,1.0,1.0,0.050833333333333335
FD+r_mid,156,Shower,False,1.0,1.0,0.0625
FD+r_mid,157,Shower,False,1.0,1.0,0.07083333333333333
FD+r_mid,158,Shower,False,1.0,1.0,0.12000000000000001
FD+r_mid,159,Shower,False,1.0,1.0,0.13416666666666668
FD+r_mid,160,Shower,False,1.0,1.0,0.13249999999999998
FD+r_mid,161,Shower,False,1.0,1.0,0.05416666666666666
FD+r_mid,162,Shower,False,1.0,1.0,0.023333333333333334
FD+r_mid,163,Shower,False,1.0,1.0,0.0575
FD+r_mid,164,Shower,False,1.0,1.0,0.0
FD+r_mid,165,Shower,False,1.0,1.0,0.06083333333333333
FD+r_mid,166,Shower,False,0.33333333333333337,0.0,0.09500000000000001
FD+r_mid,167,Shower,False,1.0,1.0,0.041666666666666664
FD+r_mid,168,Shower,False,0.33333333333333337,0.0,0.09250000000000001
FD+r_mid,169,Shower,False,1.0,1.0,0.024999999999999998
FD+r_mid,170,Shower,False,1.0,1.0,0.0
FD+r_mid,171,Shower,False,1.0,1.0,0.0
FD+r_mid,172,Shower,False,1.0,1.0,0.06416666666666666
FD+r_mid,173,Shower,False,1.0,1.0,0.0
FD+r_mid,174,Shower,False,1.0,1.0,0.06333333333333334
FD+r_mid,175,Shower,False,1.0,1.0,0.0
FD+r_mid,176,Shower,False,1.0,1.0,0.0
FD+r_mid,177,Shower,False,1.0,1.0,0.06
FD+r_mid,178,Shower,False,1.0,1.0,0.0
FD+r_mid,179,Shower,False,1.0,1.0,0.0
FD+r_mid,180,Shower,False,1.0,1.0,0.09749999999999999
FD+r_mid,181,Shower,False,1.0,1.0,0.15416666666666665
FD+r_mid,182,Shower,False,1.0,1.0,0.03833333333333333
FD+r_mid,183,Shower,False,1.0,1.0,0.0
FD+r_mid,184,Shower,False,1.0,1.0,0.09583333333333333
FD+r_mid,185,Shower,False,1.0,1.0,0.0
FD+r_mid,186,Shower,False,1.0,1.0,0.0
FD+r_mid,187,Shower,False,1.0,1.0,0.0
FD+r_mid,188,Shower,False,1.0,1.0,0.06
FD+r_mid,189,Shower,False,-0.33333333333333337,0.0,0.03166666666666668
FD+r_mid,190,Shower,False,1.0,1.0,0.0
FD+r_mid,191,Shower,False,1.0,1.0,0.0
FD+r_mid,192,Shower,False,0.33333333333333337,1.0,0.03333333333333335
FD+r_mid,193,Shower,False,-1.0,0.0,0.13499999999999998
FD+r_mid,194,Shower,False,1.0,1.0,0.08833333333333333
FD+r_mid,195,Shower,False,1.0,1.0,0.03583333333333333
LU-r_mid,1,HVAC,False,1.0,1.0,0.055000000000000014
LU-r_mid,2,HVAC,False,0.33333333333333337,0.0,0.06583333333333334
LU-r_mid,3,HVAC,False,1.0,1.0,0.04916666666666666
LU-r_mid,4,HVAC,False,1.0,1.0,0.04083333333333335
LU-r_mid,5,HVAC,False,0.33333333333333337,1.0,0.029166666666666674
LU-r_mid,6,HVAC,False,1.0,1.0,0.01416666666666668
LU-r_mid,7,HVAC,False,1.0,1.0,0.08333333333333333
LU-r_mid,8,HVAC,False,1.0,1.0,0.057499999999999996
LU-r_mid,9,HVAC,False,1.0,1.0,0.07916666666666666
LU-r_mid,10,HVAC,False,1.0,1.0,0.025000000000000022
LU-r_mid,11,HVAC,False,1.0,1.0,0.019166666666666676
LU-r_mid,12,HVAC,False,1.0,1.0,0.022499999999999982
LU-r_mid,13,HVAC,False,1.0,1.0,0.03666666666666662
LU-r_mid,14,HVAC,False,1.0,1.0,0.03583333333333329
LU-r_mid,15,HVAC,False,1.0,1.0,0.01833333333333335
LU-r_mid,16,HVAC,False,1.0,1.0,0.054166666666666675
LU-r_mid,17,HVAC,False,1.0,1.0,0.027500000000000007
LU-r_mid,18,HVAC,False,1.0,1.0,0.011666666666666678
LU-r_mid,19,HVAC,False,1.0,1.0,0.0675
LU-r_mid,20,HVAC,False,1.0,1.0,0.025833333333333337
LU-r_mid,21,HVAC,False,1.0,1.0,0.07416666666666667
LU-r_mid,22,HVAC,False,1.0,1.0,0.01916666666666666
LU-r_mid,23,HVAC,False,1.0,1.0,0.043333333333333335
LU-r_mid,24,HVAC,False,1.0,1.0,0.022500000000000003
LU-r_mid,25,HVAC,False,1.0,1.0,0.061666666666666675
LU-r_mid,26,HVAC,False,1.0,1.0,0.07250000000000001
LU-r_mid,27,HVAC,False,1.0,1.0,0.04833333333333333
LU-r_mid,28,HVAC,False,0.33333333333333337,0.0,0.025833333333333333
LU-r_mid,29,HVAC,False,1.0,1.0,0.011666666666666672
LU-r_mid,30,HVAC,False,1.0,1.0,0.004999999999999986
LU-r_mid,31,HVAC,False,1.0,1.0,0.06249999999999999
LU-r_mid,32,HVAC,False,1.0,1.0,0.0525
LU-r_mid,33,HVAC,False,1.0,1.0,0.04249999999999999
LU-r_mid,34,HVAC,False,1.0,1.0,0.035833333333333335
LU-r_mid,35,HVAC,False,1.0,1.0,0.12916666666666665
LU-r_mid,36,HVAC,False,1.0,1.0,0.010000000000000009
LU-r_mid,37,HVAC,False,1.0,1.0,0.03166666666666668
LU-r_mid,38,HVAC,False,0.33333333333333337,1.0,0.01416666666666668
LU-r_mid,39,HVAC,False,1.0,1.0,0.005833333333333339
LU-r_mid,40,HVAC,False,1.0,1.0,0.027500000000000007
LU-r_mid,41,HVAC,False,1.0,1.0,0.0
LU-r_mid,42,HVAC,False,1.0,1.0,0.10333333333333333
LU-r_mid,43,HVAC,False,1.0,1.0,0.043333333333333314
LU-r_mid,44,HVAC,False,1.0,1.0,0.02250000000000001
LU-r_mid,45,HVAC,False,1.0,1.0,0.06416666666666668
LU-r_mid,46,HVAC,False,1.0,1.0,0.07083333333333333
LU-r_mid,47,HVAC,False,1.0,1.0,0.04750000000000001
LU-r_mid,48,HVAC,False,1.0,1.0,0.16083333333333333
LU-r_mid,49,HVAC,False,1.0,1.0,0.0675
LU-r_mid,50,HVAC,False,1.0,1.0,0.050833333333333335
LU-r_mid,51,HVAC,False,0.33333333333333337,0.0,0.054166666666666675
LU-r_mid,52,HVAC,False,1.0,1.0,0.010000000000000009
LU-r_mid,53,HVAC,False,1.0,1.0,0.03583333333333332
LU-r_mid,54,HVAC,False,0.33333333333333337,0.0,0.021666666666666685
LU-r_mid,55,HVAC,False,1.0,1.0,0.0325
LU-r_mid,56,HVAC,False,0.33333333333333337,0.0,0.033333333333333354
LU-r_mid,57,HVAC,False,1.0,1.0,0.105
LU-r_mid,58,HVAC,False,1.0,1.0,0.027500000000000014
LU-r_mid,59,HVAC,False,1.0,1.0,0.04749999999999999
LU-r_mid,60,HVAC,False,1.0,1.0,0.012499999999999983
LU-r_mid,61,HVAC,False,1.0,1.0,0.11166666666666668
LU-r_mid,62,HVAC,False,1.0,1.0,0.04250000000000001
LU-r_mid,63,HVAC,False,1.0,1.0,0.039166666666666655
LU-r_mid,64,HVAC,False,1.0,1.0,0.009166666666666656
LU-r_mid,65,HVAC,False,1.0,1.0,0.08166666666666667
LU-r_mid,66,HVAC,False,1.0,1.0,0.14583333333333334
LU-r_mid,67,HVAC,False,1.0,1.0,0.02333333333333333
LU-r_mid,68,HVAC,False,1.0,1.0,0.13166666666666668
LU-r_mid,69,HVAC,False,1.0,1.0,0.032499999999999994
LU-r_mid,70,HVAC,False,1.0,1.0,0.0775
LU-r_mid,71,Appliance,False,1.0,1.0,0.009999999999999981
LU-r_mid,72,Appliance,False,1.0,1.0,0.1416666666666667
LU-r_mid,73,Appliance,False,1.0,1.0,0.04250000000000002
LU-r_mid,74,Appliance,False,1.0,1.0,0.030833333333333324
LU-r_mid,75,Appliance,False,0.33333333333333337,1.0,0.17833333333333334
LU-r_mid,76,Appliance,False,1.0,1.0,0.015000000000000013
LU-r_mid,77,Appliance,False,0.33333333333333337,1.0,0.08916666666666666
LU-r_mid,78,Appliance,False,1.0,1.0,0.05583333333333334
LU-r_mid,79,Appliance,False,1.0,1.0,0.09000000000000002
LU-r_mid,80,Appliance,False,1.0,1.0,0.005833333333333339
LU-r_mid,81,Appliance,False,1.0,1.0,0.005833333333333339
LU-r_mid,82,Appliance,False,1.0,1.0,0.020833333333333315
LU-r_mid,83,Appliance,False,1.0,1.0,0.13249999999999998
LU-r_mid,84,Appliance,False,1.0,1.0,0.10999999999999999
LU-r_mid,85,Appliance,False,1.0,1.0,0.0050000000000000044
LU-r_mid,86,Appliance,False,1.0,1.0,0.0675
LU-r_mid,87,Appliance,False,1.0,1.0,0.020833333333333325
LU-r_mid,88,Appliance,False,1.0,1.0,0.16833333333333333
LU-r_mid,89,Appliance,False,1.0,1.0,0.032499999999999994
LU-r_mid,90,Appliance,False,1.0,1.0,0.005833333333333339
LU-r_mid,91,Appliance,False,1.0,1.0,0.022499999999999992
LU-r_mid,92,Appliance,False,1.0,1.0,0.1725
LU-r_mid,93,Appliance,False,0.33333333333333337,1.0,0.13499999999999998
LU-r_mid,94,Appliance,False,1.0,1.0,0.006666666666666672
LU-r_mid,95,Appliance,False,1.0,1.0,0.11666666666666668
LU-r_mid,96,Appliance,False,1.0,1.0,0.019999999999999962
LU-r_mid,97,Appliance,False,1.0,1.0,0.135
LU-r_mid,98,Appliance,False,1.0,1.0,0.18416666666666667
LU-r_mid,99,Appliance,False,1.0,1.0,0.0050000000000000044
LU-r_mid,100,Appliance,False,1.0,1.0,0.019166666666666655
LU-r_mid,101,Appliance,False,1.0,1.0,0.17
LU-r_mid,102,Appliance,False,1.0,1.0,0.04833333333333332
LU-r_mid,103,Appliance,False,1.0,1.0,0.01833333333333335
LU-r_mid,104,Appliance,False,1.0,1.0,0.00416666666666667
LU-r_mid,105,Appliance,False,1.0,1.0,0.07083333333333335
LU-r_mid,106,Appliance,False,1.0,1.0,0.03
LU-r_mid,107,Appliance,False,1.0,1.0,0.07666666666666667
LU-r_mid,108,Appliance,False,1.0,1.0,0.01166666666666665
LU-r_mid,109,Appliance,False,1.0,1.0,0.020833333333333315
LU-r_mid,110,Appliance,False,1.0,1.0,0.1583333333333333
LU-r_mid,111,Appliance,False,0.33333333333333337,1.0,0.034166666666666685
LU-r_mid,112,Appliance,False,1.0,1.0,0.03916666666666665
LU-r_mid,113,Appliance,False,1.0,1.0,0.03166666666666667
LU-r_mid,114,Appliance,False,1.0,1.0,0.019999999999999962
LU-r_mid,115,Appliance,False,1.0,1.0,0.005833333333333339
LU-r_mid,116,Appliance,False,1.0,1.0,0.03249999999999997
LU-r_mid,117,Appliance,False,1.0,1.0,0.10833333333333332
LU-r_mid,118,Appliance,False,1.0,1.0,0.019166666666666648
LU-r_mid,119,Appliance,False,1.0,1.0,0.02416666666666666
LU-r_mid,120,Appliance,False,1.0,1.0,0.10833333333333334
LU-r_mid,121,Appliance,False,1.0,1.0,0.027500000000000024
LU-r_mid,122,Appliance,False,1.0,1.0,0.06833333333333334
LU-r_mid,123,Appliance,False,1.0,1.0,0.013333333333333345
LU-r_mid,124,Appliance,False,1.0,1.0,0.07833333333333332
LU-r_mid,125,Appliance,False,1.0,1.0,0.0341666666666667
LU-r_mid,126,Appliance,False,1.0,1.0,0.007499999999999997
LU-r_mid,127,Appliance,False,1.0,1.0,0.019166666666666655
LU-r_mid,128,Appliance,False,1.0,1.0,0.07916666666666668
LU-r_mid,129,Appliance,False,1.0,1.0,0.02833333333333336
LU-r_mid,130,Appliance,False,1.0,1.0,0.013333333333333308
LU-r_mid,131,Appliance,False,1.0,1.0,0.10083333333333333
LU-r_mid,132,Appliance,False,1.0,1.0,0.018333333333333302
LU-r_mid,133,Appliance,False,1.0,1.0,0.030833333333333324
LU-r_mid,134,Appliance,False,1.0,1.0,0.06916666666666667
LU-r_mid,135,Appliance,False,1.0,1.0,0.013333333333333345
LU-r_mid,136,Shower,False,1.0,1.0,0.04750000000000001
LU-r_mid,137,Shower,False,1.0,1.0,0.041666666666666664
LU-r_mid,138,Shower,False,1.0,1.0,0.0
LU-r_mid,139,Shower,False,1.0,1.0,0.023333333333333334
LU-r_mid,140,Shower,False,1.0,1.0,0.023333333333333334
LU-r_mid,141,Shower,False,1.0,1.0,0.029166666666666664
LU-r_mid,142,Shower,False,1.0,1.0,0.0
LU-r_mid,143,Shower,False,1.0,1.0,0.0
LU-r_mid,144,Shower,False,1.0,1.0,0.016666666666666666
LU-r_mid,145,Shower,False,1.0,1.0,0.02583333333333333
LU-r_mid,146,Shower,False,1.0,1.0,0.025833333333333333
LU-r_mid,147,Shower,False,1.0,1.0,0.029166666666666664
LU-r_mid,148,Shower,False,1.0,1.0,0.0
LU-r_mid,149,Shower,False,1.0,1.0,0.03166666666666667
LU-r_mid,150,Shower,False,1.0,1.0,0.030833333333333338
LU-r_mid,151,Shower,False,1.0,1.0,0.0
LU-r_mid,152,Shower,False,1.0,1.0,0.06916666666666667
LU-r_mid,153,Shower,False,1.0,1.0,0.0
LU-r_mid,154,Shower,False,0.33333333333333337,0.0,0.08
LU-r_mid,155,Shower,False,1.0,1.0,0.050833333333333335
LU-r_mid,156,Shower,False,1.0,1.0,0.0625
LU-r_mid,157,Shower,False,1.0,1.0,0.047499999999999994
LU-r_mid,158,Shower,False,1.0,1.0,0.03833333333333332
LU-r_mid,159,Shower,False,1.0,1.0,0.04083333333333333
LU-r_mid,160,Shower,False,1.0,1.0,0.011666666666666665
LU-r_mid,161,Shower,False,0.33333333333333337,0.0,0.07416666666666666
LU-r_mid,162,Shower,False,1.0,1.0,0.023333333333333334
LU-r_mid,163,Shower,False,1.0,1.0,0.07749999999999999
LU-r_mid,164,Shower,False,1.0,1.0,0.0
LU-r_mid,165,Shower,False,1.0,1.0,0.08583333333333333
LU-r_mid,166,Shower,False,1.0,1.0,0.11583333333333333
LU-r_mid,167,Shower,False,1.0,1.0,0.041666666666666664
LU-r_mid,168,Shower,False,1.0,1.0,0.11416666666666665
LU-r_mid,169,Shower,False,1.0,1.0,0.024999999999999998
LU-r_mid,170,Shower,False,1.0,1.0,0.0
LU-r_mid,171,Shower,False,1.0,1.0,0.0
LU-r_mid,172,Shower,False,1.0,1.0,0.06416666666666666
LU-r_mid,173,Shower,False,1.0,1.0,0.0
LU-r_mid,174,Shower,False,1.0,1.0,0.06416666666666665
LU-r_mid,175,Shower,False,1.0,1.0,0.0
LU-r_mid,176,Shower,False,1.0,1.0,0.0
LU-r_mid,177,Shower,False,0.33333333333333337,0.0,0.08
LU-r_mid,178,Shower,False,1.0,1.0,0.0
LU-r_mid,179,Shower,False,1.0,1.0,0.0
LU-r_mid,180,Shower,False,1.0,1.0,0.09749999999999999
LU-r_mid,181,Shower,False,1.0,1.0,0.0
LU-r_mid,182,Shower,False,0.33333333333333337,1.0,0.0375
LU-r_mid,183,Shower,False,1.0,1.0,0.0
LU-r_mid,184,Shower,False,0.33333333333333337,0.0,0.11916666666666664
LU-r_mid,185,Shower,False,1.0,1.0,0.0
LU-r_mid,186,Shower,False,1.0,1.0,0.0
LU-r_mid,187,Shower,False,1.0,1.0,0.0
LU-r_mid,188,Shower,False,0.33333333333333337,0.0,0.08
LU-r_mid,189,Shower,False,0.33333333333333337,1.0,0.026666666666666655
LU-r_mid,190,Shower,False,1.0,1.0,0.0
LU-r_mid,191,Shower,False,1.0,1.0,0.0
LU-r_mid,192,Shower,False,-0.33333333333333337,0.0,0.027499999999999986
LU-r_mid,193,Shower,False,0.33333333333333337,0.0,0.04333333333333333
LU-r_mid,194,Shower,False,-0.33333333333333337,0.0,0.08833333333333333
LU-r_mid,195,Shower,False,-1.0,0.0,0.03250000000000001
FD+house_age_rule,1,HVAC,False,1.0,1.0,0.055000000000000014
FD+house_age_rule,2,HVAC,False,0.33333333333333337,0.0,0.06583333333333334
FD+house_age_rule,3,HVAC,False,1.0,1.0,0.04916666666666666
FD+house_age_rule,4,HVAC,False,1.0,1.0,0.04083333333333335
FD+house_age_rule,5,HVAC,False,-0.33333333333333337,0.0,0.08916666666666667
FD+house_age_rule,6,HVAC,False,1.0,1.0,0.01416666666666668
FD+house_age_rule,7,HVAC,False,1.0,1.0,0.08333333333333333
FD+house_age_rule,8,HVAC,False,1.0,1.0,0.057499999999999996
FD+house_age_rule,9,HVAC,False,1.0,1.0,0.07916666666666666
FD+house_age_rule,10,HVAC,False,1.0,1.0,0.025000000000000022
FD+house_age_rule,11,HVAC,False,1.0,1.0,0.045833333333333316
FD+house_age_rule,12,HVAC,False,0.33333333333333337,1.0,0.04249999999999998
FD+house_age_rule,13,HVAC,False,1.0,1.0,0.06749999999999998
FD+house_age_rule,14,HVAC,False,1.0,1.0,0.03583333333333329
FD+house_age_rule,15,HVAC,False,1.0,1.0,0.03416666666666667
FD+house_age_rule,16,HVAC,False,1.0,1.0,0.04083333333333333
FD+house_age_rule,17,HVAC,False,1.0,1.0,0.0625
FD+house_age_rule,18,HVAC,False,1.0,1.0,0.04583333333333336
FD+house_age_rule,19,HVAC,False,1.0,1.0,0.0675
FD+house_age_rule,20,HVAC,False,1.0,1.0,0.04583333333333334
FD+house_age_rule,21,HVAC,False,1.0,1.0,0.07416666666666667
FD+house_age_rule,22,HVAC,False,1.0,1.0,0.01916666666666666
FD+house_age_rule,23,HVAC,False,1.0,1.0,0.043333333333333335
FD+house_age_rule,24,HVAC,False,1.0,1.0,0.022500000000000003
FD+house_age_rule,25,HVAC,False,1.0,1.0,0.061666666666666675
FD+house_age_rule,26,HVAC,False,1.0,1.0,0.07250000000000001
FD+house_age_rule,27,HVAC,False,1.0,1.0,0.049166666666666664
FD+house_age_rule,28,HVAC,False,0.33333333333333337,0.0,0.025833333333333333
FD+house_age_rule,29,HVAC,False,1.0,1.0,0.011666666666666672
FD+house_age_rule,30,HVAC,False,1.0,1.0,0.026666666666666644
FD+house_age_rule,31,HVAC,False,1.0,1.0,0.08916666666666666
FD+house_age_rule,32,HVAC,False,1.0,1.0,0.0525
FD+house_age_rule,33,HVAC,False,1.0,1.0,0.1158333333333333
FD+house_age_rule,34,HVAC,False,1.0,1.0,0.06166666666666668
FD+house_age_rule,35,HVAC,False,1.0,1.0,0.04750000000000001
FD+house_age_rule,36,HVAC,False,1.0,1.0,0.010000000000000009
FD+house_age_rule,37,HVAC,False,1.0,1.0,0.03166666666666668
FD+house_age_rule,38,HVAC,False,0.33333333333333337,1.0,0.01416666666666668
FD+house_age_rule,39,HVAC,False,1.0,1.0,0.005833333333333339
FD+house_age_rule,40,HVAC,False,1.0,1.0,0.027500000000000007
FD+house_age_rule,41,HVAC,False,1.0,1.0,0.0
FD+house_age_rule,42,HVAC,False,1.0,1.0,0.10333333333333333
FD+house_age_rule,43,HVAC,False,1.0,1.0,0.08416666666666665
FD+house_age_rule,44,HVAC,False,0.33333333333333337,0.0,0.054166666666666675
FD+house_age_rule,45,HVAC,False,1.0,1.0,0.16666666666666666
FD+house_age_rule,46,HVAC,False,0.33333333333333337,1.0,0.15166666666666664
FD+house_age_rule,47,HVAC,False,1.0,1.0,0.1325
FD+house_age_rule,48,HVAC,False,1.0,1.0,0.16083333333333333
FD+house_age_rule,49,HVAC,False,1.0,1.0,0.1225
FD+house_age_rule,50,HVAC,False,1.0,1.0,0.050833333333333335
FD+house_age_rule,51,HVAC,False,0.33333333333333337,0.0,0.054166666666666675
FD+house_age_rule,52,HVAC,False,1.0,1.0,0.010000000000000009
FD+house_age_rule,53,HVAC,False,1.0,1.0,0.03583333333333332
FD+house_age_rule,54,HVAC,False,0.33333333333333337,0.0,0.021666666666666685
FD+house_age_rule,55,HVAC,False,1.0,1.0,0.04416666666666667
FD+house_age_rule,56,HVAC,False,0.33333333333333337,0.0,0.033333333333333354
FD+house_age_rule,57,HVAC,False,1.0,1.0,0.105
FD+house_age_rule,58,HVAC,False,1.0,1.0,0.027500000000000014
FD+house_age_rule,59,HVAC,False,1.0,1.0,0.06333333333333331
FD+house_age_rule,60,HVAC,False,1.0,1.0,0.012499999999999983
FD+house_age_rule,61,HVAC,False,1.0,1.0,0.11166666666666668
FD+house_age_rule,62,HVAC,False,1.0,1.0,0.04250000000000001
FD+house_age_rule,63,HVAC,False,1.0,1.0,0.012500000000000002
FD+house_age_rule,64,HVAC,False,1.0,1.0,0.009166666666666656
FD+house_age_rule,65,HVAC,False,1.0,1.0,0.1633333333333333
FD+house_age_rule,66,HVAC,False,1.0,1.0,0.14583333333333334
FD+house_age_rule,67,HVAC,False,1.0,1.0,0.03916666666666666
FD+house_age_rule,68,HVAC,False,1.0,1.0,0.13166666666666668
FD+house_age_rule,69,HVAC,False,1.0,1.0,0.032499999999999994
FD+house_age_rule,70,HVAC,False,1.0,1.0,0.12749999999999997
FD+house_age_rule,71,Appliance,False,0.33333333333333337,0.0,0.13583333333333333
FD+house_age_rule,72,Appliance,False,1.0,1.0,0.1416666666666667
FD+house_age_rule,73,Appliance,False,0.33333333333333337,1.0,0.17000000000000004
FD+house_age_rule,74,Appliance,False,-1.0,0.0,0.21083333333333334
FD+house_age_rule,75,Appliance,False,1.0,1.0,0.23083333333333333
FD+house_age_rule,76,Appliance,False,-1.0,0.0,0.17416666666666666
FD+house_age_rule,77,Appliance,False,-1.0,0.0,0.21999999999999995
FD+house_age_rule,78,Appliance,False,-1.0,0.0,0.18166666666666664
FD+house_age_rule,79,Appliance,False,0.33333333333333337,1.0,0.2508333333333333
FD+house_age_rule,80,Appliance,False,1.0,1.0,0.005833333333333339
FD+house_age_rule,81,Appliance,False,1.0,1.0,0.036666666666666674
FD+house_age_rule,82,Appliance,False,0.33333333333333337,0.0,0.1708333333333333
FD+house_age_rule,83,Appliance,False,0.33333333333333337,0.0,0.285
FD+house_age_rule,84,Appliance,False,-0.33333333333333337,0.0,0.22999999999999998
FD+house_age_rule,85,Appliance,False,-0.33333333333333337,0.0,0.07
FD+house_age_rule,86,Appliance,False,-0.33333333333333337,0.0,0.1775
FD+house_age_rule,87,Appliance,False,-0.33333333333333337,0.0,0.08499999999999998
FD+house_age_rule,88,Appliance,False,0.33333333333333337,0.0,0.26166666666666666
FD+house_age_rule,89,Appliance,False,-0.33333333333333337,0.0,0.12333333333333334
FD+house_age_rule,90,Appliance,False,0.33333333333333337,0.0,0.06166666666666667
FD+house_age_rule,91,Appliance,False,1.0,1.0,0.022499999999999992
FD+house_age_rule,92,Appliance,False,0.33333333333333337,0.0,0.2433333333333333
FD+house_age_rule,93,Appliance,False,-0.33333333333333337,0.0,0.22583333333333333
FD+house_age_rule,94,Appliance,False,0.33333333333333337,0.0,0.14333333333333337
FD+house_age_rule,95,Appliance,False,-0.33333333333333337,0.0,0.285
FD+house_age_rule,96,Appliance,False,1.0,1.0,0.04916666666666663
FD+house_age_rule,97,Appliance,False,0.33333333333333337,0.0,0.2875
FD+house_age_rule,98,Appliance,False,-0.33333333333333337,0.0,0.3491666666666667
FD+house_age_rule,99,Appliance,False,0.33333333333333337,0.0,0.10333333333333333
FD+house_age_rule,100,Appliance,False,1.0,1.0,0.08249999999999998
FD+house_age_rule,101,Appliance,False,-0.33333333333333337,0.0,0.27499999999999997
FD+house_age_rule,102,Appliance,False,0.33333333333333337,0.0,0.17333333333333334
FD+house_age_rule,103,Appliance,False,1.0,1.0,0.01833333333333335
FD+house_age_rule,104,Appliance,False,1.0,1.0,0.035833333333333335
FD+house_age_rule,105,Appliance,False,-1.0,0.0,0.22833333333333336
FD+house_age_rule,106,Appliance,False,-1.0,0.0,0.1775
FD+house_age_rule,107,Appliance,False,0.33333333333333337,0.0,0.1441666666666667
FD+house_age_rule,108,Appliance,False,-1.0,0.0,0.18500000000000003
FD+house_age_rule,109,Appliance,False,-1.0,0.0,0.21583333333333332
FD+house_age_rule,110,Appliance,False,-0.33333333333333337,0.0,0.28500000000000003
FD+house_age_rule,111,Appliance,False,0.33333333333333337,0.0,0.18833333333333335
FD+house_age_rule,112,Appliance,False,-0.33333333333333337,0.0,0.25666666666666665
FD+house_age_rule,113,Appliance,False,-0.33333333333333337,0.0,0.16499999999999995
FD+house_age_rule,114,Appliance,False,0.33333333333333337,0.0,0.1483333333333333
FD+house_age_rule,115,Appliance,False,1.0,1.0,0.005833333333333339
FD+house_age_rule,116,Appliance,False,0.33333333333333337,1.0,0.1558333333333333
FD+house_age_rule,117,Appliance,False,0.33333333333333337,0.0,0.22249999999999995
FD+house_age_rule,118,Appliance,False,-0.33333333333333337,0.0,0.11916666666666666
FD+house_age_rule,119,Appliance,False,-1.0,0.0,0.12166666666666665
FD+house_age_rule,120,Appliance,False,-0.33333333333333337,0.0,0.22750000000000004
FD+house_age_rule,121,Appliance,False,-1.0,0.0,0.2633333333333334
FD+house_age_rule,122,Appliance,False,0.33333333333333337,0.0,0.26500000000000007
FD+house_age_rule,123,Appliance,False,1.0,1.0,0.04666666666666668
FD+house_age_rule,124,Appliance,False,0.33333333333333337,1.0,0.15999999999999998
FD+house_age_rule,125,Appliance,False,1.0,1.0,0.07083333333333336
FD+house_age_rule,126,Appliance,False,0.33333333333333337,0.0,0.1475
FD+house_age_rule,127,Appliance,False,1.0,1.0,0.04416666666666665
FD+house_age_rule,128,Appliance,False,0.33333333333333337,0.0,0.2191666666666667
FD+house_age_rule,129,Appliance,False,-1.0,0.0,0.2025
FD+house_age_rule,130,Appliance,False,0.33333333333333337,0.0,0.11666666666666664
FD+house_age_rule,131,Appliance,False,1.0,1.0,0.10083333333333333
FD+house_age_rule,132,Appliance,False,0.33333333333333337,0.0,0.15166666666666664
FD+house_age_rule,133,Appliance,False,0.33333333333333337,0.0,0.11749999999999998
FD+house_age_rule,134,Appliance,False,1.0,1.0,0.06916666666666667
FD+house_age_rule,135,Appliance,False,-1.0,0.0,0.14166666666666666
FD+house_age_rule,136,Shower,False,-1.0,0.0,0.12
FD+house_age_rule,137,Shower,False,0.33333333333333337,1.0,0.1425
FD+house_age_rule,138,Shower,False,0.33333333333333337,0.0,0.11833333333333333
FD+house_age_rule,139,Shower,False,1.0,1.0,0.023333333333333334
FD+house_age_rule,140,Shower,False,0.33333333333333337,0.0,0.13416666666666668
FD+house_age_rule,141,Shower,False,1.0,1.0,0.029166666666666664
FD+house_age_rule,142,Shower,False,-0.33333333333333337,0.0,0.1025
FD+house_age_rule,143,Shower,False,0.33333333333333337,0.0,0.10916666666666668
FD+house_age_rule,144,Shower,False,1.0,1.0,0.016666666666666666
FD+house_age_rule,145,Shower,False,1.0,1.0,0.09166666666666667
FD+house_age_rule,146,Shower,False,1.0,1.0,0.09833333333333333
FD+house_age_rule,147,Shower,False,1.0,1.0,0.029166666666666664
FD+house_age_rule,148,Shower,False,1.0,1.0,0.0
FD+house_age_rule,149,Shower,False,1.0,1.0,0.09083333333333334
FD+house_age_rule,150,Shower,False,1.0,1.0,0.1366666666666667
FD+house_age_rule,151,Shower,False,1.0,1.0,0.0675
FD+house_age_rule,152,Shower,False,1.0,1.0,0.049166666666666664
FD+house_age_rule,153,Shower,False,1.0,1.0,0.13333333333333333
FD+house_age_rule,154,Shower,False,0.33333333333333337,1.0,0.08666666666666667
FD+house_age_rule,155,Shower,False,1.0,1.0,0.050833333333333335
FD+house_age_rule,156,Shower,False,1.0,1.0,0.0625
FD+house_age_rule,157,Shower,False,1.0,1.0,0.07083333333333333
FD+house_age_rule,158,Shower,False,1.0,1.0,0.12000000000000001
FD+house_age_rule,159,Shower,False,1.0,1.0,0.13416666666666668
FD+house_age_rule,160,Shower,False,1.0,1.0,0.13249999999999998
FD+house_age_rule,161,Shower,False,1.0,1.0,0.05416666666666666
FD+house_age_rule,162,Shower,False,1.0,1.0,0.023333333333333334
FD+house_age_rule,163,Shower,False,1.0,1.0,0.0575
FD+house_age_rule,164,Shower,False,1.0,1.0,0.0
FD+house_age_rule,165,Shower,False,1.0,1.0,0.06083333333333333
FD+house_age_rule,166,Shower,False,0.33333333333333337,0.0,0.09500000000000001
FD+house_age_rule,167,Shower,False,1.0,1.0,0.041666666666666664
FD+house_age_rule,168,Shower,False,0.33333333333333337,0.0,0.09250000000000001
FD+house_age_rule,169,Shower,False,1.0,1.0,0.024999999999999998
FD+house_age_rule,170,Shower,False,1.0,1.0,0.0
FD+house_age_rule,171,Shower,False,1.0,1.0,0.0
FD+house_age_rule,172,Shower,False,1.0,1.0,0.06416666666666666
FD+house_age_rule,173,Shower,False,1.0,1.0,0.0
FD+house_age_rule,174,Shower,False,1.0,1.0,0.06333333333333334
FD+house_age_rule,175,Shower,False,1.0,1.0,0.0
FD+house_age_rule,176,Shower,False,1.0,1.0,0.0
FD+house_age_rule,177,Shower,False,1.0,1.0,0.06
FD+house_age_rule,178,Shower,False,1.0,1.0,0.0
FD+house_age_rule,179,Shower,False,1.0,1.0,0.0
FD+house_age_rule,180,Shower,False,1.0,1.0,0.09749999999999999
FD+house_age_rule,181,Shower,False,1.0,1.0,0.15416666666666665
FD+house_age_rule,182,Shower,False,1.0,1.0,0.03833333333333333
FD+house_age_rule,183,Shower,False,1.0,1.0,0.0
FD+house_age_rule,184,Shower,False,1.0,1.0,0.09583333333333333
FD+house_age_rule,185,Shower,False,1.0,1.0,0.0
FD+house_age_rule,186,Shower,False,1.0,1.0,0.0
FD+house_age_rule,187,Shower,False,1.0,1.0,0.0
FD+house_age_rule,188,Shower,False,1.0,1.0,0.06
FD+house_age_rule,189,Shower,False,-0.33333333333333337,0.0,0.03166666666666668
FD+house_age_rule,190,Shower,False,1.0,1.0,0.0
FD+house_age_rule,191,Shower,False,1.0,1.0,0.0
FD+house_age_rule,192,Shower,False,0.33333333333333337,1.0,0.03333333333333335
FD+house_age_rule,193,Shower,False,-1.0,0.0,0.13499999999999998
FD+house_age_rule,194,Shower,False,1.0,1.0,0.08833333333333333
FD+house_age_rule,195,Shower,False,1.0,1.0,0.03583333333333333
LU-house_age_rule,1,HVAC,False,1.0,1.0,0.009166666666666656
LU-house_age_rule,2,HVAC,False,1.0,1.0,0.009166666666666675
LU-house_age_rule,3,HVAC,False,1.0,1.0,0.05166666666666667
LU-house_age_rule,4,HVAC,False,1.0,1.0,0.04083333333333335
LU-house_age_rule,5,HVAC,False,1.0,1.0,0.054999999999999986
LU-house_age_rule,6,HVAC,False,1.0,1.0,0.075
LU-house_age_rule,7,HVAC,False,1.0,1.0,0.09166666666666663
LU-house_age_rule,8,HVAC,False,1.0,1.0,0.011666666666666659
LU-house_age_rule,9,HVAC,False,1.0,1.0,0.010000000000000009
LU-house_age_rule,10,HVAC,False,1.0,1.0,0.0025000000000000022
LU-house_age_rule,11,HVAC,False,1.0,1.0,0.03833333333333333
LU-house_age_rule,12,HVAC,False,1.0,1.0,0.03499999999999997
LU-house_age_rule,13,HVAC,False,1.0,1.0,0.07999999999999999
LU-house_age_rule,14,HVAC,False,1.0,1.0,0.05916666666666664
LU-house_age_rule,15,HVAC,False,1.0,1.0,0.06333333333333334
LU-house_age_rule,16,HVAC,False,1.0,1.0,0.05916666666666665
LU-house_age_rule,17,HVAC,False,1.0,1.0,0.03666666666666668
LU-house_age_rule,18,HVAC,False,1.0,1.0,0.023333333333333355
LU-house_age_rule,19,HVAC,False,1.0,1.0,0.04499999999999999
LU-house_age_rule,20,HVAC,False,1.0,1.0,0.01833333333333333
LU-house_age_rule,21,HVAC,False,1.0,1.0,0.014999999999999994
LU-house_age_rule,22,HVAC,False,1.0,1.0,0.02333333333333333
LU-house_age_rule,23,HVAC,False,1.0,1.0,0.03666666666666668
LU-house_age_rule,24,HVAC,False,1.0,1.0,0.021666666666666667
LU-house_age_rule,25,HVAC,False,1.0,1.0,0.03166666666666667
LU-house_age_rule,26,HVAC,False,1.0,1.0,0.04500000000000002
LU-house_age_rule,27,HVAC,False,1.0,1.0,0.1425
LU-house_age_rule,28,HVAC,False,0.33333333333333337,0.0,0.12583333333333332
LU-house_age_rule,29,HVAC,False,1.0,1.0,0.10166666666666664
LU-house_age_rule,30,HVAC,False,1.0,1.0,0.009166666666666656
LU-house_age_rule,31,HVAC,False,1.0,1.0,0.05000000000000002
LU-house_age_rule,32,HVAC,False,1.0,1.0,0.09499999999999999
LU-house_age_rule,33,HVAC,False,1.0,1.0,0.01916666666666665
LU-house_age_rule,34,HVAC,False,1.0,1.0,0.06499999999999999
LU-house_age_rule,35,HVAC,False,1.0,1.0,0.05166666666666667
LU-house_age_rule,36,HVAC,False,1.0,1.0,0.010000000000000009
LU-house_age_rule,37,HVAC,False,1.0,1.0,0.04000000000000002
LU-house_age_rule,38,HVAC,False,1.0,1.0,0.0025000000000000022
LU-house_age_rule,39,HVAC,False,1.0,1.0,0.029166666666666674
LU-house_age_rule,40,HVAC,False,1.0,1.0,0.007500000000000007
LU-house_age_rule,41,HVAC,False,1.0,1.0,0.007500000000000002
LU-house_age_rule,42,HVAC,False,1.0,1.0,0.09583333333333334
LU-house_age_rule,43,HVAC,False,1.0,1.0,0.004999999999999995
LU-house_age_rule,44,HVAC,False,1.0,1.0,0.01666666666666668
LU-house_age_rule,45,HVAC,False,1.0,1.0,0.06083333333333335
LU-house_age_rule,46,HVAC,False,1.0,1.0,0.01416666666666666
LU-house_age_rule,47,HVAC,False,1.0,1.0,0.010000000000000009
LU-house_age_rule,48,HVAC,False,1.0,1.0,0.10583333333333333
LU-house_age_rule,49,HVAC,False,1.0,1.0,0.04749999999999998
LU-house_age_rule,50,HVAC,False,1.0,1.0,0.02083333333333331
LU-house_age_rule,51,HVAC,False,0.33333333333333337,0.0,0.14083333333333334
LU-house_age_rule,52,HVAC,False,1.0,1.0,0.010000000000000009
LU-house_age_rule,53,HVAC,False,1.0,1.0,0.02999999999999998
LU-house_age_rule,54,HVAC,False,1.0,1.0,0.003333333333333336
LU-house_age_rule,55,HVAC,False,1.0,1.0,0.03166666666666667
LU-house_age_rule,56,HVAC,False,0.33333333333333337,0.0,0.025000000000000022
LU-house_age_rule,57,HVAC,False,1.0,1.0,0.08666666666666667
LU-house_age_rule,58,HVAC,False,1.0,1.0,0.06333333333333332
LU-house_age_rule,59,HVAC,False,1.0,1.0,0.03
LU-house_age_rule,60,HVAC,False,1.0,1.0,0.012499999999999983
LU-house_age_rule,61,HVAC,False,1.0,1.0,0.005833333333333339
LU-house_age_rule,62,HVAC,False,1.0,1.0,0.03333333333333335
LU-house_age_rule,63,HVAC,False,1.0,1.0,0.027499999999999993
LU-house_age_rule,64,HVAC,False,1.0,1.0,0.015833333333333328
LU-house_age_rule,65,HVAC,False,1.0,1.0,0.017499999999999988
LU-house_age_rule,66,HVAC,False,1.0,1.0,0.11416666666666668
LU-house_age_rule,67,HVAC,False,1.0,1.0,0.02
LU-house_age_rule,68,HVAC,False,1.0,1.0,0.04333333333333334
LU-house_age_rule,69,HVAC,False,1.0,1.0,0.013333333333333327
LU-house_age_rule,70,HVAC,False,1.0,1.0,0.027500000000000007
LU-house_age_rule,71,Appliance,False,1.0,1.0,0.009999999999999981
LU-house_age_rule,72,Appliance,False,1.0,1.0,0.1416666666666667
LU-house_age_rule,73,Appliance,False,1.0,1.0,0.04250000000000002
LU-house_age_rule,74,Appliance,False,1.0,1.0,0.030833333333333324
LU-house_age_rule,75,Appliance,False,0.33333333333333337,1.0,0.17833333333333334
LU-house_age_rule,76,Appliance,False,1.0,1.0,0.015000000000000013
LU-house_age_rule,77,Appliance,False,0.33333333333333337,1.0,0.08916666666666666
LU-house_age_rule,78,Appliance,False,1.0,1.0,0.05583333333333334
LU-house_age_rule,79,Appliance,False,1.0,1.0,0.09000000000000002
LU-house_age_rule,80,Appliance,False,1.0,1.0,0.005833333333333339
LU-house_age_rule,81,Appliance,False,1.0,1.0,0.005833333333333339
LU-house_age_rule,82,Appliance,False,1.0,1.0,0.020833333333333315
LU-house_age_rule,83,Appliance,False,1.0,1.0,0.13249999999999998
LU-house_age_rule,84,Appliance,False,1.0,1.0,0.10999999999999999
LU-house_age_rule,85,Appliance,False,1.0,1.0,0.0050000000000000044
LU-house_age_rule,86,Appliance,False,1.0,1.0,0.0675
LU-house_age_rule,87,Appliance,False,1.0,1.0,0.020833333333333325
LU-house_age_rule,88,Appliance,False,1.0,1.0,0.16833333333333333
LU-house_age_rule,89,Appliance,False,1.0,1.0,0.032499999999999994
LU-house_age_rule,90,Appliance,False,1.0,1.0,0.005833333333333339
LU-house_age_rule,91,Appliance,False,1.0,1.0,0.022499999999999992
LU-house_age_rule,92,Appliance,False,1.0,1.0,0.1725
LU-house_age_rule,93,Appliance,False,0.33333333333333337,1.0,0.13499999999999998
LU-house_age_rule,94,Appliance,False,1.0,1.0,0.006666666666666672
LU-house_age_rule,95,Appliance,False,1.0,1.0,0.11666666666666668
LU-house_age_rule,96,Appliance,False,1.0,1.0,0.019999999999999962
LU-house_age_rule,97,Appliance,False,1.0,1.0,0.135
LU-house_age_rule,98,Appliance,False,1.0,1.0,0.18416666666666667
LU-house_age_rule,99,Appliance,False,1.0,1.0,0.0050000000000000044
LU-house_age_rule,100,Appliance,False,1.0,1.0,0.019166666666666655
LU-house_age_rule,101,Appliance,False,1.0,1.0,0.17
LU-house_age_rule,102,Appliance,False,1.0,1.0,0.04833333333333332
LU-house_age_rule,103,Appliance,False,1.0,1.0,0.01833333333333335
LU-house_age_rule,104,Appliance,False,1.0,1.0,0.00416666666666667
LU-house_age_rule,105,Appliance,False,1.0,1.0,0.07083333333333335
LU-house_age_rule,106,Appliance,False,1.0,1.0,0.03
LU-house_age_rule,107,Appliance,False,1.0,1.0,0.07666666666666667
LU-house_age_rule,108,Appliance,False,1.0,1.0,0.01166666666666665
LU-house_age_rule,109,Appliance,False,1.0,1.0,0.020833333333333315
LU-house_age_rule,110,Appliance,False,1.0,1.0,0.1583333333333333
LU-house_age_rule,111,Appliance,False,0.33333333333333337,1.0,0.034166666666666685
LU-house_age_rule,112,Appliance,False,1.0,1.0,0.03916666666666665
LU-house_age_rule,113,Appliance,False,1.0,1.0,0.03166666666666667
LU-house_age_rule,114,Appliance,False,1.0,1.0,0.019999999999999962
LU-house_age_rule,115,Appliance,False,1.0,1.0,0.005833333333333339
LU-house_age_rule,116,Appliance,False,1.0,1.0,0.03249999999999997
LU-house_age_rule,117,Appliance,False,1.0,1.0,0.10833333333333332
LU-house_age_rule,118,Appliance,False,1.0,1.0,0.019166666666666648
LU-house_age_rule,119,Appliance,False,1.0,1.0,0.02416666666666666
LU-house_age_rule,120,Appliance,False,1.0,1.0,0.10833333333333334
LU-house_age_rule,121,Appliance,False,1.0,1.0,0.027500000000000024
LU-house_age_rule,122,Appliance,False,1.0,1.0,0.06833333333333334
LU-house_age_rule,123,Appliance,False,1.0,1.0,0.013333333333333345
LU-house_age_rule,124,Appliance,False,1.0,1.0,0.07833333333333332
LU-house_age_rule,125,Appliance,False,1.0,1.0,0.0341666666666667
LU-house_age_rule,126,Appliance,False,1.0,1.0,0.007499999999999997
LU-house_age_rule,127,Appliance,False,1.0,1.0,0.019166666666666655
LU-house_age_rule,128,Appliance,False,1.0,1.0,0.07916666666666668
LU-house_age_rule,129,Appliance,False,1.0,1.0,0.02833333333333336
LU-house_age_rule,130,Appliance,False,1.0,1.0,0.013333333333333308
LU-house_age_rule,131,Appliance,False,1.0,1.0,0.10083333333333333
LU-house_age_rule,132,Appliance,False,1.0,1.0,0.018333333333333302
LU-house_age_rule,133,Appliance,False,1.0,1.0,0.030833333333333324
LU-house_age_rule,134,Appliance,False,1.0,1.0,0.06916666666666667
LU-house_age_rule,135,Appliance,False,1.0,1.0,0.013333333333333345
LU-house_age_rule,136,Shower,False,1.0,1.0,0.04750000000000001
LU-house_age_rule,137,Shower,False,1.0,1.0,0.041666666666666664
LU-house_age_rule,138,Shower,False,1.0,1.0,0.0
LU-house_age_rule,139,Shower,False,1.0,1.0,0.023333333333333334
LU-house_age_rule,140,Shower,False,1.0,1.0,0.023333333333333334
LU-house_age_rule,141,Shower,False,1.0,1.0,0.029166666666666664
LU-house_age_rule,142,Shower,False,1.0,1.0,0.0
LU-house_age_rule,143,Shower,False,1.0,1.0,0.0
LU-house_age_rule,144,Shower,False,1.0,1.0,0.016666666666666666
LU-house_age_rule,145,Shower,False,1.0,1.0,0.02583333333333333
LU-house_age_rule,146,Shower,False,1.0,1.0,0.025833333333333333
LU-house_age_rule,147,Shower,False,1.0,1.0,0.029166666666666664
LU-house_age_rule,148,Shower,False,1.0,1.0,0.0
LU-house_age_rule,149,Shower,False,1.0,1.0,0.03166666666666667
LU-house_age_rule,150,Shower,False,1.0,1.0,0.030833333333333338
LU-house_age_rule,151,Shower,False,1.0,1.0,0.0
LU-house_age_rule,152,Shower,False,1.0,1.0,0.06916666666666667
LU-house_age_rule,153,Shower,False,1.0,1.0,0.0
LU-house_age_rule,154,Shower,False,0.33333333333333337,0.0,0.08
LU-house_age_rule,155,Shower,False,1.0,1.0,0.050833333333333335
LU-house_age_rule,156,Shower,False,1.0,1.0,0.0625
LU-house_age_rule,157,Shower,False,1.0,1.0,0.047499999999999994
LU-house_age_rule,158,Shower,False,1.0,1.0,0.03833333333333332
LU-house_age_rule,159,Shower,False,1.0,1.0,0.04083333333333333
LU-house_age_rule,160,Shower,False,1.0,1.0,0.011666666666666665
LU-house_age_rule,161,Shower,False,0.33333333333333337,0.0,0.07416666666666666
LU-house_age_rule,162,Shower,False,1.0,1.0,0.023333333333333334
LU-house_age_rule,163,Shower,False,1.0,1.0,0.07749999999999999
LU-house_age_rule,164,Shower,False,1.0,1.0,0.0
LU-house_age_rule,165,Shower,False,1.0,1.0,0.08583333333333333
LU-house_age_rule,166,Shower,False,1.0,1.0,0.11583333333333333
LU-house_age_rule,167,Shower,False,1.0,1.0,0.041666666666666664
LU-house_age_rule,168,Shower,False,1.0,1.0,0.11416666666666665
LU-house_age_rule,169,Shower,False,1.0,1.0,0.024999999999999998
LU-house_age_rule,170,Shower,False,1.0,1.0,0.0
LU-house_age_rule,171,Shower,False,1.0,1.0,0.0
LU-house_age_rule,172,Shower,False,1.0,1.0,0.06416666666666666
LU-house_age_rule,173,Shower,False,1.0,1.0,0.0
LU-house_age_rule,174,Shower,False,1.0,1.0,0.06416666666666665
LU-house_age_rule,175,Shower,False,1.0,1.0,0.0
LU-house_age_rule,176,Shower,False,1.0,1.0,0.0
LU-house_age_rule,177,Shower,False,0.33333333333333337,0.0,0.08
LU-house_age_rule,178,Shower,False,1.0,1.0,0.0
LU-house_age_rule,179,Shower,False,1.0,1.0,0.0
LU-house_age_rule,180,Shower,False,1.0,1.0,0.09749999999999999
LU-house_age_rule,181,Shower,False,1.0,1.0,0.0
LU-house_age_rule,182,Shower,False,0.33333333333333337,1.0,0.0375
LU-house_age_rule,183,Shower,False,1.0,1.0,0.0
LU-house_age_rule,184,Shower,False,0.33333333333333337,0.0,0.11916666666666664
LU-house_age_rule,185,Shower,False,1.0,1.0,0.0
LU-house_age_rule,186,Shower,False,1.0,1.0,0.0
LU-house_age_rule,187,Shower,False,1.0,1.0,0.0
LU-house_age_rule,188,Shower,False,0.33333333333333337,0.0,0.08
LU-house_age_rule,189,Shower,False,0.33333333333333337,1.0,0.026666666666666655
LU-house_age_rule,190,Shower,False,1.0,1.0,0.0
LU-house_age_rule,191,Shower,False,1.0,1.0,0.0
LU-house_age_rule,192,Shower,False,-0.33333333333333337,0.0,0.027499999999999986
LU-house_age_rule,193,Shower,False,0.33333333333333337,0.0,0.04333333333333333
LU-house_age_rule,194,Shower,False,-0.33333333333333337,0.0,0.08833333333333333
LU-house_age_rule,195,Shower,False,-1.0,0.0,0.03250000000000001
FD+occupancy_parse,1,HVAC,False,1.0,1.0,0.019166666666666648
FD+occupancy_parse,2,HVAC,False,1.0,1.0,0.04249999999999998
FD+occupancy_parse,3,HVAC,False,1.0,1.0,0.05083333333333334
FD+occupancy_parse,4,HVAC,False,1.0,1.0,0.03500000000000001
FD+occupancy_parse,5,HVAC,False,1.0,1.0,0.049999999999999996
FD+occupancy_parse,6,HVAC,False,1.0,1.0,0.085
FD+occupancy_parse,7,HVAC,False,1.0,1.0,0.12583333333333332
FD+occupancy_parse,8,HVAC,False,1.0,1.0,0.017499999999999977
FD+occupancy_parse,9,HVAC,False,1.0,1.0,0.05166666666666667
FD+occupancy_parse,10,HVAC,False,1.0,1.0,0.02250000000000002
FD+occupancy_parse,11,HVAC,False,1.0,1.0,0.03916666666666666
FD+occupancy_parse,12,HVAC,False,1.0,1.0,0.03749999999999996
FD+occupancy_parse,13,HVAC,False,1.0,1.0,0.06749999999999998
FD+occupancy_parse,14,HVAC,False,1.0,1.0,0.06916666666666664
FD+occupancy_parse,15,HVAC,False,1.0,1.0,0.04500000000000001
FD+occupancy_parse,16,HVAC,False,1.0,1.0,0.05999999999999999
FD+occupancy_parse,17,HVAC,False,1.0,1.0,0.03750000000000001
FD+occupancy_parse,18,HVAC,False,1.0,1.0,0.01416666666666668
FD+occupancy_parse,19,HVAC,False,1.0,1.0,0.065
FD+occupancy_parse,20,HVAC,False,1.0,1.0,0.025833333333333337
FD+occupancy_parse,21,HVAC,False,1.0,1.0,0.07416666666666667
FD+occupancy_parse,22,HVAC,False,1.0,1.0,0.024166666666666666
FD+occupancy_parse,23,HVAC,False,1.0,1.0,0.04583333333333334
FD+occupancy_parse,24,HVAC,False,1.0,1.0,0.039166666666666676
FD+occupancy_parse,25,HVAC,False,1.0,1.0,0.030000000000000002
FD+occupancy_parse,26,HVAC,False,1.0,1.0,0.12000000000000001
FD+occupancy_parse,27,HVAC,False,1.0,1.0,0.13583333333333333
FD+occupancy_parse,28,HVAC,False,1.0,1.0,0.17833333333333332
FD+occupancy_parse,29,HVAC,False,1.0,1.0,0.15
FD+occupancy_parse,30,HVAC,False,1.0,1.0,0.00999999999999999
FD+occupancy_parse,31,HVAC,False,1.0,1.0,0.07083333333333335
FD+occupancy_parse,32,HVAC,False,1.0,1.0,0.15333333333333335
FD+occupancy_parse,33,HVAC,False,1.0,1.0,0.044999999999999984
FD+occupancy_parse,34,HVAC,False,1.0,1.0,0.06416666666666666
FD+occupancy_parse,35,HVAC,False,1.0,1.0,0.21083333333333332
FD+occupancy_parse,36,HVAC,False,1.0,1.0,0.010000000000000009
FD+occupancy_parse,37,HVAC,False,1.0,1.0,0.041666666666666685
FD+occupancy_parse,38,HVAC,False,0.33333333333333337,1.0,0.01416666666666668
FD+occupancy_parse,39,HVAC,False,1.0,1.0,0.025833333333333337
FD+occupancy_parse,40,HVAC,False,1.0,1.0,0.010000000000000009
FD+occupancy_parse,41,HVAC,False,1.0,1.0,0.0050000000000000044
FD+occupancy_parse,42,HVAC,False,1.0,1.0,0.16666666666666666
FD+occupancy_parse,43,HVAC,False,1.0,1.0,0.00583333333333332
FD+occupancy_parse,44,HVAC,False,1.0,1.0,0.02250000000000001
FD+occupancy_parse,45,HVAC,False,1.0,1.0,0.07333333333333335
FD+occupancy_parse,46,HVAC,False,1.0,1.0,0.07333333333333333
FD+occupancy_parse,47,HVAC,False,1.0,1.0,0.0050000000000000044
FD+occupancy_parse,48,HVAC,False,1.0,1.0,0.1975
FD+occupancy_parse,49,HVAC,False,1.0,1.0,0.09666666666666664
FD+occupancy_parse,50,HVAC,False,1.0,1.0,0.04666666666666664
FD+occupancy_parse,51,HVAC,False,0.33333333333333337,0.0,0.17666666666666667
FD+occupancy_parse,52,HVAC,False,1.0,1.0,0.010000000000000009
FD+occupancy_parse,53,HVAC,False,1.0,1.0,0.03333333333333332
FD+occupancy_parse,54,HVAC,False,1.0,1.0,0.00416666666666667
FD+occupancy_parse,55,HVAC,False,1.0,1.0,0.0325
FD+occupancy_parse,56,HVAC,False,0.33333333333333337,0.0,0.02833333333333336
FD+occupancy_parse,57,HVAC,False,1.0,1.0,0.1125
FD+occupancy_parse,58,HVAC,False,1.0,1.0,0.085
FD+occupancy_parse,59,HVAC,False,1.0,1.0,0.025000000000000012
FD+occupancy_parse,60,HVAC,False,1.0,1.0,0.012499999999999983
FD+occupancy_parse,61,HVAC,False,1.0,1.0,0.06166666666666667
FD+occupancy_parse,62,HVAC,False,1.0,1.0,0.025000000000000005
FD+occupancy_parse,63,HVAC,False,1.0,1.0,0.07666666666666666
FD+occupancy_parse,64,HVAC,False,1.0,1.0,0.011666666666666659
FD+occupancy_parse,65,HVAC,False,1.0,1.0,0.07916666666666666
FD+occupancy_parse,66,HVAC,False,1.0,1.0,0.2725
FD+occupancy_parse,67,HVAC,False,1.0,1.0,0.01666666666666668
FD+occupancy_parse,68,HVAC,False,1.0,1.0,0.20916666666666664
FD+occupancy_parse,69,HVAC,False,1.0,1.0,0.032499999999999994
FD+occupancy_parse,70,HVAC,False,1.0,1.0,0.02833333333333334
FD+occupancy_parse,71,Appliance,False,0.33333333333333337,0.0,0.13583333333333333
FD+occupancy_parse,72,Appliance,False,1.0,1.0,0.1416666666666667
FD+occupancy_parse,73,Appliance,False,0.33333333333333337,1.0,0.17000000000000004
FD+occupancy_parse,74,Appliance,False,-1.0,0.0,0.21083333333333334
FD+occupancy_parse,75,Appliance,False,1.0,1.0,0.23083333333333333
FD+occupancy_parse,76,Appliance,False,-1.0,0.0,0.17416666666666666
FD+occupancy_parse,77,Appliance,False,-1.0,0.0,0.21999999999999995
FD+occupancy_parse,78,Appliance,False,-1.0,0.0,0.18166666666666664
FD+occupancy_parse,79,Appliance,False,0.33333333333333337,1.0,0.2508333333333333
FD+occupancy_parse,80,Appliance,False,1.0,1.0,0.005833333333333339
FD+occupancy_parse,81,Appliance,False,1.0,1.0,0.036666666666666674
FD+occupancy_parse,82,Appliance,False,0.33333333333333337,0.0,0.1708333333333333
FD+occupancy_parse,83,Appliance,False,0.33333333333333337,0.0,0.285
FD+occupancy_parse,84,Appliance,False,-0.33333333333333337,0.0,0.22999999999999998
FD+occupancy_parse,85,Appliance,False,-0.33333333333333337,0.0,0.07
FD+occupancy_parse,86,Appliance,False,-0.33333333333333337,0.0,0.1775
FD+occupancy_parse,87,Appliance,False,-0.33333333333333337,0.0,0.08499999999999998
FD+occupancy_parse,88,Appliance,False,0.33333333333333337,0.0,0.26166666666666666
FD+occupancy_parse,89,Appliance,False,-0.33333333333333337,0.0,0.12333333333333334
FD+occupancy_parse,90,Appliance,False,0.33333333333333337,0.0,0.06166666666666667
FD+occupancy_parse,91,Appliance,False,1.0,1.0,0.022499999999999992
FD+occupancy_parse,92,Appliance,False,0.33333333333333337,0.0,0.2433333333333333
FD+occupancy_parse,93,Appliance,False,-0.33333333333333337,0.0,0.22583333333333333
FD+occupancy_parse,94,Appliance,False,0.33333333333333337,0.0,0.14333333333333337
FD+occupancy_parse,95,Appliance,False,-0.33333333333333337,0.0,0.285
FD+occupancy_parse,96,Appliance,False,1.0,1.0,0.04916666666666663
FD+occupancy_parse,97,Appliance,False,0.33333333333333337,0.0,0.2875
FD+occupancy_parse,98,Appliance,False,-0.33333333333333337,0.0,0.3491666666666667
FD+occupancy_parse,99,Appliance,False,0.33333333333333337,0.0,0.10333333333333333
FD+occupancy_parse,100,Appliance,False,1.0,1.0,0.08249999999999998
FD+occupancy_parse,101,Appliance,False,-0.33333333333333337,0.0,0.27499999999999997
FD+occupancy_parse,102,Appliance,False,0.33333333333333337,0.0,0.17333333333333334
FD+occupancy_parse,103,Appliance,False,1.0,1.0,0.01833333333333335
FD+occupancy_parse,104,Appliance,False,1.0,1.0,0.035833333333333335
FD+occupancy_parse,105,Appliance,False,-1.0,0.0,0.22833333333333336
FD+occupancy_parse,106,Appliance,False,-1.0,0.0,0.1775
FD+occupancy_parse,107,Appliance,False,0.33333333333333337,0.0,0.1441666666666667
FD+occupancy_parse,108,Appliance,False,-1.0,0.0,0.18500000000000003
FD+occupancy_parse,109,Appliance,False,-1.0,0.0,0.21583333333333332
FD+occupancy_parse,110,Appliance,False,-0.33333333333333337,0.0,0.28500000000000003
FD+occupancy_parse,111,Appliance,False,0.33333333333333337,0.0,0.18833333333333335
FD+occupancy_parse,112,Appliance,False,-0.33333333333333337,0.0,0.25666666666666665
FD+occupancy_parse,113,Appliance,False,-0.33333333333333337,0.0,0.16499999999999995
FD+occupancy_parse,114,Appliance,False,0.33333333333333337,0.0,0.1483333333333333
FD+occupancy_parse,115,Appliance,False,1.0,1.0,0.005833333333333339
FD+occupancy_parse,116,Appliance,False,0.33333333333333337,1.0,0.1558333333333333
FD+occupancy_parse,117,Appliance,False,0.33333333333333337,0.0,0.22249999999999995
FD+occupancy_parse,118,Appliance,False,-0.33333333333333337,0.0,0.11916666666666666
FD+occupancy_parse,119,Appliance,False,-1.0,0.0,0.12166666666666665
FD+occupancy_parse,120,Appliance,False,-0.33333333333333337,0.0,0.22750000000000004
FD+occupancy_parse,121,Appliance,False,-1.0,0.0,0.2633333333333334
FD+occupancy_parse,122,Appliance,False,0.33333333333333337,0.0,0.26500000000000007
FD+occupancy_parse,123,Appliance,False,1.0,1.0,0.04666666666666668
FD+occupancy_parse,124,Appliance,False,0.33333333333333337,1.0,0.15999999999999998
FD+occupancy_parse,125,Appliance,False,1.0,1.0,0.07083333333333336
FD+occupancy_parse,126,Appliance,False,0.33333333333333337,0.0,0.1475
FD+occupancy_parse,127,Appliance,False,1.0,1.0,0.04416666666666665
FD+occupancy_parse,128,Appliance,False,0.33333333333333337,0.0,0.2191666666666667
FD+occupancy_parse,129,Appliance,False,-1.0,0.0,0.2025
FD+occupancy_parse,130,Appliance,False,0.33333333333333337,0.0,0.11666666666666664
FD+occupancy_parse,131,Appliance,False,1.0,1.0,0.10083333333333333
FD+occupancy_parse,132,Appliance,False,0.33333333333333337,0.0,0.15166666666666664
FD+occupancy_parse,133,Appliance,False,0.33333333333333337,0.0,0.11749999999999998
FD+occupancy_parse,134,Appliance,False,1.0,1.0,0.06916666666666667
FD+occupancy_parse,135,Appliance,False,-1.0,0.0,0.14166666666666666
FD+occupancy_parse,136,Shower,False,-1.0,0.0,0.12
FD+occupancy_parse,137,Shower,False,0.33333333333333337,1.0,0.1425
FD+occupancy_parse,138,Shower,False,0.33333333333333337,0.0,0.11833333333333333
FD+occupancy_parse,139,Shower,False,1.0,1.0,0.023333333333333334
FD+occupancy_parse,140,Shower,False,0.33333333333333337,0.0,0.13416666666666668
FD+occupancy_parse,141,Shower,False,1.0,1.0,0.029166666666666664
FD+occupancy_parse,142,Shower,False,-0.33333333333333337,0.0,0.1025
FD+occupancy_parse,143,Shower,False,0.33333333333333337,0.0,0.10916666666666668
FD+occupancy_parse,144,Shower,False,1.0,1.0,0.016666666666666666
FD+occupancy_parse,145,Shower,False,1.0,1.0,0.09166666666666667
FD+occupancy_parse,146,Shower,False,1.0,1.0,0.09833333333333333
FD+occupancy_parse,147,Shower,False,1.0,1.0,0.029166666666666664
FD+occupancy_parse,148,Shower,False,1.0,1.0,0.0
FD+occupancy_parse,149,Shower,False,1.0,1.0,0.09083333333333334
FD+occupancy_parse,150,Shower,False,1.0,1.0,0.1366666666666667
FD+occupancy_parse,151,Shower,False,1.0,1.0,0.0675
FD+occupancy_parse,152,Shower,False,1.0,1.0,0.049166666666666664
FD+occupancy_parse,153,Shower,False,1.0,1.0,0.13333333333333333
FD+occupancy_parse,154,Shower,False,0.33333333333333337,1.0,0.08666666666666667
FD+occupancy_parse,155,Shower,False,1.0,1.0,0.050833333333333335
FD+occupancy_parse,156,Shower,False,1.0,1.0,0.0625
FD+occupancy_parse,157,Shower,False,1.0,1.0,0.07083333333333333
FD+occupancy_parse,158,Shower,False,1.0,1.0,0.12000000000000001
FD+occupancy_parse,159,Shower,False,1.0,1.0,0.13416666666666668
FD+occupancy_parse,160,Shower,False,1.0,1.0,0.13249999999999998
FD+occupancy_parse,161,Shower,False,1.0,1.0,0.05416666666666666
FD+occupancy_parse,162,Shower,False,1.0,1.0,0.023333333333333334
FD+occupancy_parse,163,Shower,False,1.0,1.0,0.0575
FD+occupancy_parse,164,Shower,False,1.0,1.0,0.0
FD+occupancy_parse,165,Shower,False,1.0,1.0,0.06083333333333333
FD+occupancy_parse,166,Shower,False,0.33333333333333337,0.0,0.09500000000000001
FD+occupancy_parse,167,Shower,False,1.0,1.0,0.041666666666666664
FD+occupancy_parse,168,Shower,False,0.33333333333333337,0.0,0.09250000000000001
FD+occupancy_parse,169,Shower,False,1.0,1.0,0.024999999999999998
FD+occupancy_parse,170,Shower,False,1.0,1.0,0.0
FD+occupancy_parse,171,Shower,False,1.0,1.0,0.0
FD+occupancy_parse,172,Shower,False,1.0,1.0,0.06416666666666666
FD+occupancy_parse,173,Shower,False,1.0,1.0,0.0
FD+occupancy_parse,174,Shower,False,1.0,1.0,0.06333333333333334
FD+occupancy_parse,175,Shower,False,1.0,1.0,0.0
FD+occupancy_parse,176,Shower,False,1.0,1.0,0.0
FD+occupancy_parse,177,Shower,False,1.0,1.0,0.06
FD+occupancy_parse,178,Shower,False,1.0,1.0,0.0
FD+occupancy_parse,179,Shower,False,1.0,1.0,0.0
FD+occupancy_parse,180,Shower,False,1.0,1.0,0.09749999999999999
FD+occupancy_parse,181,Shower,False,1.0,1.0,0.15416666666666665
FD+occupancy_parse,182,Shower,False,1.0,1.0,0.03833333333333333
FD+occupancy_parse,183,Shower,False,1.0,1.0,0.0
FD+occupancy_parse,184,Shower,False,1.0,1.0,0.09583333333333333
FD+occupancy_parse,185,Shower,False,1.0,1.0,0.0
FD+occupancy_parse,186,Shower,False,1.0,1.0,0.0
FD+occupancy_parse,187,Shower,False,1.0,1.0,0.0
FD+occupancy_parse,188,Shower,False,1.0,1.0,0.06
FD+occupancy_parse,189,Shower,False,-0.33333333333333337,0.0,0.03166666666666668
FD+occupancy_parse,190,Shower,False,1.0,1.0,0.0
FD+occupancy_parse,191,Shower,False,1.0,1.0,0.0
FD+occupancy_parse,192,Shower,False,0.33333333333333337,1.0,0.03333333333333335
FD+occupancy_parse,193,Shower,False,-1.0,0.0,0.13499999999999998
FD+occupancy_parse,194,Shower,False,1.0,1.0,0.08833333333333333
FD+occupancy_parse,195,Shower,False,1.0,1.0,0.03583333333333333
LU-occupancy_parse,1,HVAC,False,1.0,1.0,0.04250000000000002
LU-occupancy_parse,2,HVAC,False,1.0,1.0,0.027499999999999986
LU-occupancy_parse,3,HVAC,False,1.0,1.0,0.04749999999999999
LU-occupancy_parse,4,HVAC,False,1.0,1.0,0.03333333333333335
LU-occupancy_parse,5,HVAC,False,0.33333333333333337,1.0,0.07166666666666667
LU-occupancy_parse,6,HVAC,False,1.0,1.0,0.0
LU-occupancy_parse,7,HVAC,False,1.0,1.0,0.03416666666666665
LU-occupancy_parse,8,HVAC,False,1.0,1.0,0.045833333333333316
LU-occupancy_parse,9,HVAC,False,1.0,1.0,0.026666666666666672
LU-occupancy_parse,10,HVAC,False,1.0,1.0,0.0050000000000000044
LU-occupancy_parse,11,HVAC,False,1.0,1.0,0.044999999999999984
LU-occupancy_parse,12,HVAC,False,1.0,1.0,0.03916666666666665
LU-occupancy_parse,13,HVAC,False,1.0,1.0,0.08166666666666664
LU-occupancy_parse,14,HVAC,False,1.0,1.0,0.028333333333333283
LU-occupancy_parse,15,HVAC,False,1.0,1.0,0.05166666666666667
LU-occupancy_parse,16,HVAC,False,1.0,1.0,0.05166666666666667
LU-occupancy_parse,17,HVAC,False,1.0,1.0,0.06166666666666667
LU-occupancy_parse,18,HVAC,False,1.0,1.0,0.05666666666666668
LU-occupancy_parse,19,HVAC,False,1.0,1.0,0.047499999999999994
LU-occupancy_parse,20,HVAC,False,1.0,1.0,0.0375
LU-occupancy_parse,21,HVAC,False,1.0,1.0,0.014999999999999994
LU-occupancy_parse,22,HVAC,False,1.0,1.0,0.018333333333333326
LU-occupancy_parse,23,HVAC,False,1.0,1.0,0.03416666666666668
LU-occupancy_parse,24,HVAC,False,1.0,1.0,0.04416666666666666
LU-occupancy_parse,25,HVAC,False,1.0,1.0,0.060000000000000005
LU-occupancy_parse,26,HVAC,False,1.0,1.0,0.02416666666666667
LU-occupancy_parse,27,HVAC,False,1.0,1.0,0.03833333333333335
LU-occupancy_parse,28,HVAC,False,1.0,1.0,0.0
LU-occupancy_parse,29,HVAC,False,1.0,1.0,0.0050000000000000044
LU-occupancy_parse,30,HVAC,False,1.0,1.0,0.02583333333333331
LU-occupancy_parse,31,HVAC,False,1.0,1.0,0.06666666666666667
LU-occupancy_parse,32,HVAC,False,1.0,1.0,0.012500000000000002
LU-occupancy_parse,33,HVAC,False,1.0,1.0,0.16166666666666665
LU-occupancy_parse,34,HVAC,False,1.0,1.0,0.060000000000000005
LU-occupancy_parse,35,HVAC,False,1.0,1.0,0.014166666666666662
LU-occupancy_parse,36,HVAC,False,1.0,1.0,0.010000000000000009
LU-occupancy_parse,37,HVAC,False,1.0,1.0,0.030000000000000013
LU-occupancy_parse,38,HVAC,False,1.0,1.0,0.0025000000000000022
LU-occupancy_parse,39,HVAC,False,1.0,1.0,0.001666666666666668
LU-occupancy_parse,40,HVAC,False,1.0,1.0,0.02416666666666668
LU-occupancy_parse,41,HVAC,False,1.0,1.0,0.0024999999999999974
LU-occupancy_parse,42,HVAC,False,1.0,1.0,0.008333333333333337
LU-occupancy_parse,43,HVAC,False,1.0,1.0,0.08166666666666665
LU-occupancy_parse,44,HVAC,False,0.33333333333333337,0.0,0.04583333333333334
LU-occupancy_parse,45,HVAC,False,1.0,1.0,0.15083333333333335
LU-occupancy_parse,46,HVAC,False,1.0,1.0,0.07166666666666666
LU-occupancy_parse,47,HVAC,False,1.0,1.0,0.12416666666666666
LU-occupancy_parse,48,HVAC,False,1.0,1.0,0.07416666666666667
LU-occupancy_parse,49,HVAC,False,1.0,1.0,0.06083333333333333
LU-occupancy_parse,50,HVAC,False,1.0,1.0,0.10083333333333333
LU-occupancy_parse,51,HVAC,False,1.0,1.0,0.007500000000000007
LU-occupancy_parse,52,HVAC,False,1.0,1.0,0.010000000000000009
LU-occupancy_parse,53,HVAC,False,1.0,1.0,0.03249999999999998
LU-occupancy_parse,54,HVAC,False,0.33333333333333337,0.0,0.020000000000000018
LU-occupancy_parse,55,HVAC,False,1.0,1.0,0.04333333333333334
LU-occupancy_parse,56,HVAC,False,0.33333333333333337,0.0,0.030000000000000016
LU-occupancy_parse,57,HVAC,False,1.0,1.0,0.07916666666666666
LU-occupancy_parse,58,HVAC,False,1.0,1.0,0.05916666666666667
LU-occupancy_parse,59,HVAC,False,1.0,1.0,0.056666666666666664
LU-occupancy_parse,60,HVAC,False,1.0,1.0,0.012499999999999983
LU-occupancy_parse,61,HVAC,False,1.0,1.0,0.034999999999999996
LU-occupancy_parse,62,HVAC,False,1.0,1.0,0.03333333333333333
LU-occupancy_parse,63,HVAC,False,1.0,1.0,0.07000000000000002
LU-occupancy_parse,64,HVAC,False,1.0,1.0,0.013333333333333327
LU-occupancy_parse,65,HVAC,False,1.0,1.0,0.07916666666666665
LU-occupancy_parse,66,HVAC,False,1.0,1.0,0.0033333333333333353
LU-occupancy_parse,67,HVAC,False,1.0,1.0,0.031666666666666655
LU-occupancy_parse,68,HVAC,False,1.0,1.0,0.0050000000000000044
LU-occupancy_parse,69,HVAC,False,1.0,1.0,0.013333333333333327
LU-occupancy_parse,70,HVAC,False,1.0,1.0,0.12666666666666665
LU-occupancy_parse,71,Appliance,False,1.0,1.0,0.009999999999999981
LU-occupancy_parse,72,Appliance,False,1.0,1.0,0.1416666666666667
LU-occupancy_parse,73,Appliance,False,1.0,1.0,0.04250000000000002
LU-occupancy_parse,74,Appliance,False,1.0,1.0,0.030833333333333324
LU-occupancy_parse,75,Appliance,False,0.33333333333333337,1.0,0.17833333333333334
LU-occupancy_parse,76,Appliance,False,1.0,1.0,0.015000000000000013
LU-occupancy_parse,77,Appliance,False,0.33333333333333337,1.0,0.08916666666666666
LU-occupancy_parse,78,Appliance,False,1.0,1.0,0.05583333333333334
LU-occupancy_parse,79,Appliance,False,1.0,1.0,0.09000000000000002
LU-occupancy_parse,80,Appliance,False,1.0,1.0,0.005833333333333339
LU-occupancy_parse,81,Appliance,False,1.0,1.0,0.005833333333333339
LU-occupancy_parse,82,Appliance,False,1.0,1.0,0.020833333333333315
LU-occupancy_parse,83,Appliance,False,1.0,1.0,0.13249999999999998
LU-occupancy_parse,84,Appliance,False,1.0,1.0,0.10999999999999999
LU-occupancy_parse,85,Appliance,False,1.0,1.0,0.0050000000000000044
LU-occupancy_parse,86,Appliance,False,1.0,1.0,0.0675
LU-occupancy_parse,87,Appliance,False,1.0,1.0,0.020833333333333325
LU-occupancy_parse,88,Appliance,False,1.0,1.0,0.16833333333333333
LU-occupancy_parse,89,Appliance,False,1.0,1.0,0.032499999999999994
LU-occupancy_parse,90,Appliance,False,1.0,1.0,0.005833333333333339
LU-occupancy_parse,91,Appliance,False,1.0,1.0,0.022499999999999992
LU-occupancy_parse,92,Appliance,False,1.0,1.0,0.1725
LU-occupancy_parse,93,Appliance,False,0.33333333333333337,1.0,0.13499999999999998
LU-occupancy_parse,94,Appliance,False,1.0,1.0,0.006666666666666672
LU-occupancy_parse,95,Appliance,False,1.0,1.0,0.11666666666666668
LU-occupancy_parse,96,Appliance,False,1.0,1.0,0.019999999999999962
LU-occupancy_parse,97,Appliance,False,1.0,1.0,0.135
LU-occupancy_parse,98,Appliance,False,1.0,1.0,0.18416666666666667
LU-occupancy_parse,99,Appliance,False,1.0,1.0,0.0050000000000000044
LU-occupancy_parse,100,Appliance,False,1.0,1.0,0.019166666666666655
LU-occupancy_parse,101,Appliance,False,1.0,1.0,0.17
LU-occupancy_parse,102,Appliance,False,1.0,1.0,0.04833333333333332
LU-occupancy_parse,103,Appliance,False,1.0,1.0,0.01833333333333335
LU-occupancy_parse,104,Appliance,False,1.0,1.0,0.00416666666666667
LU-occupancy_parse,105,Appliance,False,1.0,1.0,0.07083333333333335
LU-occupancy_parse,106,Appliance,False,1.0,1.0,0.03
LU-occupancy_parse,107,Appliance,False,1.0,1.0,0.07666666666666667
LU-occupancy_parse,108,Appliance,False,1.0,1.0,0.01166666666666665
LU-occupancy_parse,109,Appliance,False,1.0,1.0,0.020833333333333315
LU-occupancy_parse,110,Appliance,False,1.0,1.0,0.1583333333333333
LU-occupancy_parse,111,Appliance,False,0.33333333333333337,1.0,0.034166666666666685
LU-occupancy_parse,112,Appliance,False,1.0,1.0,0.03916666666666665
LU-occupancy_parse,113,Appliance,False,1.0,1.0,0.03166666666666667
LU-occupancy_parse,114,Appliance,False,1.0,1.0,0.019999999999999962
LU-occupancy_parse,115,Appliance,False,1.0,1.0,0.005833333333333339
LU-occupancy_parse,116,Appliance,False,1.0,1.0,0.03249999999999997
LU-occupancy_parse,117,Appliance,False,1.0,1.0,0.10833333333333332
LU-occupancy_parse,118,Appliance,False,1.0,1.0,0.019166666666666648
LU-occupancy_parse,119,Appliance,False,1.0,1.0,0.02416666666666666
LU-occupancy_parse,120,Appliance,False,1.0,1.0,0.10833333333333334
LU-occupancy_parse,121,Appliance,False,1.0,1.0,0.027500000000000024
LU-occupancy_parse,122,Appliance,False,1.0,1.0,0.06833333333333334
LU-occupancy_parse,123,Appliance,False,1.0,1.0,0.013333333333333345
LU-occupancy_parse,124,Appliance,False,1.0,1.0,0.07833333333333332
LU-occupancy_parse,125,Appliance,False,1.0,1.0,0.0341666666666667
LU-occupancy_parse,126,Appliance,False,1.0,1.0,0.007499999999999997
LU-occupancy_parse,127,Appliance,False,1.0,1.0,0.019166666666666655
LU-occupancy_parse,128,Appliance,False,1.0,1.0,0.07916666666666668
LU-occupancy_parse,129,Appliance,False,1.0,1.0,0.02833333333333336
LU-occupancy_parse,130,Appliance,False,1.0,1.0,0.013333333333333308
LU-occupancy_parse,131,Appliance,False,1.0,1.0,0.10083333333333333
LU-occupancy_parse,132,Appliance,False,1.0,1.0,0.018333333333333302
LU-occupancy_parse,133,Appliance,False,1.0,1.0,0.030833333333333324
LU-occupancy_parse,134,Appliance,False,1.0,1.0,0.06916666666666667
LU-occupancy_parse,135,Appliance,False,1.0,1.0,0.013333333333333345
LU-occupancy_parse,136,Shower,False,1.0,1.0,0.04750000000000001
LU-occupancy_parse,137,Shower,False,1.0,1.0,0.041666666666666664
LU-occupancy_parse,138,Shower,False,1.0,1.0,0.0
LU-occupancy_parse,139,Shower,False,1.0,1.0,0.023333333333333334
LU-occupancy_parse,140,Shower,False,1.0,1.0,0.023333333333333334
LU-occupancy_parse,141,Shower,False,1.0,1.0,0.029166666666666664
LU-occupancy_parse,142,Shower,False,1.0,1.0,0.0
LU-occupancy_parse,143,Shower,False,1.0,1.0,0.0
LU-occupancy_parse,144,Shower,False,1.0,1.0,0.016666666666666666
LU-occupancy_parse,145,Shower,False,1.0,1.0,0.02583333333333333
LU-occupancy_parse,146,Shower,False,1.0,1.0,0.025833333333333333
LU-occupancy_parse,147,Shower,False,1.0,1.0,0.029166666666666664
LU-occupancy_parse,148,Shower,False,1.0,1.0,0.0
LU-occupancy_parse,149,Shower,False,1.0,1.0,0.03166666666666667
LU-occupancy_parse,150,Shower,False,1.0,1.0,0.030833333333333338
LU-occupancy_parse,151,Shower,False,1.0,1.0,0.0
LU-occupancy_parse,152,Shower,False,1.0,1.0,0.06916666666666667
LU-occupancy_parse,153,Shower,False,1.0,1.0,0.0
LU-occupancy_parse,154,Shower,False,0.33333333333333337,0.0,0.08
LU-occupancy_parse,155,Shower,False,1.0,1.0,0.050833333333333335
LU-occupancy_parse,156,Shower,False,1.0,1.0,0.0625
LU-occupancy_parse,157,Shower,False,1.0,1.0,0.047499999999999994
LU-occupancy_parse,158,Shower,False,1.0,1.0,0.03833333333333332
LU-occupancy_parse,159,Shower,False,1.0,1.0,0.04083333333333333
LU-occupancy_parse,160,Shower,False,1.0,1.0,0.011666666666666665
LU-occupancy_parse,161,Shower,False,0.33333333333333337,0.0,0.07416666666666666
LU-occupancy_parse,162,Shower,False,1.0,1.0,0.023333333333333334
LU-occupancy_parse,163,Shower,False,1.0,1.0,0.07749999999999999
LU-occupancy_parse,164,Shower,False,1.0,1.0,0.0
LU-occupancy_parse,165,Shower,False,1.0,1.0,0.08583333333333333
LU-occupancy_parse,166,Shower,False,1.0,1.0,0.11583333333333333
LU-occupancy_parse,167,Shower,False,1.0,1.0,0.041666666666666664
LU-occupancy_parse,168,Shower,False,1.0,1.0,0.11416666666666665
LU-occupancy_parse,169,Shower,False,1.0,1.0,0.024999999999999998
LU-occupancy_parse,170,Shower,False,1.0,1.0,0.0
LU-occupancy_parse,171,Shower,False,1.0,1.0,0.0
LU-occupancy_parse,172,Shower,False,1.0,1.0,0.06416666666666666
LU-occupancy_parse,173,Shower,False,1.0,1.0,0.0
LU-occupancy_parse,174,Shower,False,1.0,1.0,0.06416666666666665
LU-occupancy_parse,175,Shower,False,1.0,1.0,0.0
LU-occupancy_parse,176,Shower,False,1.0,1.0,0.0
LU-occupancy_parse,177,Shower,False,0.33333333333333337,0.0,0.08
LU-occupancy_parse,178,Shower,False,1.0,1.0,0.0
LU-occupancy_parse,179,Shower,False,1.0,1.0,0.0
LU-occupancy_parse,180,Shower,False,1.0,1.0,0.09749999999999999
LU-occupancy_parse,181,Shower,False,1.0,1.0,0.0
LU-occupancy_parse,182,Shower,False,0.33333333333333337,1.0,0.0375
LU-occupancy_parse,183,Shower,False,1.0,1.0,0.0
LU-occupancy_parse,184,Shower,False,0.33333333333333337,0.0,0.11916666666666664
LU-occupancy_parse,185,Shower,False,1.0,1.0,0.0
LU-occupancy_parse,186,Shower,False,1.0,1.0,0.0
LU-occupancy_parse,187,Shower,False,1.0,1.0,0.0
LU-occupancy_parse,188,Shower,False,0.33333333333333337,0.0,0.08
LU-occupancy_parse,189,Shower,False,0.33333333333333337,1.0,0.026666666666666655
LU-occupancy_parse,190,Shower,False,1.0,1.0,0.0
LU-occupancy_parse,191,Shower,False,1.0,1.0,0.0
LU-occupancy_parse,192,Shower,False,-0.33333333333333337,0.0,0.027499999999999986
LU-occupancy_parse,193,Shower,False,0.33333333333333337,0.0,0.04333333333333333
LU-occupancy_parse,194,Shower,False,-0.33333333333333337,0.0,0.08833333333333333
LU-occupancy_parse,195,Shower,False,-1.0,0.0,0.03250000000000001
FD+time_parse,1,HVAC,False,1.0,1.0,0.019166666666666648
FD+time_parse,2,HVAC,False,1.0,1.0,0.04249999999999998
FD+time_parse,3,HVAC,False,1.0,1.0,0.05083333333333334
FD+time_parse,4,HVAC,False,1.0,1.0,0.03500000000000001
FD+time_parse,5,HVAC,False,0.33333333333333337,1.0,0.02583333333333333
FD+time_parse,6,HVAC,False,1.0,1.0,0.085
FD+time_parse,7,HVAC,False,1.0,1.0,0.12583333333333332
FD+time_parse,8,HVAC,False,1.0,1.0,0.017499999999999977
FD+time_parse,9,HVAC,False,1.0,1.0,0.05166666666666667
FD+time_parse,10,HVAC,False,1.0,1.0,0.02250000000000002
FD+time_parse,11,HVAC,False,1.0,1.0,0.06749999999999999
FD+time_parse,12,HVAC,False,0.33333333333333337,1.0,0.0583333333333333
FD+time_parse,13,HVAC,False,1.0,1.0,0.10000000000000002
FD+time_parse,14,HVAC,False,1.0,1.0,0.06916666666666664
FD+time_parse,15,HVAC,False,1.0,1.0,0.06250000000000001
FD+time_parse,16,HVAC,False,1.0,1.0,0.04583333333333331
FD+time_parse,17,HVAC,False,1.0,1.0,0.07250000000000001
FD+time_parse,18,HVAC,False,1.0,1.0,0.04833333333333336
FD+time_parse,19,HVAC,False,1.0,1.0,0.065
FD+time_parse,20,HVAC,False,1.0,1.0,0.04583333333333334
FD+time_parse,21,HVAC,False,1.0,1.0,0.07416666666666667
FD+time_parse,22,HVAC,False,1.0,1.0,0.024166666666666666
FD+time_parse,23,HVAC,False,1.0,1.0,0.04583333333333334
FD+time_parse,24,HVAC,False,1.0,1.0,0.039166666666666676
FD+time_parse,25,HVAC,False,1.0,1.0,0.030000000000000002
FD+time_parse,26,HVAC,False,1.0,1.0,0.12000000000000001
FD+time_parse,27,HVAC,False,1.0,1.0,0.061666666666666654
FD+time_parse,28,HVAC,False,1.0,1.0,0.17833333333333332
FD+time_parse,29,HVAC,False,1.0,1.0,0.15
FD+time_parse,30,HVAC,False,1.0,1.0,0.03166666666666665
FD+time_parse,31,HVAC,False,1.0,1.0,0.09749999999999999
FD+time_parse,32,HVAC,False,1.0,1.0,0.15333333333333335
FD+time_parse,33,HVAC,False,1.0,1.0,0.045833333333333316
FD+time_parse,34,HVAC,False,1.0,1.0,0.04416666666666664
FD+time_parse,35,HVAC,False,1.0,1.0,0.14583333333333334
FD+time_parse,36,HVAC,False,1.0,1.0,0.010000000000000009
FD+time_parse,37,HVAC,False,1.0,1.0,0.041666666666666685
FD+time_parse,38,HVAC,False,0.33333333333333337,1.0,0.01416666666666668
FD+time_parse,39,HVAC,False,1.0,1.0,0.025833333333333337
FD+time_parse,40,HVAC,False,1.0,1.0,0.010000000000000009
FD+time_parse,41,HVAC,False,1.0,1.0,0.0050000000000000044
FD+time_parse,42,HVAC,False,1.0,1.0,0.16666666666666666
FD+time_parse,43,HVAC,False,1.0,1.0,0.03833333333333332
FD+time_parse,44,HVAC,False,0.33333333333333337,0.0,0.054166666666666675
FD+time_parse,45,HVAC,False,1.0,1.0,0.17583333333333337
FD+time_parse,46,HVAC,False,0.33333333333333337,1.0,0.15416666666666665
FD+time_parse,47,HVAC,False,1.0,1.0,0.07666666666666666
FD+time_parse,48,HVAC,False,1.0,1.0,0.1975
FD+time_parse,49,HVAC,False,1.0,1.0,0.15416666666666667
FD+time_parse,50,HVAC,False,1.0,1.0,0.04666666666666664
FD+time_parse,51,HVAC,False,0.33333333333333337,0.0,0.17666666666666667
FD+time_parse,52,HVAC,False,1.0,1.0,0.010000000000000009
FD+time_parse,53,HVAC,False,1.0,1.0,0.03333333333333332
FD+time_parse,54,HVAC,False,1.0,1.0,0.00416666666666667
FD+time_parse,55,HVAC,False,1.0,1.0,0.04416666666666667
FD+time_parse,56,HVAC,False,0.33333333333333337,0.0,0.02833333333333336
FD+time_parse,57,HVAC,False,1.0,1.0,0.1125
FD+time_parse,58,HVAC,False,1.0,1.0,0.085
FD+time_parse,59,HVAC,False,1.0,1.0,0.012500000000000002
FD+time_parse,60,HVAC,False,1.0,1.0,0.012499999999999983
FD+time_parse,61,HVAC,False,1.0,1.0,0.06166666666666667
FD+time_parse,62,HVAC,False,1.0,1.0,0.025000000000000005
FD+time_parse,63,HVAC,False,1.0,1.0,0.0575
FD+time_parse,64,HVAC,False,1.0,1.0,0.011666666666666659
FD+time_parse,65,HVAC,False,1.0,1.0,0.1608333333333333
FD+time_parse,66,HVAC,False,1.0,1.0,0.2725
FD+time_parse,67,HVAC,False,1.0,1.0,0.00833333333333334
FD+time_parse,68,HVAC,False,1.0,1.0,0.20916666666666664
FD+time_parse,69,HVAC,False,1.0,1.0,0.032499999999999994
FD+time_parse,70,HVAC,False,1.0,1.0,0.06833333333333334
FD+time_parse,71,Appliance,False,1.0,1.0,0.009999999999999981
FD+time_parse,72,Appliance,False,1.0,1.0,0.1416666666666667
FD+time_parse,73,Appliance,False,1.0,1.0,0.04250000000000002
FD+time_parse,74,Appliance,False,1.0,1.0,0.030833333333333324
FD+time_parse,75,Appliance,False,0.33333333333333337,1.0,0.17833333333333334
FD+time_parse,76,Appliance,False,1.0,1.0,0.015000000000000013
FD+time_parse,77,Appliance,False,0.33333333333333337,1.0,0.08916666666666666
FD+time_parse,78,Appliance,False,1.0,1.0,0.05583333333333334
FD+time_parse,79,Appliance,False,1.0,1.0,0.09000000000000002
FD+time_parse,80,Appliance,False,1.0,1.0,0.005833333333333339
FD+time_parse,81,Appliance,False,1.0,1.0,0.005833333333333339
FD+time_parse,82,Appliance,False,1.0,1.0,0.020833333333333315
FD+time_parse,83,Appliance,False,1.0,1.0,0.13249999999999998
FD+time_parse,84,Appliance,False,1.0,1.0,0.10999999999999999
FD+time_parse,85,Appliance,False,1.0,1.0,0.0050000000000000044
FD+time_parse,86,Appliance,False,1.0,1.0,0.0675
FD+time_parse,87,Appliance,False,1.0,1.0,0.020833333333333325
FD+time_parse,88,Appliance,False,1.0,1.0,0.16833333333333333
FD+time_parse,89,Appliance,False,1.0,1.0,0.032499999999999994
FD+time_parse,90,Appliance,False,1.0,1.0,0.005833333333333339
FD+time_parse,91,Appliance,False,1.0,1.0,0.022499999999999992
FD+time_parse,92,Appliance,False,1.0,1.0,0.1725
FD+time_parse,93,Appliance,False,0.33333333333333337,1.0,0.13499999999999998
FD+time_parse,94,Appliance,False,1.0,1.0,0.006666666666666672
FD+time_parse,95,Appliance,False,1.0,1.0,0.11666666666666668
FD+time_parse,96,Appliance,False,1.0,1.0,0.019999999999999962
FD+time_parse,97,Appliance,False,1.0,1.0,0.135
FD+time_parse,98,Appliance,False,1.0,1.0,0.18416666666666667
FD+time_parse,99,Appliance,False,1.0,1.0,0.0050000000000000044
FD+time_parse,100,Appliance,False,1.0,1.0,0.019166666666666655
FD+time_parse,101,Appliance,False,1.0,1.0,0.17
FD+time_parse,102,Appliance,False,1.0,1.0,0.04833333333333332
FD+time_parse,103,Appliance,False,1.0,1.0,0.01833333333333335
FD+time_parse,104,Appliance,False,1.0,1.0,0.00416666666666667
FD+time_parse,105,Appliance,False,1.0,1.0,0.07083333333333335
FD+time_parse,106,Appliance,False,1.0,1.0,0.03
FD+time_parse,107,Appliance,False,1.0,1.0,0.07666666666666667
FD+time_parse,108,Appliance,False,1.0,1.0,0.01166666666666665
FD+time_parse,109,Appliance,False,1.0,1.0,0.020833333333333315
FD+time_parse,110,Appliance,False,1.0,1.0,0.1583333333333333
FD+time_parse,111,Appliance,False,0.33333333333333337,1.0,0.034166666666666685
FD+time_parse,112,Appliance,False,1.0,1.0,0.03916666666666665
FD+time_parse,113,Appliance,False,1.0,1.0,0.03166666666666667
FD+time_parse,114,Appliance,False,1.0,1.0,0.019999999999999962
FD+time_parse,115,Appliance,False,1.0,1.0,0.005833333333333339
FD+time_parse,116,Appliance,False,1.0,1.0,0.03249999999999997
FD+time_parse,117,Appliance,False,1.0,1.0,0.10833333333333332
FD+time_parse,118,Appliance,False,1.0,1.0,0.019166666666666648
FD+time_parse,119,Appliance,False,1.0,1.0,0.02416666666666666
FD+time_parse,120,Appliance,False,1.0,1.0,0.10833333333333334
FD+time_parse,121,Appliance,False,1.0,1.0,0.027500000000000024
FD+time_parse,122,Appliance,False,1.0,1.0,0.06833333333333334
FD+time_parse,123,Appliance,False,1.0,1.0,0.013333333333333345
FD+time_parse,124,Appliance,False,1.0,1.0,0.07833333333333332
FD+time_parse,125,Appliance,False,1.0,1.0,0.0341666666666667
FD+time_parse,126,Appliance,False,1.0,1.0,0.007499999999999997
FD+time_parse,127,Appliance,False,1.0,1.0,0.019166666666666655
FD+time_parse,128,Appliance,False,1.0,1.0,0.07916666666666668
FD+time_parse,129,Appliance,False,1.0,1.0,0.02833333333333336
FD+time_parse,130,Appliance,False,1.0,1.0,0.013333333333333308
FD+time_parse,131,Appliance,False,1.0,1.0,0.10083333333333333
FD+time_parse,132,Appliance,False,1.0,1.0,0.018333333333333302
FD+time_parse,133,Appliance,False,1.0,1.0,0.030833333333333324
FD+time_parse,134,Appliance,False,1.0,1.0,0.06916666666666667
FD+time_parse,135,Appliance,False,1.0,1.0,0.013333333333333345
FD+time_parse,136,Shower,False,-1.0,0.0,0.12
FD+time_parse,137,Shower,False,0.33333333333333337,1.0,0.1425
FD+time_parse,138,Shower,False,0.33333333333333337,0.0,0.11833333333333333
FD+time_parse,139,Shower,False,1.0,1.0,0.023333333333333334
FD+time_parse,140,Shower,False,0.33333333333333337,0.0,0.13416666666666668
FD+time_parse,141,Shower,False,1.0,1.0,0.029166666666666664
FD+time_parse,142,Shower,False,-0.33333333333333337,0.0,0.1025
FD+time_parse,143,Shower,False,0.33333333333333337,0.0,0.10916666666666668
FD+time_parse,144,Shower,False,1.0,1.0,0.016666666666666666
FD+time_parse,145,Shower,False,1.0,1.0,0.09166666666666667
FD+time_parse,146,Shower,False,1.0,1.0,0.09833333333333333
FD+time_parse,147,Shower,False,1.0,1.0,0.029166666666666664
FD+time_parse,148,Shower,False,1.0,1.0,0.0
FD+time_parse,149,Shower,False,1.0,1.0,0.09083333333333334
FD+time_parse,150,Shower,False,1.0,1.0,0.1366666666666667
FD+time_parse,151,Shower,False,1.0,1.0,0.0675
FD+time_parse,152,Shower,False,1.0,1.0,0.049166666666666664
FD+time_parse,153,Shower,False,1.0,1.0,0.13333333333333333
FD+time_parse,154,Shower,False,0.33333333333333337,1.0,0.08666666666666667
FD+time_parse,155,Shower,False,1.0,1.0,0.050833333333333335
FD+time_parse,156,Shower,False,1.0,1.0,0.0625
FD+time_parse,157,Shower,False,1.0,1.0,0.07083333333333333
FD+time_parse,158,Shower,False,1.0,1.0,0.12000000000000001
FD+time_parse,159,Shower,False,1.0,1.0,0.13416666666666668
FD+time_parse,160,Shower,False,1.0,1.0,0.13249999999999998
FD+time_parse,161,Shower,False,1.0,1.0,0.05416666666666666
FD+time_parse,162,Shower,False,1.0,1.0,0.023333333333333334
FD+time_parse,163,Shower,False,1.0,1.0,0.0575
FD+time_parse,164,Shower,False,1.0,1.0,0.0
FD+time_parse,165,Shower,False,1.0,1.0,0.06083333333333333
FD+time_parse,166,Shower,False,0.33333333333333337,0.0,0.09500000000000001
FD+time_parse,167,Shower,False,1.0,1.0,0.041666666666666664
FD+time_parse,168,Shower,False,0.33333333333333337,0.0,0.09250000000000001
FD+time_parse,169,Shower,False,1.0,1.0,0.024999999999999998
FD+time_parse,170,Shower,False,1.0,1.0,0.0
FD+time_parse,171,Shower,False,1.0,1.0,0.0
FD+time_parse,172,Shower,False,1.0,1.0,0.06416666666666666
FD+time_parse,173,Shower,False,1.0,1.0,0.0
FD+time_parse,174,Shower,False,1.0,1.0,0.06333333333333334
FD+time_parse,175,Shower,False,1.0,1.0,0.0
FD+time_parse,176,Shower,False,1.0,1.0,0.0
FD+time_parse,177,Shower,False,1.0,1.0,0.06
FD+time_parse,178,Shower,False,1.0,1.0,0.0
FD+time_parse,179,Shower,False,1.0,1.0,0.0
FD+time_parse,180,Shower,False,1.0,1.0,0.09749999999999999
FD+time_parse,181,Shower,False,1.0,1.0,0.15416666666666665
FD+time_parse,182,Shower,False,1.0,1.0,0.03833333333333333
FD+time_parse,183,Shower,False,1.0,1.0,0.0
FD+time_parse,184,Shower,False,1.0,1.0,0.09583333333333333
FD+time_parse,185,Shower,False,1.0,1.0,0.0
FD+time_parse,186,Shower,False,1.0,1.0,0.0
FD+time_parse,187,Shower,False,1.0,1.0,0.0
FD+time_parse,188,Shower,False,1.0,1.0,0.06
FD+time_parse,189,Shower,False,-0.33333333333333337,0.0,0.03166666666666668
FD+time_parse,190,Shower,False,1.0,1.0,0.0
FD+time_parse,191,Shower,False,1.0,1.0,0.0
FD+time_parse,192,Shower,False,0.33333333333333337,1.0,0.03333333333333335
FD+time_parse,193,Shower,False,-1.0,0.0,0.13499999999999998
FD+time_parse,194,Shower,False,1.0,1.0,0.08833333333333333
FD+time_parse,195,Shower,False,1.0,1.0,0.03583333333333333
LU-time_parse,1,HVAC,False,1.0,1.0,0.04250000000000002
LU-time_parse,2,HVAC,False,1.0,1.0,0.027499999999999986
LU-time_parse,3,HVAC,False,1.0,1.0,0.04749999999999999
LU-time_parse,4,HVAC,False,1.0,1.0,0.03333333333333335
LU-time_parse,5,HVAC,False,0.33333333333333337,1.0,0.021666666666666685
LU-time_parse,6,HVAC,False,1.0,1.0,0.0
LU-time_parse,7,HVAC,False,1.0,1.0,0.03416666666666665
LU-time_parse,8,HVAC,False,1.0,1.0,0.045833333333333316
LU-time_parse,9,HVAC,False,1.0,1.0,0.026666666666666672
LU-time_parse,10,HVAC,False,1.0,1.0,0.0050000000000000044
LU-time_parse,11,HVAC,False,1.0,1.0,0.01833333333333334
LU-time_parse,12,HVAC,False,1.0,1.0,0.01999999999999998
LU-time_parse,13,HVAC,False,1.0,1.0,0.04749999999999996
LU-time_parse,14,HVAC,False,1.0,1.0,0.028333333333333283
LU-time_parse,15,HVAC,False,1.0,1.0,0.03416666666666667
LU-time_parse,16,HVAC,False,1.0,1.0,0.03083333333333334
LU-time_parse,17,HVAC,False,1.0,1.0,0.026666666666666672
LU-time_parse,18,HVAC,False,1.0,1.0,0.020833333333333353
LU-time_parse,19,HVAC,False,1.0,1.0,0.047499999999999994
LU-time_parse,20,HVAC,False,1.0,1.0,0.01833333333333333
LU-time_parse,21,HVAC,False,1.0,1.0,0.014999999999999994
LU-time_parse,22,HVAC,False,1.0,1.0,0.018333333333333326
LU-time_parse,23,HVAC,False,1.0,1.0,0.03416666666666668
LU-time_parse,24,HVAC,False,1.0,1.0,0.04416666666666666
LU-time_parse,25,HVAC,False,1.0,1.0,0.060000000000000005
LU-time_parse,26,HVAC,False,1.0,1.0,0.02416666666666667
LU-time_parse,27,HVAC,False,1.0,1.0,0.055833333333333325
LU-time_parse,28,HVAC,False,1.0,1.0,0.0
LU-time_parse,29,HVAC,False,1.0,1.0,0.0050000000000000044
LU-time_parse,30,HVAC,False,1.0,1.0,0.004166666666666652
LU-time_parse,31,HVAC,False,1.0,1.0,0.04166666666666668
LU-time_parse,32,HVAC,False,1.0,1.0,0.012500000000000002
LU-time_parse,33,HVAC,False,1.0,1.0,0.08166666666666665
LU-time_parse,34,HVAC,False,1.0,1.0,0.035833333333333335
LU-time_parse,35,HVAC,False,1.0,1.0,0.014166666666666662
LU-time_parse,36,HVAC,False,1.0,1.0,0.010000000000000009
LU-time_parse,37,HVAC,False,1.0,1.0,0.030000000000000013
LU-time_parse,38,HVAC,False,1.0,1.0,0.0025000000000000022
LU-time_parse,39,HVAC,False,1.0,1.0,0.001666666666666668
LU-time_parse,40,HVAC,False,1.0,1.0,0.02416666666666668
LU-time_parse,41,HVAC,False,1.0,1.0,0.0024999999999999974
LU-time_parse,42,HVAC,False,1.0,1.0,0.008333333333333337
LU-time_parse,43,HVAC,False,1.0,1.0,0.04249999999999998
LU-time_parse,44,HVAC,False,1.0,1.0,0.01666666666666668
LU-time_parse,45,HVAC,False,1.0,1.0,0.05166666666666667
LU-time_parse,46,HVAC,False,1.0,1.0,0.011666666666666659
LU-time_parse,47,HVAC,False,1.0,1.0,0.04
LU-time_parse,48,HVAC,False,1.0,1.0,0.07416666666666667
LU-time_parse,49,HVAC,False,1.0,1.0,0.021666666666666667
LU-time_parse,50,HVAC,False,1.0,1.0,0.10083333333333333
LU-time_parse,51,HVAC,False,1.0,1.0,0.007500000000000007
LU-time_parse,52,HVAC,False,1.0,1.0,0.010000000000000009
LU-time_parse,53,HVAC,False,1.0,1.0,0.03249999999999998
LU-time_parse,54,HVAC,False,0.33333333333333337,0.0,0.020000000000000018
LU-time_parse,55,HVAC,False,1.0,1.0,0.03166666666666667
LU-time_parse,56,HVAC,False,0.33333333333333337,0.0,0.030000000000000016
LU-time_parse,57,HVAC,False,1.0,1.0,0.07916666666666666
LU-time_parse,58,HVAC,False,1.0,1.0,0.05916666666666667
LU-time_parse,59,HVAC,False,1.0,1.0,0.04083333333333331
LU-time_parse,60,HVAC,False,1.0,1.0,0.012499999999999983
LU-time_parse,61,HVAC,False,1.0,1.0,0.034999999999999996
LU-time_parse,62,HVAC,False,1.0,1.0,0.03333333333333333
LU-time_parse,63,HVAC,False,1.0,1.0,0.03166666666666668
LU-time_parse,64,HVAC,False,1.0,1.0,0.013333333333333327
LU-time_parse,65,HVAC,False,1.0,1.0,0.01999999999999999
LU-time_parse,66,HVAC,False,1.0,1.0,0.0033333333333333353
LU-time_parse,67,HVAC,False,1.0,1.0,0.018333333333333326
LU-time_parse,68,HVAC,False,1.0,1.0,0.0050000000000000044
LU-time_parse,69,HVAC,False,1.0,1.0,0.013333333333333327
LU-time_parse,70,HVAC,False,1.0,1.0,0.0775
LU-time_parse,71,Appliance,False,0.33333333333333337,0.0,0.13583333333333333
LU-time_parse,72,Appliance,False,1.0,1.0,0.1416666666666667
LU-time_parse,73,Appliance,False,0.33333333333333337,1.0,0.17000000000000004
LU-time_parse,74,Appliance,False,-1.0,0.0,0.21083333333333334
LU-time_parse,75,Appliance,False,1.0,1.0,0.23083333333333333
LU-time_parse,76,Appliance,False,-1.0,0.0,0.17416666666666666
LU-time_parse,77,Appliance,False,-1.0,0.0,0.21999999999999995
LU-time_parse,78,Appliance,False,-1.0,0.0,0.18166666666666664
LU-time_parse,79,Appliance,False,0.33333333333333337,1.0,0.2508333333333333
LU-time_parse,80,Appliance,False,1.0,1.0,0.005833333333333339
LU-time_parse,81,Appliance,False,1.0,1.0,0.036666666666666674
LU-time_parse,82,Appliance,False,0.33333333333333337,0.0,0.1708333333333333
LU-time_parse,83,Appliance,False,0.33333333333333337,0.0,0.285
LU-time_parse,84,Appliance,False,-0.33333333333333337,0.0,0.22999999999999998
LU-time_parse,85,Appliance,False,-0.33333333333333337,0.0,0.07
LU-time_parse,86,Appliance,False,-0.33333333333333337,0.0,0.1775
LU-time_parse,87,Appliance,False,-0.33333333333333337,0.0,0.08499999999999998
LU-time_parse,88,Appliance,False,0.33333333333333337,0.0,0.26166666666666666
LU-time_parse,89,Appliance,False,-0.33333333333333337,0.0,0.12333333333333334
LU-time_parse,90,Appliance,False,0.33333333333333337,0.0,0.06166666666666667
LU-time_parse,91,Appliance,False,1.0,1.0,0.022499999999999992
LU-time_parse,92,Appliance,False,0.33333333333333337,0.0,0.2433333333333333
LU-time_parse,93,Appliance,False,-0.33333333333333337,0.0,0.22583333333333333
LU-time_parse,94,Appliance,False,0.33333333333333337,0.0,0.14333333333333337
LU-time_parse,95,Appliance,False,-0.33333333333333337,0.0,0.285
LU-time_parse,96,Appliance,False,1.0,1.0,0.04916666666666663
LU-time_parse,97,Appliance,False,0.33333333333333337,0.0,0.2875
LU-time_parse,98,Appliance,False,-0.33333333333333337,0.0,0.3491666666666667
LU-time_parse,99,Appliance,False,0.33333333333333337,0.0,0.10333333333333333
LU-time_parse,100,Appliance,False,1.0,1.0,0.08249999999999998
LU-time_parse,101,Appliance,False,-0.33333333333333337,0.0,0.27499999999999997
LU-time_parse,102,Appliance,False,0.33333333333333337,0.0,0.17333333333333334
LU-time_parse,103,Appliance,False,1.0,1.0,0.01833333333333335
LU-time_parse,104,Appliance,False,1.0,1.0,0.035833333333333335
LU-time_parse,105,Appliance,False,-1.0,0.0,0.22833333333333336
LU-time_parse,106,Appliance,False,-1.0,0.0,0.1775
LU-time_parse,107,Appliance,False,0.33333333333333337,0.0,0.1441666666666667
LU-time_parse,108,Appliance,False,-1.0,0.0,0.18500000000000003
LU-time_parse,109,Appliance,False,-1.0,0.0,0.21583333333333332
LU-time_parse,110,Appliance,False,-0.33333333333333337,0.0,0.28500000000000003
LU-time_parse,111,Appliance,False,0.33333333333333337,0.0,0.18833333333333335
LU-time_parse,112,Appliance,False,-0.33333333333333337,0.0,0.25666666666666665
LU-time_parse,113,Appliance,False,-0.33333333333333337,0.0,0.16499999999999995
LU-time_parse,114,Appliance,False,0.33333333333333337,0.0,0.1483333333333333
LU-time_parse,115,Appliance,False,1.0,1.0,0.005833333333333339
LU-time_parse,116,Appliance,False,0.33333333333333337,1.0,0.1558333333333333
LU-time_parse,117,Appliance,False,0.33333333333333337,0.0,0.22249999999999995
LU-time_parse,118,Appliance,False,-0.33333333333333337,0.0,0.11916666666666666
LU-time_parse,119,Appliance,False,-1.0,0.0,0.12166666666666665
LU-time_parse,120,Appliance,False,-0.33333333333333337,0.0,0.22750000000000004
LU-time_parse,121,Appliance,False,-1.0,0.0,0.2633333333333334
LU-time_parse,122,Appliance,False,0.33333333333333337,0.0,0.26500000000000007
LU-time_parse,123,Appliance,False,1.0,1.0,0.04666666666666668
LU-time_parse,124,Appliance,False,0.33333333333333337,1.0,0.15999999999999998
LU-time_parse,125,Appliance,False,1.0,1.0,0.07083333333333336
LU-time_parse,126,Appliance,False,0.33333333333333337,0.0,0.1475
LU-time_parse,127,Appliance,False,1.0,1.0,0.04416666666666665
LU-time_parse,128,Appliance,False,0.33333333333333337,0.0,0.2191666666666667
LU-time_parse,129,Appliance,False,-1.0,0.0,0.2025
LU-time_parse,130,Appliance,False,0.33333333333333337,0.0,0.11666666666666664
LU-time_parse,131,Appliance,False,1.0,1.0,0.10083333333333333
LU-time_parse,132,Appliance,False,0.33333333333333337,0.0,0.15166666666666664
LU-time_parse,133,Appliance,False,0.33333333333333337,0.0,0.11749999999999998
LU-time_parse,134,Appliance,False,1.0,1.0,0.06916666666666667
LU-time_parse,135,Appliance,False,-1.0,0.0,0.14166666666666666
LU-time_parse,136,Shower,False,1.0,1.0,0.04750000000000001
LU-time_parse,137,Shower,False,1.0,1.0,0.041666666666666664
LU-time_parse,138,Shower,False,1.0,1.0,0.0
LU-time_parse,139,Shower,False,1.0,1.0,0.023333333333333334
LU-time_parse,140,Shower,False,1.0,1.0,0.023333333333333334
LU-time_parse,141,Shower,False,1.0,1.0,0.029166666666666664
LU-time_parse,142,Shower,False,1.0,1.0,0.0
LU-time_parse,143,Shower,False,1.0,1.0,0.0
LU-time_parse,144,Shower,False,1.0,1.0,0.016666666666666666
LU-time_parse,145,Shower,False,1.0,1.0,0.02583333333333333
LU-time_parse,146,Shower,False,1.0,1.0,0.025833333333333333
LU-time_parse,147,Shower,False,1.0,1.0,0.029166666666666664
LU-time_parse,148,Shower,False,1.0,1.0,0.0
LU-time_parse,149,Shower,False,1.0,1.0,0.03166666666666667
LU-time_parse,150,Shower,False,1.0,1.0,0.030833333333333338
LU-time_parse,151,Shower,False,1.0,1.0,0.0
LU-time_parse,152,Shower,False,1.0,1.0,0.06916666666666667
LU-time_parse,153,Shower,False,1.0,1.0,0.0
LU-time_parse,154,Shower,False,0.33333333333333337,0.0,0.08
LU-time_parse,155,Shower,False,1.0,1.0,0.050833333333333335
LU-time_parse,156,Shower,False,1.0,1.0,0.0625
LU-time_parse,157,Shower,False,1.0,1.0,0.047499999999999994
LU-time_parse,158,Shower,False,1.0,1.0,0.03833333333333332
LU-time_parse,159,Shower,False,1.0,1.0,0.04083333333333333
LU-time_parse,160,Shower,False,1.0,1.0,0.011666666666666665
LU-time_parse,161,Shower,False,0.33333333333333337,0.0,0.07416666666666666
LU-time_parse,162,Shower,False,1.0,1.0,0.023333333333333334
LU-time_parse,163,Shower,False,1.0,1.0,0.07749999999999999
LU-time_parse,164,Shower,False,1.0,1.0,0.0
LU-time_parse,165,Shower,False,1.0,1.0,0.08583333333333333
LU-time_parse,166,Shower,False,1.0,1.0,0.11583333333333333
LU-time_parse,167,Shower,False,1.0,1.0,0.041666666666666664
LU-time_parse,168,Shower,False,1.0,1.0,0.11416666666666665
LU-time_parse,169,Shower,False,1.0,1.0,0.024999999999999998
LU-time_parse,170,Shower,False,1.0,1.0,0.0
LU-time_parse,171,Shower,False,1.0,1.0,0.0
LU-time_parse,172,Shower,False,1.0,1.0,0.06416666666666666
LU-time_parse,173,Shower,False,1.0,1.0,0.0
LU-time_parse,174,Shower,False,1.0,1.0,0.06416666666666665
LU-time_parse,175,Shower,False,1.0,1.0,0.0
LU-time_parse,176,Shower,False,1.0,1.0,0.0
LU-time_parse,177,Shower,False,0.33333333333333337,0.0,0.08
LU-time_parse,178,Shower,False,1.0,1.0,0.0
LU-time_parse,179,Shower,False,1.0,1.0,0.0
LU-time_parse,180,Shower,False,1.0,1.0,0.09749999999999999
LU-time_parse,181,Shower,False,1.0,1.0,0.0
LU-time_parse,182,Shower,False,0.33333333333333337,1.0,0.0375
LU-time_parse,183,Shower,False,1.0,1.0,0.0
LU-time_parse,184,Shower,False,0.33333333333333337,0.0,0.11916666666666664
LU-time_parse,185,Shower,False,1.0,1.0,0.0
LU-time_parse,186,Shower,False,1.0,1.0,0.0
LU-time_parse,187,Shower,False,1.0,1.0,0.0
LU-time_parse,188,Shower,False,0.33333333333333337,0.0,0.08
LU-time_parse,189,Shower,False,0.33333333333333337,1.0,0.026666666666666655
LU-time_parse,190,Shower,False,1.0,1.0,0.0
LU-time_parse,191,Shower,False,1.0,1.0,0.0
LU-time_parse,192,Shower,False,-0.33333333333333337,0.0,0.027499999999999986
LU-time_parse,193,Shower,False,0.33333333333333337,0.0,0.04333333333333333
LU-time_parse,194,Shower,False,-0.33333333333333337,0.0,0.08833333333333333
LU-time_parse,195,Shower,False,-1.0,0.0,0.03250000000000001
FD+gpm_mid,1,HVAC,False,1.0,1.0,0.019166666666666648
FD+gpm_mid,2,HVAC,False,1.0,1.0,0.04249999999999998
FD+gpm_mid,3,HVAC,False,1.0,1.0,0.05083333333333334
FD+gpm_mid,4,HVAC,False,1.0,1.0,0.03500000000000001
FD+gpm_mid,5,HVAC,False,0.33333333333333337,1.0,0.02583333333333333
FD+gpm_mid,6,HVAC,False,1.0,1.0,0.085
FD+gpm_mid,7,HVAC,False,1.0,1.0,0.12583333333333332
FD+gpm_mid,8,HVAC,False,1.0,1.0,0.017499999999999977
FD+gpm_mid,9,HVAC,False,1.0,1.0,0.05166666666666667
FD+gpm_mid,10,HVAC,False,1.0,1.0,0.02250000000000002
FD+gpm_mid,11,HVAC,False,1.0,1.0,0.06749999999999999
FD+gpm_mid,12,HVAC,False,0.33333333333333337,1.0,0.0583333333333333
FD+gpm_mid,13,HVAC,False,1.0,1.0,0.10000000000000002
FD+gpm_mid,14,HVAC,False,1.0,1.0,0.06916666666666664
FD+gpm_mid,15,HVAC,False,1.0,1.0,0.06250000000000001
FD+gpm_mid,16,HVAC,False,1.0,1.0,0.04583333333333331
FD+gpm_mid,17,HVAC,False,1.0,1.0,0.07250000000000001
FD+gpm_mid,18,HVAC,False,1.0,1.0,0.04833333333333336
FD+gpm_mid,19,HVAC,False,1.0,1.0,0.065
FD+gpm_mid,20,HVAC,False,1.0,1.0,0.04583333333333334
FD+gpm_mid,21,HVAC,False,1.0,1.0,0.07416666666666667
FD+gpm_mid,22,HVAC,False,1.0,1.0,0.024166666666666666
FD+gpm_mid,23,HVAC,False,1.0,1.0,0.04583333333333334
FD+gpm_mid,24,HVAC,False,1.0,1.0,0.039166666666666676
FD+gpm_mid,25,HVAC,False,1.0,1.0,0.030000000000000002
FD+gpm_mid,26,HVAC,False,1.0,1.0,0.12000000000000001
FD+gpm_mid,27,HVAC,False,1.0,1.0,0.061666666666666654
FD+gpm_mid,28,HVAC,False,1.0,1.0,0.17833333333333332
FD+gpm_mid,29,HVAC,False,1.0,1.0,0.15
FD+gpm_mid,30,HVAC,False,1.0,1.0,0.03166666666666665
FD+gpm_mid,31,HVAC,False,1.0,1.0,0.09749999999999999
FD+gpm_mid,32,HVAC,False,1.0,1.0,0.15333333333333335
FD+gpm_mid,33,HVAC,False,1.0,1.0,0.045833333333333316
FD+gpm_mid,34,HVAC,False,1.0,1.0,0.04416666666666664
FD+gpm_mid,35,HVAC,False,1.0,1.0,0.14583333333333334
FD+gpm_mid,36,HVAC,False,1.0,1.0,0.010000000000000009
FD+gpm_mid,37,HVAC,False,1.0,1.0,0.041666666666666685
FD+gpm_mid,38,HVAC,False,0.33333333333333337,1.0,0.01416666666666668
FD+gpm_mid,39,HVAC,False,1.0,1.0,0.025833333333333337
FD+gpm_mid,40,HVAC,False,1.0,1.0,0.010000000000000009
FD+gpm_mid,41,HVAC,False,1.0,1.0,0.0050000000000000044
FD+gpm_mid,42,HVAC,False,1.0,1.0,0.16666666666666666
FD+gpm_mid,43,HVAC,False,1.0,1.0,0.03833333333333332
FD+gpm_mid,44,HVAC,False,0.33333333333333337,0.0,0.054166666666666675
FD+gpm_mid,45,HVAC,False,1.0,1.0,0.17583333333333337
FD+gpm_mid,46,HVAC,False,0.33333333333333337,1.0,0.15416666666666665
FD+gpm_mid,47,HVAC,False,1.0,1.0,0.07666666666666666
FD+gpm_mid,48,HVAC,False,1.0,1.0,0.1975
FD+gpm_mid,49,HVAC,False,1.0,1.0,0.15416666666666667
FD+gpm_mid,50,HVAC,False,1.0,1.0,0.04666666666666664
FD+gpm_mid,51,HVAC,False,0.33333333333333337,0.0,0.17666666666666667
FD+gpm_mid,52,HVAC,False,1.0,1.0,0.010000000000000009
FD+gpm_mid,53,HVAC,False,1.0,1.0,0.03333333333333332
FD+gpm_mid,54,HVAC,False,1.0,1.0,0.00416666666666667
FD+gpm_mid,55,HVAC,False,1.0,1.0,0.04416666666666667
FD+gpm_mid,56,HVAC,False,0.33333333333333337,0.0,0.02833333333333336
FD+gpm_mid,57,HVAC,False,1.0,1.0,0.1125
FD+gpm_mid,58,HVAC,False,1.0,1.0,0.085
FD+gpm_mid,59,HVAC,False,1.0,1.0,0.012500000000000002
FD+gpm_mid,60,HVAC,False,1.0,1.0,0.012499999999999983
FD+gpm_mid,61,HVAC,False,1.0,1.0,0.06166666666666667
FD+gpm_mid,62,HVAC,False,1.0,1.0,0.025000000000000005
FD+gpm_mid,63,HVAC,False,1.0,1.0,0.0575
FD+gpm_mid,64,HVAC,False,1.0,1.0,0.011666666666666659
FD+gpm_mid,65,HVAC,False,1.0,1.0,0.1608333333333333
FD+gpm_mid,66,HVAC,False,1.0,1.0,0.2725
FD+gpm_mid,67,HVAC,False,1.0,1.0,0.00833333333333334
FD+gpm_mid,68,HVAC,False,1.0,1.0,0.20916666666666664
FD+gpm_mid,69,HVAC,False,1.0,1.0,0.032499999999999994
FD+gpm_mid,70,HVAC,False,1.0,1.0,0.06833333333333334
FD+gpm_mid,71,Appliance,False,0.33333333333333337,0.0,0.13583333333333333
FD+gpm_mid,72,Appliance,False,1.0,1.0,0.1416666666666667
FD+gpm_mid,73,Appliance,False,0.33333333333333337,1.0,0.17000000000000004
FD+gpm_mid,74,Appliance,False,-1.0,0.0,0.21083333333333334
FD+gpm_mid,75,Appliance,False,1.0,1.0,0.23083333333333333
FD+gpm_mid,76,Appliance,False,-1.0,0.0,0.17416666666666666
FD+gpm_mid,77,Appliance,False,-1.0,0.0,0.21999999999999995
FD+gpm_mid,78,Appliance,False,-1.0,0.0,0.18166666666666664
FD+gpm_mid,79,Appliance,False,0.33333333333333337,1.0,0.2508333333333333
FD+gpm_mid,80,Appliance,False,1.0,1.0,0.005833333333333339
FD+gpm_mid,81,Appliance,False,1.0,1.0,0.036666666666666674
FD+gpm_mid,82,Appliance,False,0.33333333333333337,0.0,0.1708333333333333
FD+gpm_mid,83,Appliance,False,0.33333333333333337,0.0,0.285
FD+gpm_mid,84,Appliance,False,-0.33333333333333337,0.0,0.22999999999999998
FD+gpm_mid,85,Appliance,False,-0.33333333333333337,0.0,0.07
FD+gpm_mid,86,Appliance,False,-0.33333333333333337,0.0,0.1775
FD+gpm_mid,87,Appliance,False,-0.33333333333333337,0.0,0.08499999999999998
FD+gpm_mid,88,Appliance,False,0.33333333333333337,0.0,0.26166666666666666
FD+gpm_mid,89,Appliance,False,-0.33333333333333337,0.0,0.12333333333333334
FD+gpm_mid,90,Appliance,False,0.33333333333333337,0.0,0.06166666666666667
FD+gpm_mid,91,Appliance,False,1.0,1.0,0.022499999999999992
FD+gpm_mid,92,Appliance,False,0.33333333333333337,0.0,0.2433333333333333
FD+gpm_mid,93,Appliance,False,-0.33333333333333337,0.0,0.22583333333333333
FD+gpm_mid,94,Appliance,False,0.33333333333333337,0.0,0.14333333333333337
FD+gpm_mid,95,Appliance,False,-0.33333333333333337,0.0,0.285
FD+gpm_mid,96,Appliance,False,1.0,1.0,0.04916666666666663
FD+gpm_mid,97,Appliance,False,0.33333333333333337,0.0,0.2875
FD+gpm_mid,98,Appliance,False,-0.33333333333333337,0.0,0.3491666666666667
FD+gpm_mid,99,Appliance,False,0.33333333333333337,0.0,0.10333333333333333
FD+gpm_mid,100,Appliance,False,1.0,1.0,0.08249999999999998
FD+gpm_mid,101,Appliance,False,-0.33333333333333337,0.0,0.27499999999999997
FD+gpm_mid,102,Appliance,False,0.33333333333333337,0.0,0.17333333333333334
FD+gpm_mid,103,Appliance,False,1.0,1.0,0.01833333333333335
FD+gpm_mid,104,Appliance,False,1.0,1.0,0.035833333333333335
FD+gpm_mid,105,Appliance,False,-1.0,0.0,0.22833333333333336
FD+gpm_mid,106,Appliance,False,-1.0,0.0,0.1775
FD+gpm_mid,107,Appliance,False,0.33333333333333337,0.0,0.1441666666666667
FD+gpm_mid,108,Appliance,False,-1.0,0.0,0.18500000000000003
FD+gpm_mid,109,Appliance,False,-1.0,0.0,0.21583333333333332
FD+gpm_mid,110,Appliance,False,-0.33333333333333337,0.0,0.28500000000000003
FD+gpm_mid,111,Appliance,False,0.33333333333333337,0.0,0.18833333333333335
FD+gpm_mid,112,Appliance,False,-0.33333333333333337,0.0,0.25666666666666665
FD+gpm_mid,113,Appliance,False,-0.33333333333333337,0.0,0.16499999999999995
FD+gpm_mid,114,Appliance,False,0.33333333333333337,0.0,0.1483333333333333
FD+gpm_mid,115,Appliance,False,1.0,1.0,0.005833333333333339
FD+gpm_mid,116,Appliance,False,0.33333333333333337,1.0,0.1558333333333333
FD+gpm_mid,117,Appliance,False,0.33333333333333337,0.0,0.22249999999999995
FD+gpm_mid,118,Appliance,False,-0.33333333333333337,0.0,0.11916666666666666
FD+gpm_mid,119,Appliance,False,-1.0,0.0,0.12166666666666665
FD+gpm_mid,120,Appliance,False,-0.33333333333333337,0.0,0.22750000000000004
FD+gpm_mid,121,Appliance,False,-1.0,0.0,0.2633333333333334
FD+gpm_mid,122,Appliance,False,0.33333333333333337,0.0,0.26500000000000007
FD+gpm_mid,123,Appliance,False,1.0,1.0,0.04666666666666668
FD+gpm_mid,124,Appliance,False,0.33333333333333337,1.0,0.15999999999999998
FD+gpm_mid,125,Appliance,False,1.0,1.0,0.07083333333333336
FD+gpm_mid,126,Appliance,False,0.33333333333333337,0.0,0.1475
FD+gpm_mid,127,Appliance,False,1.0,1.0,0.04416666666666665
FD+gpm_mid,128,Appliance,False,0.33333333333333337,0.0,0.2191666666666667
FD+gpm_mid,129,Appliance,False,-1.0,0.0,0.2025
FD+gpm_mid,130,Appliance,False,0.33333333333333337,0.0,0.11666666666666664
FD+gpm_mid,131,Appliance,False,1.0,1.0,0.10083333333333333
FD+gpm_mid,132,Appliance,False,0.33333333333333337,0.0,0.15166666666666664
FD+gpm_mid,133,Appliance,False,0.33333333333333337,0.0,0.11749999999999998
FD+gpm_mid,134,Appliance,False,1.0,1.0,0.06916666666666667
FD+gpm_mid,135,Appliance,False,-1.0,0.0,0.14166666666666666
FD+gpm_mid,136,Shower,False,1.0,1.0,0.04750000000000001
FD+gpm_mid,137,Shower,False,1.0,1.0,0.041666666666666664
FD+gpm_mid,138,Shower,False,1.0,1.0,0.0
FD+gpm_mid,139,Shower,False,1.0,1.0,0.023333333333333334
FD+gpm_mid,140,Shower,False,1.0,1.0,0.023333333333333334
FD+gpm_mid,141,Shower,False,1.0,1.0,0.029166666666666664
FD+gpm_mid,142,Shower,False,1.0,1.0,0.0
FD+gpm_mid,143,Shower,False,1.0,1.0,0.0
FD+gpm_mid,144,Shower,False,1.0,1.0,0.016666666666666666
FD+gpm_mid,145,Shower,False,1.0,1.0,0.02583333333333333
FD+gpm_mid,146,Shower,False,1.0,1.0,0.025833333333333333
FD+gpm_mid,147,Shower,False,1.0,1.0,0.029166666666666664
FD+gpm_mid,148,Shower,False,1.0,1.0,0.0
FD+gpm_mid,149,Shower,False,1.0,1.0,0.03166666666666667
FD+gpm_mid,150,Shower,False,1.0,1.0,0.030833333333333338
FD+gpm_mid,151,Shower,False,1.0,1.0,0.0
FD+gpm_mid,152,Shower,False,1.0,1.0,0.06916666666666667
FD+gpm_mid,153,Shower,False,1.0,1.0,0.0
FD+gpm_mid,154,Shower,False,0.33333333333333337,0.0,0.08
FD+gpm_mid,155,Shower,False,1.0,1.0,0.050833333333333335
FD+gpm_mid,156,Shower,False,1.0,1.0,0.0625
FD+gpm_mid,157,Shower,False,1.0,1.0,0.047499999999999994
FD+gpm_mid,158,Shower,False,1.0,1.0,0.03833333333333332
FD+gpm_mid,159,Shower,False,1.0,1.0,0.04083333333333333
FD+gpm_mid,160,Shower,False,1.0,1.0,0.011666666666666665
FD+gpm_mid,161,Shower,False,0.33333333333333337,0.0,0.07416666666666666
FD+gpm_mid,162,Shower,False,1.0,1.0,0.023333333333333334
FD+gpm_mid,163,Shower,False,1.0,1.0,0.07749999999999999
FD+gpm_mid,164,Shower,False,1.0,1.0,0.0
FD+gpm_mid,165,Shower,False,1.0,1.0,0.08583333333333333
FD+gpm_mid,166,Shower,False,1.0,1.0,0.11583333333333333
FD+gpm_mid,167,Shower,False,1.0,1.0,0.041666666666666664
FD+gpm_mid,168,Shower,False,1.0,1.0,0.11416666666666665
FD+gpm_mid,169,Shower,False,1.0,1.0,0.024999999999999998
FD+gpm_mid,170,Shower,False,1.0,1.0,0.0
FD+gpm_mid,171,Shower,False,1.0,1.0,0.0
FD+gpm_mid,172,Shower,False,1.0,1.0,0.06416666666666666
FD+gpm_mid,173,Shower,False,1.0,1.0,0.0
FD+gpm_mid,174,Shower,False,1.0,1.0,0.06416666666666665
FD+gpm_mid,175,Shower,False,1.0,1.0,0.0
FD+gpm_mid,176,Shower,False,1.0,1.0,0.0
FD+gpm_mid,177,Shower,False,0.33333333333333337,0.0,0.08
FD+gpm_mid,178,Shower,False,1.0,1.0,0.0
FD+gpm_mid,179,Shower,False,1.0,1.0,0.0
FD+gpm_mid,180,Shower,False,1.0,1.0,0.09749999999999999
FD+gpm_mid,181,Shower,False,1.0,1.0,0.0
FD+gpm_mid,182,Shower,False,0.33333333333333337,1.0,0.0375
FD+gpm_mid,183,Shower,False,1.0,1.0,0.0
FD+gpm_mid,184,Shower,False,0.33333333333333337,0.0,0.11916666666666664
FD+gpm_mid,185,Shower,False,1.0,1.0,0.0
FD+gpm_mid,186,Shower,False,1.0,1.0,0.0
FD+gpm_mid,187,Shower,False,1.0,1.0,0.0
FD+gpm_mid,188,Shower,False,0.33333333333333337,0.0,0.08
FD+gpm_mid,189,Shower,False,0.33333333333333337,1.0,0.026666666666666655
FD+gpm_mid,190,Shower,False,1.0,1.0,0.0
FD+gpm_mid,191,Shower,False,1.0,1.0,0.0
FD+gpm_mid,192,Shower,False,-0.33333333333333337,0.0,0.027499999999999986
FD+gpm_mid,193,Shower,False,0.33333333333333337,0.0,0.04333333333333333
FD+gpm_mid,194,Shower,False,-0.33333333333333337,0.0,0.08833333333333333
FD+gpm_mid,195,Shower,False,-1.0,0.0,0.03250000000000001
LU-gpm_mid,1,HVAC,False,1.0,1.0,0.04250000000000002
LU-gpm_mid,2,HVAC,False,1.0,1.0,0.027499999999999986
LU-gpm_mid,3,HVAC,False,1.0,1.0,0.04749999999999999
LU-gpm_mid,4,HVAC,False,1.0,1.0,0.03333333333333335
LU-gpm_mid,5,HVAC,False,0.33333333333333337,1.0,0.021666666666666685
LU-gpm_mid,6,HVAC,False,1.0,1.0,0.0
LU-gpm_mid,7,HVAC,False,1.0,1.0,0.03416666666666665
LU-gpm_mid,8,HVAC,False,1.0,1.0,0.045833333333333316
LU-gpm_mid,9,HVAC,False,1.0,1.0,0.026666666666666672
LU-gpm_mid,10,HVAC,False,1.0,1.0,0.0050000000000000044
LU-gpm_mid,11,HVAC,False,1.0,1.0,0.01833333333333334
LU-gpm_mid,12,HVAC,False,1.0,1.0,0.01999999999999998
LU-gpm_mid,13,HVAC,False,1.0,1.0,0.04749999999999996
LU-gpm_mid,14,HVAC,False,1.0,1.0,0.028333333333333283
LU-gpm_mid,15,HVAC,False,1.0,1.0,0.03416666666666667
LU-gpm_mid,16,HVAC,False,1.0,1.0,0.03083333333333334
LU-gpm_mid,17,HVAC,False,1.0,1.0,0.026666666666666672
LU-gpm_mid,18,HVAC,False,1.0,1.0,0.020833333333333353
LU-gpm_mid,19,HVAC,False,1.0,1.0,0.047499999999999994
LU-gpm_mid,20,HVAC,False,1.0,1.0,0.01833333333333333
LU-gpm_mid,21,HVAC,False,1.0,1.0,0.014999999999999994
LU-gpm_mid,22,HVAC,False,1.0,1.0,0.018333333333333326
LU-gpm_mid,23,HVAC,False,1.0,1.0,0.03416666666666668
LU-gpm_mid,24,HVAC,False,1.0,1.0,0.04416666666666666
LU-gpm_mid,25,HVAC,False,1.0,1.0,0.060000000000000005
LU-gpm_mid,26,HVAC,False,1.0,1.0,0.02416666666666667
LU-gpm_mid,27,HVAC,False,1.0,1.0,0.055833333333333325
LU-gpm_mid,28,HVAC,False,1.0,1.0,0.0
LU-gpm_mid,29,HVAC,False,1.0,1.0,0.0050000000000000044
LU-gpm_mid,30,HVAC,False,1.0,1.0,0.004166666666666652
LU-gpm_mid,31,HVAC,False,1.0,1.0,0.04166666666666668
LU-gpm_mid,32,HVAC,False,1.0,1.0,0.012500000000000002
LU-gpm_mid,33,HVAC,False,1.0,1.0,0.08166666666666665
LU-gpm_mid,34,HVAC,False,1.0,1.0,0.035833333333333335
LU-gpm_mid,35,HVAC,False,1.0,1.0,0.014166666666666662
LU-gpm_mid,36,HVAC,False,1.0,1.0,0.010000000000000009
LU-gpm_mid,37,HVAC,False,1.0,1.0,0.030000000000000013
LU-gpm_mid,38,HVAC,False,1.0,1.0,0.0025000000000000022
LU-gpm_mid,39,HVAC,False,1.0,1.0,0.001666666666666668
LU-gpm_mid,40,HVAC,False,1.0,1.0,0.02416666666666668
LU-gpm_mid,41,HVAC,False,1.0,1.0,0.0024999999999999974
LU-gpm_mid,42,HVAC,False,1.0,1.0,0.008333333333333337
LU-gpm_mid,43,HVAC,False,1.0,1.0,0.04249999999999998
LU-gpm_mid,44,HVAC,False,1.0,1.0,0.01666666666666668
LU-gpm_mid,45,HVAC,False,1.0,1.0,0.05166666666666667
LU-gpm_mid,46,HVAC,False,1.0,1.0,0.011666666666666659
LU-gpm_mid,47,HVAC,False,1.0,1.0,0.04
LU-gpm_mid,48,HVAC,False,1.0,1.0,0.07416666666666667
LU-gpm_mid,49,HVAC,False,1.0,1.0,0.021666666666666667
LU-gpm_mid,50,HVAC,False,1.0,1.0,0.10083333333333333
LU-gpm_mid,51,HVAC,False,1.0,1.0,0.007500000000000007
LU-gpm_mid,52,HVAC,False,1.0,1.0,0.010000000000000009
LU-gpm_mid,53,HVAC,False,1.0,1.0,0.03249999999999998
LU-gpm_mid,54,HVAC,False,0.33333333333333337,0.0,0.020000000000000018
LU-gpm_mid,55,HVAC,False,1.0,1.0,0.03166666666666667
LU-gpm_mid,56,HVAC,False,0.33333333333333337,0.0,0.030000000000000016
LU-gpm_mid,57,HVAC,False,1.0,1.0,0.07916666666666666
LU-gpm_mid,58,HVAC,False,1.0,1.0,0.05916666666666667
LU-gpm_mid,59,HVAC,False,1.0,1.0,0.04083333333333331
LU-gpm_mid,60,HVAC,False,1.0,1.0,0.012499999999999983
LU-gpm_mid,61,HVAC,False,1.0,1.0,0.034999999999999996
LU-gpm_mid,62,HVAC,False,1.0,1.0,0.03333333333333333
LU-gpm_mid,63,HVAC,False,1.0,1.0,0.03166666666666668
LU-gpm_mid,64,HVAC,False,1.0,1.0,0.013333333333333327
LU-gpm_mid,65,HVAC,False,1.0,1.0,0.01999999999999999
LU-gpm_mid,66,HVAC,False,1.0,1.0,0.0033333333333333353
LU-gpm_mid,67,HVAC,False,1.0,1.0,0.018333333333333326
LU-gpm_mid,68,HVAC,False,1.0,1.0,0.0050000000000000044
LU-gpm_mid,69,HVAC,False,1.0,1.0,0.013333333333333327
LU-gpm_mid,70,HVAC,False,1.0,1.0,0.0775
LU-gpm_mid,71,Appliance,False,1.0,1.0,0.009999999999999981
LU-gpm_mid,72,Appliance,False,1.0,1.0,0.1416666666666667
LU-gpm_mid,73,Appliance,False,1.0,1.0,0.04250000000000002
LU-gpm_mid,74,Appliance,False,1.0,1.0,0.030833333333333324
LU-gpm_mid,75,Appliance,False,0.33333333333333337,1.0,0.17833333333333334
LU-gpm_mid,76,Appliance,False,1.0,1.0,0.015000000000000013
LU-gpm_mid,77,Appliance,False,0.33333333333333337,1.0,0.08916666666666666
LU-gpm_mid,78,Appliance,False,1.0,1.0,0.05583333333333334
LU-gpm_mid,79,Appliance,False,1.0,1.0,0.09000000000000002
LU-gpm_mid,80,Appliance,False,1.0,1.0,0.005833333333333339
LU-gpm_mid,81,Appliance,False,1.0,1.0,0.005833333333333339
LU-gpm_mid,82,Appliance,False,1.0,1.0,0.020833333333333315
LU-gpm_mid,83,Appliance,False,1.0,1.0,0.13249999999999998
LU-gpm_mid,84,Appliance,False,1.0,1.0,0.10999999999999999
LU-gpm_mid,85,Appliance,False,1.0,1.0,0.0050000000000000044
LU-gpm_mid,86,Appliance,False,1.0,1.0,0.0675
LU-gpm_mid,87,Appliance,False,1.0,1.0,0.020833333333333325
LU-gpm_mid,88,Appliance,False,1.0,1.0,0.16833333333333333
LU-gpm_mid,89,Appliance,False,1.0,1.0,0.032499999999999994
LU-gpm_mid,90,Appliance,False,1.0,1.0,0.005833333333333339
LU-gpm_mid,91,Appliance,False,1.0,1.0,0.022499999999999992
LU-gpm_mid,92,Appliance,False,1.0,1.0,0.1725
LU-gpm_mid,93,Appliance,False,0.33333333333333337,1.0,0.13499999999999998
LU-gpm_mid,94,Appliance,False,1.0,1.0,0.006666666666666672
LU-gpm_mid,95,Appliance,False,1.0,1.0,0.11666666666666668
LU-gpm_mid,96,Appliance,False,1.0,1.0,0.019999999999999962
LU-gpm_mid,97,Appliance,False,1.0,1.0,0.135
LU-gpm_mid,98,Appliance,False,1.0,1.0,0.18416666666666667
LU-gpm_mid,99,Appliance,False,1.0,1.0,0.0050000000000000044
LU-gpm_mid,100,Appliance,False,1.0,1.0,0.019166666666666655
LU-gpm_mid,101,Appliance,False,1.0,1.0,0.17
LU-gpm_mid,102,Appliance,False,1.0,1.0,0.04833333333333332
LU-gpm_mid,103,Appliance,False,1.0,1.0,0.01833333333333335
LU-gpm_mid,104,Appliance,False,1.0,1.0,0.00416666666666667
LU-gpm_mid,105,Appliance,False,1.0,1.0,0.07083333333333335
LU-gpm_mid,106,Appliance,False,1.0,1.0,0.03
LU-gpm_mid,107,Appliance,False,1.0,1.0,0.07666666666666667
LU-gpm_mid,108,Appliance,False,1.0,1.0,0.01166666666666665
LU-gpm_mid,109,Appliance,False,1.0,1.0,0.020833333333333315
LU-gpm_mid,110,Appliance,False,1.0,1.0,0.1583333333333333
LU-gpm_mid,111,Appliance,False,0.33333333333333337,1.0,0.034166666666666685
LU-gpm_mid,112,Appliance,False,1.0,1.0,0.03916666666666665
LU-gpm_mid,113,Appliance,False,1.0,1.0,0.03166666666666667
LU-gpm_mid,114,Appliance,False,1.0,1.0,0.019999999999999962
LU-gpm_mid,115,Appliance,False,1.0,1.0,0.005833333333333339
LU-gpm_mid,116,Appliance,False,1.0,1.0,0.03249999999999997
LU-gpm_mid,117,Appliance,False,1.0,1.0,0.10833333333333332
LU-gpm_mid,118,Appliance,False,1.0,1.0,0.019166666666666648
LU-gpm_mid,119,Appliance,False,1.0,1.0,0.02416666666666666
LU-gpm_mid,120,Appliance,False,1.0,1.0,0.10833333333333334
LU-gpm_mid,121,Appliance,False,1.0,1.0,0.027500000000000024
LU-gpm_mid,122,Appliance,False,1.0,1.0,0.06833333333333334
LU-gpm_mid,123,Appliance,False,1.0,1.0,0.013333333333333345
LU-gpm_mid,124,Appliance,False,1.0,1.0,0.07833333333333332
LU-gpm_mid,125,Appliance,False,1.0,1.0,0.0341666666666667
LU-gpm_mid,126,Appliance,False,1.0,1.0,0.007499999999999997
LU-gpm_mid,127,Appliance,False,1.0,1.0,0.019166666666666655
LU-gpm_mid,128,Appliance,False,1.0,1.0,0.07916666666666668
LU-gpm_mid,129,Appliance,False,1.0,1.0,0.02833333333333336
LU-gpm_mid,130,Appliance,False,1.0,1.0,0.013333333333333308
LU-gpm_mid,131,Appliance,False,1.0,1.0,0.10083333333333333
LU-gpm_mid,132,Appliance,False,1.0,1.0,0.018333333333333302
LU-gpm_mid,133,Appliance,False,1.0,1.0,0.030833333333333324
LU-gpm_mid,134,Appliance,False,1.0,1.0,0.06916666666666667
LU-gpm_mid,135,Appliance,False,1.0,1.0,0.013333333333333345
LU-gpm_mid,136,Shower,False,-1.0,0.0,0.12
LU-gpm_mid,137,Shower,False,0.33333333333333337,1.0,0.1425
LU-gpm_mid,138,Shower,False,0.33333333333333337,0.0,0.11833333333333333
LU-gpm_mid,139,Shower,False,1.0,1.0,0.023333333333333334
LU-gpm_mid,140,Shower,False,0.33333333333333337,0.0,0.13416666666666668
LU-gpm_mid,141,Shower,False,1.0,1.0,0.029166666666666664
LU-gpm_mid,142,Shower,False,-0.33333333333333337,0.0,0.1025
LU-gpm_mid,143,Shower,False,0.33333333333333337,0.0,0.10916666666666668
LU-gpm_mid,144,Shower,False,1.0,1.0,0.016666666666666666
LU-gpm_mid,145,Shower,False,1.0,1.0,0.09166666666666667
LU-gpm_mid,146,Shower,False,1.0,1.0,0.09833333333333333
LU-gpm_mid,147,Shower,False,1.0,1.0,0.029166666666666664
LU-gpm_mid,148,Shower,False,1.0,1.0,0.0
LU-gpm_mid,149,Shower,False,1.0,1.0,0.09083333333333334
LU-gpm_mid,150,Shower,False,1.0,1.0,0.1366666666666667
LU-gpm_mid,151,Shower,False,1.0,1.0,0.0675
LU-gpm_mid,152,Shower,False,1.0,1.0,0.049166666666666664
LU-gpm_mid,153,Shower,False,1.0,1.0,0.13333333333333333
LU-gpm_mid,154,Shower,False,0.33333333333333337,1.0,0.08666666666666667
LU-gpm_mid,155,Shower,False,1.0,1.0,0.050833333333333335
LU-gpm_mid,156,Shower,False,1.0,1.0,0.0625
LU-gpm_mid,157,Shower,False,1.0,1.0,0.07083333333333333
LU-gpm_mid,158,Shower,False,1.0,1.0,0.12000000000000001
LU-gpm_mid,159,Shower,False,1.0,1.0,0.13416666666666668
LU-gpm_mid,160,Shower,False,1.0,1.0,0.13249999999999998
LU-gpm_mid,161,Shower,False,1.0,1.0,0.05416666666666666
LU-gpm_mid,162,Shower,False,1.0,1.0,0.023333333333333334
LU-gpm_mid,163,Shower,False,1.0,1.0,0.0575
LU-gpm_mid,164,Shower,False,1.0,1.0,0.0
LU-gpm_mid,165,Shower,False,1.0,1.0,0.06083333333333333
LU-gpm_mid,166,Shower,False,0.33333333333333337,0.0,0.09500000000000001
LU-gpm_mid,167,Shower,False,1.0,1.0,0.041666666666666664
LU-gpm_mid,168,Shower,False,0.33333333333333337,0.0,0.09250000000000001
LU-gpm_mid,169,Shower,False,1.0,1.0,0.024999999999999998
LU-gpm_mid,170,Shower,False,1.0,1.0,0.0
LU-gpm_mid,171,Shower,False,1.0,1.0,0.0
LU-gpm_mid,172,Shower,False,1.0,1.0,0.06416666666666666
LU-gpm_mid,173,Shower,False,1.0,1.0,0.0
LU-gpm_mid,174,Shower,False,1.0,1.0,0.06333333333333334
LU-gpm_mid,175,Shower,False,1.0,1.0,0.0
LU-gpm_mid,176,Shower,False,1.0,1.0,0.0
LU-gpm_mid,177,Shower,False,1.0,1.0,0.06
LU-gpm_mid,178,Shower,False,1.0,1.0,0.0
LU-gpm_mid,179,Shower,False,1.0,1.0,0.0
LU-gpm_mid,180,Shower,False,1.0,1.0,0.09749999999999999
LU-gpm_mid,181,Shower,False,1.0,1.0,0.15416666666666665
LU-gpm_mid,182,Shower,False,1.0,1.0,0.03833333333333333
LU-gpm_mid,183,Shower,False,1.0,1.0,0.0
LU-gpm_mid,184,Shower,False,1.0,1.0,0.09583333333333333
LU-gpm_mid,185,Shower,False,1.0,1.0,0.0
LU-gpm_mid,186,Shower,False,1.0,1.0,0.0
LU-gpm_mid,187,Shower,False,1.0,1.0,0.0
LU-gpm_mid,188,Shower,False,1.0,1.0,0.06
LU-gpm_mid,189,Shower,False,-0.33333333333333337,0.0,0.03166666666666668
LU-gpm_mid,190,Shower,False,1.0,1.0,0.0
LU-gpm_mid,191,Shower,False,1.0,1.0,0.0
LU-gpm_mid,192,Shower,False,0.33333333333333337,1.0,0.03333333333333335
LU-gpm_mid,193,Shower,False,-1.0,0.0,0.13499999999999998
LU-gpm_mid,194,Shower,False,1.0,1.0,0.08833333333333333
LU-gpm_mid,195,Shower,False,1.0,1.0,0.03583333333333333
